id	label_en	synonym_en	label_ja	synonym_ja
E250			１１β−水酸化酵素欠損症	
E250			１７α−水酸化酵素欠損症	
Q561			１７β−ヒドロキシステロイド脱水素酵素欠損症	
E250			１８−水酸化酵素欠損症	
Q935			１８ｑ欠失症候群	
Q913			１８常染色体異常	
Q935			１ｐ３６欠失症候群	
Q878			１ｑ部分重複症候群	
J9690			１型呼吸不全	
K861			１型自己免疫性膵炎	
E10			１型糖尿病	
E106			１型糖尿病・関節合併症あり	
E103			１型糖尿病・眼合併症あり	
E101			１型糖尿病・ケトアシドーシス合併あり	
E100			１型糖尿病・昏睡合併あり	
E104			１型糖尿病・神経学的合併症あり	
E102			１型糖尿病・腎合併症あり	
E107			１型糖尿病・多発糖尿病性合併症あり	
E106			１型糖尿病・糖尿病性合併症あり	
E109			１型糖尿病・糖尿病性合併症なし	
E105			１型糖尿病・末梢循環合併症あり	
E103			１型糖尿病黄斑症	
O240			１型糖尿病合併妊娠	
E101			１型糖尿病性アシドーシス	
E101			１型糖尿病性アセトン血症	
E106			１型糖尿病性胃腸症	
E105			１型糖尿病性壊疽	
E103			１型糖尿病性黄斑浮腫	
E105			１型糖尿病性潰瘍	
E106			１型糖尿病性肝障害	
E106			１型糖尿病性関節症	
E103			１型糖尿病性眼筋麻痺	
E104			１型糖尿病性筋萎縮症	
E105			１型糖尿病性血管障害	
E101			１型糖尿病性ケトーシス	
E101			１型糖尿病性ケトアシドーシス	
E106			１型糖尿病性高血糖高浸透圧症候群	
E106			１型糖尿病性高コレステロール血症	
E103			１型糖尿病性虹彩炎	
E106			１型糖尿病性骨症	
E100			１型糖尿病性昏睡	
E104			１型糖尿病性神経因性膀胱	
E104			１型糖尿病性神経痛	
E104			１型糖尿病性自律神経ニューロパチー	
E102			１型糖尿病性腎硬化症	
E102			１型糖尿病性腎症	
E102			１型糖尿病性腎症第１期	
E102			１型糖尿病性腎症第２期	
E102			１型糖尿病性腎症第３期	
E102			１型糖尿病性腎症第３期Ａ	
E102			１型糖尿病性腎症第３期Ｂ	
E102			１型糖尿病性腎症第４期	
E102			１型糖尿病性腎症第５期	
E102			１型糖尿病性腎不全	
E106			１型糖尿病性水疱	
E106			１型糖尿病性精神障害	
E106			１型糖尿病性そう痒症	
E104			１型糖尿病性多発ニューロパチー	
E104			１型糖尿病性単ニューロパチー	
E103			１型糖尿病性中心性網膜症	
E100			１型糖尿病性低血糖性昏睡	
E105			１型糖尿病性動脈硬化症	
E105			１型糖尿病性動脈閉塞症	
E104			１型糖尿病性ニューロパチー	
E103			１型糖尿病性白内障	
E106			１型糖尿病性皮膚障害	
E106			１型糖尿病性浮腫性硬化症	
E105			１型糖尿病性末梢血管症	
E105			１型糖尿病性末梢血管障害	
E104			１型糖尿病性末梢神経障害	
E103			１型糖尿病性網膜症	
N258			１型尿細管性アシドーシス	
D551			Ｉ型溶血性非球状赤血球性貧血	
A300			Ｉ群ハンセン病	
D460			１系統に異形成を伴う不応性血球減少症	
R942			１秒率低下	
R942			１秒量低下	
E250			２１−水酸化酵素欠損症	
Q938			２２ｑ１１．２欠失症候群	
J9691			２型呼吸不全	
Q779			２型コラーゲン異常症関連疾患	
K861			２型自己免疫性膵炎	
E11			２型糖尿病	
E116			２型糖尿病・関節合併症あり	
E113			２型糖尿病・眼合併症あり	
E111			２型糖尿病・ケトアシドーシス合併あり	
E110			２型糖尿病・昏睡合併あり	
E114			２型糖尿病・神経学的合併症あり	
E112			２型糖尿病・腎合併症あり	
E117			２型糖尿病・多発糖尿病性合併症あり	
E116			２型糖尿病・糖尿病性合併症あり	
E119			２型糖尿病・糖尿病性合併症なし	
E115			２型糖尿病・末梢循環合併症あり	
E113			２型糖尿病黄斑症	
O241			２型糖尿病合併妊娠	
E111			２型糖尿病性アシドーシス	
E111			２型糖尿病性アセトン血症	
E116			２型糖尿病性胃腸症	
E115			２型糖尿病性壊疽	
E113			２型糖尿病性黄斑浮腫	
E115			２型糖尿病性潰瘍	
E116			２型糖尿病性肝障害	
E116			２型糖尿病性関節症	
E113			２型糖尿病性眼筋麻痺	
E114			２型糖尿病性筋萎縮症	
E115			２型糖尿病性血管障害	
E111			２型糖尿病性ケトーシス	
E111			２型糖尿病性ケトアシドーシス	
E116			２型糖尿病性高血糖高浸透圧症候群	
E116			２型糖尿病性高コレステロール血症	
E113			２型糖尿病性虹彩炎	
E116			２型糖尿病性骨症	
E110			２型糖尿病性昏睡	
E114			２型糖尿病性神経因性膀胱	
E114			２型糖尿病性神経痛	
E114			２型糖尿病性自律神経ニューロパチー	
E112			２型糖尿病性腎硬化症	
E112			２型糖尿病性腎症	
E112			２型糖尿病性腎症第１期	
E112			２型糖尿病性腎症第２期	
E112			２型糖尿病性腎症第３期	
E112			２型糖尿病性腎症第３期Ａ	
E112			２型糖尿病性腎症第３期Ｂ	
E112			２型糖尿病性腎症第４期	
E112			２型糖尿病性腎症第５期	
E112			２型糖尿病性腎不全	
E116			２型糖尿病性水疱	
E116			２型糖尿病性精神障害	
E116			２型糖尿病性そう痒症	
E114			２型糖尿病性多発ニューロパチー	
E114			２型糖尿病性単ニューロパチー	
E113			２型糖尿病性中心性網膜症	
E110			２型糖尿病性低血糖性昏睡	
E115			２型糖尿病性動脈硬化症	
E115			２型糖尿病性動脈閉塞症	
E114			２型糖尿病性ニューロパチー	
E113			２型糖尿病性白内障	
E116			２型糖尿病性皮膚障害	
E116			２型糖尿病性浮腫性硬化症	
E115			２型糖尿病性末梢血管症	
E115			２型糖尿病性末梢血管障害	
E114			２型糖尿病性末梢神経障害	
E114			２型糖尿病性ミオパチー	
E113			２型糖尿病性網膜症	
N258			２型尿細管性アシドーシス	
D552			ＩＩ型溶血性非球状赤血球性貧血	
E711			３−メチルグルタコン酸尿症	
E250			３β−水酸化ステロイド脱水素酵素欠損症	
Q991			４６ＸＸ真性半陰陽	
Q562			４６ＸＸ性分化疾患	
Q991			４６ＸＸ卵精巣性性分化疾患	
Q561			４６ＸＹ性分化疾患	
Q933			４ｐ欠失症候群	
E274			４型尿細管性アシドーシス	
H534			４分の１半盲	
T888			４分の３冠過高	
T888			４分の３冠粗造	
T888			４分の３冠脱離	
T888			４分の３冠低位	
T888			４分の３冠破損	
T888			４分の３冠不適合	
E291			５−アルファ還元酵素欠損症	
Q934			５ｐ欠失症候群	
D466			５ｑ−症候群	
E291			５アルファ−還元酵素欠損症	
T888			５分の４冠過高	
T888			５分の４冠粗造	
T888			５分の４冠脱離	
T888			５分の４冠低位	
T888			５分の４冠破損	
T888			５分の４冠不適合	
Q878			９ｑ３４欠失症候群	
P551			ＡＢＯ因子不適合	
T803			ＡＢＯ因子不適合輸血	
P551			ＡＢＯ溶血性疾患	
E240			ＡＣＴＨ産生下垂体腺腫	
E240			ＡＣＴＨ産生腫瘍	
E230			ＡＣＴＨ単独欠損症	
E230			ＡＣＴＨ分泌低下症	
Z951			ＡＣバイパス術後	
T822			ＡＣバイパス術後機械的合併症	
D898			ＡＤＡ２欠損症	
D813			ＡＤＡ欠乏症	
R947			ＡＤＨ異常	
R772			ＡＦＰ高値	
E858			ＡＨアミロイドーシス	
B24			ＡＩＤＳ	
B24			ＡＩＤＳ関連症候群	
R75			ＡＩＤＳ検査陽性	
C847			ＡＬＫ陰性未分化大細胞リンパ腫	
C349			ＡＬＫ融合遺伝子陽性非小細胞肺癌	
C833			ＡＬＫ陽性大細胞型Ｂ細胞性リンパ腫	
C846			ＡＬＫ陽性未分化大細胞リンパ腫	
E858			ＡＬアミロイドーシス	
E270			ＡＭＥ症候群	
M318			ＡＮＣＡ関連血管炎	
N017			ＡＮＣＡ関連腎炎	
Q870			ＡＴＲ−Ｘ症候群	
Q279			ＡＶＭ	
B159			Ａ型肝炎	
H501			Ａ型外斜視	
B150			Ａ型劇症肝炎	
Q390			Ａ型食道閉鎖	
H500			Ａ型内斜視	
A400			Ａ群連鎖球菌敗血症	
A303			ＢＢ型ハンセン病	
T881			ＢＣＧ副反応	
C910			ＢＣＲ−ＡＢＬ１陽性Ｂリンパ芽球性白血病	
C910			ＢＣＲ−ＡＢＬ１陽性Ｂリンパ芽球性白血病／リンパ腫	
C835			ＢＣＲ−ＡＢＬ１陽性Ｂリンパ芽球性リンパ腫	
E701			ＢＨ４反応性高フェニルアラニン血症	
N12			ＢＫウイルス腎症	
A492			ＢＬＮＡＲ感染症	
A304			ＢＬ型ハンセン病	
C439			ＢＲＡＦ遺伝子変異陽性悪性黒色腫	
A302			ＢＴ型ハンセン病	
B004			Ｂウイルス病	
E13			Ｂ型インスリン受容体異常症	
B169			Ｂ型肝炎	
B169			Ｂ型肝炎ウイルス感染	
Z861			Ｂ型肝炎ウイルス感染の既往	
P002			Ｂ型肝炎ウイルス感染母体より出生した児	
B169			Ｂ型肝炎ウイルス性関節炎	
O984			Ｂ型肝炎合併妊娠	
B181			Ｂ型肝硬変	
B169			Ｂ型急性肝炎	
B162			Ｂ型劇症肝炎	
B181			Ｂ型代償性肝硬変	
B181			Ｂ型非代償性肝硬変	
B181			Ｂ型慢性肝炎	
A491			Ｂ群溶連菌感染症	
P002			Ｂ群溶連菌感染母体より出生した児	
M0025			Ｂ群溶連菌性化膿性股関節炎	
Z223			Ｂ群溶連菌保菌者	
P233			Ｂ群連鎖球菌性先天性肺炎	
J153			Ｂ群連鎖球菌肺炎	
A401			Ｂ群連鎖球菌敗血症	
D477			Ｂ細胞性移植後リンパ増殖性疾患	
C913			Ｂ細胞性前リンパ球性白血病	
C851			Ｂ細胞性非ホジキンリンパ腫	
C910			Ｂリンパ芽球性白血病	
C910			Ｂリンパ芽球性白血病／リンパ腫	
C835			Ｂリンパ芽球性リンパ腫	
R778			ＣＡ１２５高値	
R778			ＣＡ１５−３高値	
R778			ＣＡ１９−９高値	
E713			ＣＡＣＴ欠損症	
T888			ＣＡＤ／ＣＡＭ冠過高	
T888			ＣＡＤ／ＣＡＭ冠粗造	
T888			ＣＡＤ／ＣＡＭ冠脱離	
T888			ＣＡＤ／ＣＡＭ冠低位	
T888			ＣＡＤ／ＣＡＭ冠破損	
T888			ＣＡＤ／ＣＡＭ冠不適合	
F011			ＣＡＤＡＳＩＬ	
T856			ＣＡＰＤカテーテル位置異常	
T857			ＣＡＰＤカテーテルトンネル感染	
T856			ＣＡＰＤカテーテル破損	
T857			ＣＡＰＤ出口部感染	
T857			ＣＡＰＤ腹膜炎	
F011			ＣＡＲＡＳＩＬ	
C915			ＣＣＲ４陽性成人Ｔ細胞白血病リンパ腫	
C848			ＣＣＲ４陽性皮膚Ｔ細胞リンパ腫	
C844			ＣＣＲ４陽性末梢性Ｔ細胞リンパ腫	
C851			ＣＤ２０陽性Ｂ細胞性非ホジキンリンパ腫	
D818			ＣＤ８欠損症	
R778			ＣＥＡ高値	
Q878			ＣＦＣ症候群	
Q878			ＣＨＡＲＧＥ症候群	
Q878			ＣＨＩＬＤ症候群	
S630			ＣＭ関節脱臼	
M1994			ＣＭ関節変形性関節症	
R068			ＣＯ２ナルコーシス	
E713			ＣＰＴ１欠損症	
E713			ＣＰＴ２欠損症	
D71			ＣＲ３欠損症	
E240			ＣＲＨ産生腫瘍	
R778			ＣＹＦＲＡ高値	
K028			Ｃ管理中	
B182			Ｃ型肝炎	
B182			Ｃ型肝炎ウイルス感染	
Z861			Ｃ型肝炎ウイルス感染の既往	
P002			Ｃ型肝炎ウイルス感染母体より出生した児	
B182			Ｃ型肝炎ウイルス性関節炎	
O984			Ｃ型肝炎合併妊娠	
B182			Ｃ型肝硬変	
B171			Ｃ型急性肝炎	
B171			Ｃ型劇症肝炎	
Q391			Ｃ型食道閉鎖	
B182			Ｃ型代償性肝硬変	
B182			Ｃ型非代償性肝硬変	
B182			Ｃ型慢性肝炎	
A408			Ｃ群連鎖球菌敗血症	
K028			Ｃ選療	
E274			ＤＡＸ−１異常症	
M1314			ＤＩＰ関節炎	
S6261			ＤＩＰ関節開放性脱臼骨折	
S631			ＤＩＰ関節脱臼	
S6260			ＤＩＰ関節脱臼骨折	
S6260			ＤＩＰ関節内骨折	
S636			ＤＩＰ関節捻挫	
M674			ＤＩＰ関節部ガングリオン	
M1994			ＤＩＰ関節変形性関節症	
B178			Ｄ型肝炎	
A402			Ｄ群連鎖球菌敗血症	
O360			Ｄ不適合	
C910			Ｅ２Ａ−ＰＢＸ１陽性Ｂリンパ芽球性白血病	
C910			Ｅ２Ａ−ＰＢＸ１陽性Ｂリンパ芽球性白血病／リンパ腫	
C835			Ｅ２Ａ−ＰＢＸ１陽性Ｂリンパ芽球性リンパ腫	
B270			ＥＢウイルス肝炎	
B338			ＥＢウイルス感染症	
D823			ＥＢウイルス関連免疫不全症	
B270			ＥＢウイルス伝染性単核症	
J128			ＥＢウイルス肺炎	
R768			ＥＤＴＡ依存性偽性血小板減少症	
C349			ＥＧＦＲ遺伝子変異陽性非小細胞肺癌	
K858			ＥＲＣＰ後膵炎	
A499			ＥＳＢＬ産生菌感染症	
T810			ＥＳＷＬ後腎皮膜下血腫	
E078			Ｅｕｔｈｙｒｏｉｄ　Ｓｉｃｋ症候群	
B172			Ｅ型肝炎	
B172			Ｅ型劇症肝炎	
O360			Ｅ不適合	
E741			ＦＢＰａｓｅ欠損症	
D352			ＦＳＨ産生下垂体腺腫	
E230			ＦＳＨ単独欠損症	
D550			Ｇ６ＰＤ欠乏性貧血	
E888			ＧＡＢＡアミノ基転移酵素欠損症	
E742			ＧＡＬＥ欠損症	
E742			ＧＡＬＴ欠損症	
E751			ＧＭ１ガングリオシドーシス	
E750			ＧＭ２ガングリオシドーシス	
E750			ＧＭ２ガングリオシドーシス１型	
E750			ＧＭ２ガングリオシドーシス２型	
E751			ＧＭ３ガングリオシドーシス	
T860			ＧＶＨＤ・骨髄移植後	
T868			ＧＶＨＤ・臍帯血移植後	
T868			ＧＶＨＤ・末梢血幹細胞移植後	
A408			Ｇ群連鎖球菌敗血症	
E713			ＨＡＤＨ欠損症	
Z225			ＨＢＶキャリア	
R768			ＨＢｃ抗体検査陽性	
R768			ＨＢｅ抗原検査陽性	
R768			ＨＢｓ抗原検査陽性	
R768			ＨＢｓ抗体検査陽性	
B169			ＨＢウイルス腎症	
G378			ＨＣＡＨＣ	
Z225			ＨＣＶキャリア	
R768			ＨＣＶ抗体検査陽性	
B171			ＨＣウイルス腎症	
G318			ＨＤＬＳ	
O142			ＨＥＬＬＰ症候群	
C169			ＨＥＲ２陽性胃癌	
C509			ＨＥＲ２陽性乳癌	
Z225			ＨＥＶキャリア	
C838			ＨＨＶ８多中心性キャッスルマン病随伴大細胞型Ｂ細胞性リンパ腫	
B24			ＨＩＶ−１感染症	
B24			ＨＩＶ−２感染症	
B210			ＨＩＶカポジ肉腫	
B206			ＨＩＶカリニ肺炎	
B221			ＨＩＶ間質性肺炎	
B204			ＨＩＶカンジダ病	
B24			ＨＩＶ感染	
B24			ＨＩＶ感染症	
B220			ＨＩＶ感染症の認知症	
P002			ＨＩＶ感染母体より出生した児	
Z21			ＨＩＶキャリア	
R75			ＨＩＶ検査陽性	
B202			ＨＩＶサイトメガロウイルス感染症	
B238			ＨＩＶ腎症	
B220			ＨＩＶ脳症	
B211			ＨＩＶバーキットリンパ腫	
B200			ＨＩＶ非結核性抗酸菌症	
B212			ＨＩＶ非ホジキンリンパ腫	
B203			ＨＩＶヘルペスウイルス感染症	
B238			ＨＩＶ網膜症	
E713			ＨＭＧ−ＣｏＡ合成酵素欠損症	
E711			ＨＭＧ血症	
B333			ＨＴＬＶ−１感染症	
A858			ＨＴＬＶ−１関連脊髄症	
Z226			ＨＴＬＶ−１キャリア	
B333			ＨＴＬＶ−１ぶどう膜炎	
G378			Ｈｓｐ６０　シャペロン病	
I600			ＩＣ−ＰＣ動脈瘤破裂によるくも膜下出血	
D800			ＩＣＦ症候群	
F99			ＩＣＵ症候群	
C910			ＩＬ３−ＩＧＨ陽性Ｂリンパ芽球性白血病	
C910			ＩＬ３−ＩＧＨ陽性Ｂリンパ芽球性白血病／リンパ腫	
C835			ＩＬ３−ＩＧＨ陽性Ｂリンパ芽球性リンパ腫	
E274			ＩＭＡｇｅ症候群	
D848			ＩＰＥＸ症候群	
M1314			ＩＰ関節炎	
S636			ＩＰ関節捻挫	
D848			ＩＲＡＫ４欠損症	
Z305			ＩＵＤ検診	
Z301			ＩＵＤ挿入	
Z305			ＩＵＤ抜去	
D690			ＩｇＡ血管炎	
D690			ＩｇＡ血管炎性関節炎	
D802			ＩｇＡ欠損症	
N028			ＩｇＡ腎症	
K830			ＩｇＧ４関連硬化性胆管炎	
M359			ＩｇＧ４関連疾患	
N119			ＩｇＧ４関連腎臓病	
K118			ＩｇＧ４関連ミクリッツ病	
D803			ＩｇＧサブクラス欠損症	
D804			ＩｇＭ欠損症	
E770			Ｉ細胞病	
Q809			ＫＩＤ症候群	
C169			ＫＩＴ（ＣＤ１１７）陽性胃消化管間質腫瘍	
C189			ＫＩＴ（ＣＤ１１７）陽性結腸消化管間質腫瘍	
C269			ＫＩＴ（ＣＤ１１７）陽性消化管間質腫瘍	
C179			ＫＩＴ（ＣＤ１１７）陽性小腸消化管間質腫瘍	
C159			ＫＩＴ（ＣＤ１１７）陽性食道消化管間質腫瘍	
C20			ＫＩＴ（ＣＤ１１７）陽性直腸消化管間質腫瘍	
C189			ＫＲＡＳ遺伝子野生型結腸癌	
C20			ＫＲＡＳ遺伝子野生型直腸癌	
E748			Ｌ−キシルロース尿症	
E713			ＬＣＡＤ欠損症	
E786			ＬＣＡＴ欠損症	
E713			ＬＣＨＡＤ欠損症	
L270			ＬＥ型薬疹	
L931			ＬＥ蝶形皮疹	
L930			ＬＥ皮疹	
D840			ＬＦＡ−１欠乏症	
I456			ＬＧＬ症候群	
E230			ＬＨ単独欠損症	
A305			ＬＬ型ハンセン病	
N079			ＬＭＸ１Ｂ関連腎症	
T857			ＬＰシャント感染症	
T856			ＬＰシャント機能不全	
F160			ＬＳＤ使用による急性精神・行動障害	
T408			ＬＳＤ中毒	
F160			ＬＳＤ反応	
Q631			Ｌ字状腎	
C884			ＭＡＬＴリンパ腫	
E713			ＭＣＡＤ欠損症	
E888			ＭＥＬＡＳ症候群	
E888			ＭＥＲＲＦ症候群	
D818			ＭＨＣクラスＩ・ＩＩ欠損症	
D816			ＭＨＣクラスＩ欠損症	
D817			ＭＨＣクラスＩＩ欠損症	
C910			ＭＬＬ再構成型Ｂリンパ芽球性白血病	
C910			ＭＬＬ再構成型Ｂリンパ芽球性白血病／リンパ腫	
C835			ＭＬＬ再構成型Ｂリンパ芽球性リンパ腫	
E888			ＭＮＧＩＥ	
M1314			ＭＰ関節炎	
S6261			ＭＰ関節開放性脱臼骨折	
S631			ＭＰ関節脱臼	
S6260			ＭＰ関節脱臼骨折	
M2554			ＭＰ関節痛	
S6260			ＭＰ関節内骨折	
S636			ＭＰ関節捻挫	
M674			ＭＰ関節部ガングリオン	
M2484			ＭＰ関節ロッキング	
A490			ＭＲＣＮＳ感染症	
J152			ＭＲＣＮＳ肺炎	
A411			ＭＲＣＮＳ敗血症	
M0001			ＭＲＳＡ肩関節炎	
M0009			ＭＲＳＡ関節炎	
A490			ＭＲＳＡ感染症	
I330			ＭＲＳＡ感染性心内膜炎	
M0005			ＭＲＳＡ股関節炎	
M8699			ＭＲＳＡ骨髄炎	
M0006			ＭＲＳＡ膝関節炎	
T814			ＭＲＳＡ術後創部感染	
G003			ＭＲＳＡ髄膜炎	
M0002			ＭＲＳＡ肘関節炎	
A048			ＭＲＳＡ腸炎	
J869			ＭＲＳＡ膿胸	
J152			ＭＲＳＡ肺炎	
J852			ＭＲＳＡ肺化膿症	
A410			ＭＲＳＡ敗血症	
K650			ＭＲＳＡ腹膜炎	
Z228			ＭＲＳＡ保菌者	
N308			ＭＲＳＡ膀胱炎	
D848			ＭｙＤ８８欠損症	
E722			Ｎ−アセチルグルタミン酸合成酵素欠損症	
C947			ＮＫ細胞白血病	
D898			ＮＬＲＣ４異常症	
K259			ＮＳＡＩＤ胃潰瘍	
K269			ＮＳＡＩＤ十二指腸潰瘍	
N140			ＮＳＡＩＤ腎症	
R778			ＮＳＥ高値	
E250			Ｐ４５０オキシドレダクターゼ欠損症	
D898			ＰＡＰＡ症候群	
G404			ＰＣＤＨ１９関連症候群	
G378			ＰＣＷＨ	
E744			ＰＥＰＣＫ欠損症	
D898			ＰＦＡＰＡ症候群	
E740			ＰＧＫ欠損症	
M1314			ＰＩＰ関節炎	
S6261			ＰＩＰ関節開放性脱臼骨折	
S631			ＰＩＰ関節脱臼	
S6260			ＰＩＰ関節脱臼骨折	
S6260			ＰＩＰ関節内骨折	
S636			ＰＩＰ関節捻挫	
M674			ＰＩＰ関節部ガングリオン	
M1994			ＰＩＰ関節変形性関節症	
R778			ＰＩＶＫＡ−ＩＩ高値	
D848			ＰＭＳ２異常症	
D815			ＰＮＰ欠損症	
C900			ＰＯＥＭＳ症候群	
R778			ＰＳＡ高値	
Z955			ＰＴＣＡ術後	
T825			ＰＶシャントカテーテル腹腔内逸脱	
C910			Ｐｈ陽性急性リンパ性白血病	
I458			ＱＴ延長症候群	
I498			ＱＴ短縮症候群	
A78			Ｑ熱	
C920			ＲＡＥＢ−ｔ	
D763			ＲＡＳ関連自己免疫性リンパ増殖症候群様疾患	
D828			ＲＩＤＤＬＥ症候群	
C349			ＲＯＳ１融合遺伝子陽性非小細胞肺癌	
M0600			ＲＳ３ＰＥ症候群	
B348			ＲＳウイルス感染症	
J205			ＲＳウイルス気管支炎	
J210			ＲＳウイルス細気管支炎	
B348			ＲＳウイルス脳症	
J121			ＲＳウイルス肺炎	
P550			Ｒｈ因子不適合	
T804			Ｒｈ因子不適合輸血	
O360			Ｒｈ不適合	
P550			Ｒｈ溶血性疾患	
D898			ＳＡＰＨＯ症候群	
E713			ＳＣＡＤ欠損症	
R778			ＳＣＣ高値	
E713			ＳＣＯＴ欠損症	
E274			ＳＦ−１異常症	
E343			ＳＧＡ性低身長症	
M321			ＳＬＥ眼底	
P008			ＳＬＥ母体児	
R778			ＳＬＸ高値	
T888			ＳＲイソシットインレー過高	
T888			ＳＲイソシットインレー粗造	
T888			ＳＲイソシットインレー脱離	
T888			ＳＲイソシットインレー低位	
T888			ＳＲイソシットインレー破損	
T888			ＳＲイソシットインレー不適合	
I219			ＳＴ上昇型急性心筋梗塞	
A099			Ｓ状結腸炎	
K633			Ｓ状結腸潰瘍	
Q438			Ｓ状結腸過長症	
K458			Ｓ状結腸間膜窩ヘルニア	
Q431			Ｓ状結腸型ヒルシュスプルング病	
C187			Ｓ状結腸癌	
K566			Ｓ状結腸狭窄症	
K573			Ｓ状結腸憩室	
K573			Ｓ状結腸憩室炎	
K573			Ｓ状結腸憩室出血	
K572			Ｓ状結腸憩室穿孔	
A183			Ｓ状結腸結核	
N824			Ｓ状結腸子宮瘻	
D374			Ｓ状結腸腫瘍	
C187			Ｓ状結腸神経内分泌細胞癌	
C187			Ｓ状結腸神経内分泌腫瘍	
K562			Ｓ状結腸軸捻転	
K631			Ｓ状結腸穿孔	
D125			Ｓ状結腸腺腫	
Q439			Ｓ状結腸先天異常	
K573			Ｓ状結腸多発憩室	
D374			Ｓ状結腸粘膜下腫瘍	
K635			Ｓ状結腸ポリープ	
K632			Ｓ状結腸瘻	
G08			Ｓ状静脈洞血栓症	
Q631			Ｓ状腎	
D899			ＴＡＦＲＯ症候群	
Q872			ＴＡＲ症候群	
E078			ＴＢＧ異常症	
E078			ＴＢＧ欠損症	
E078			ＴＢＧ増多症	
E078			ＴＢＧ低下症	
C910			ＴＥＬ−ＡＭＬ１陽性Ｂリンパ芽球性白血病	
C910			ＴＥＬ−ＡＭＬ１陽性Ｂリンパ芽球性白血病／リンパ腫	
C835			ＴＥＬ−ＡＭＬ１陽性Ｂリンパ芽球性リンパ腫	
S668			ＴＦＣＣ損傷	
D898			ＴＮＦ受容体関連周期性症候群	
Q799			ＴＲＰＶ４異常症	
D352			ＴＳＨ産生下垂体腺腫	
E078			ＴＳＨ受容体異常症	
E230			ＴＳＨ単独欠損症	
A301			ＴＴ型ハンセン病	
E274			ＴｒｉｐｌｅＡ症候群	
T869			Ｔ細胞関連型拒絶反応	
D477			Ｔ細胞性移植後リンパ増殖性疾患	
C916			Ｔ細胞性前リンパ球白血病	
C917			Ｔ細胞性大顆粒リンパ球白血病	
C833			Ｔ細胞組織球豊富型大細胞型Ｂ細胞性リンパ腫	
C844			Ｔゾーンリンパ腫	
C910			Ｔリンパ芽球性白血病	
C910			Ｔリンパ芽球性白血病／リンパ腫	
C835			Ｔリンパ芽球性リンパ腫	
Q872			ＶＡＴＥＲ症候群	
T857			ＶＡシャント感染症	
T850			ＶＡシャント機能不全	
C254			ＶＩＰ産生腫瘍	
E713			ＶＬＣＡＤ欠損症	
T857			ＶＰシャント感染症	
T850			ＶＰシャント機能不全	
H501			Ｖ型外斜視	
K073			Ｖ型歯列弓	
H500			Ｖ型内斜視	
I456			ＷＰＷ症候群	
T888			Ｗタイプ拡大装置破損	
T888			Ｗタイプ拡大装置不適合	
Q969			ＸＯ症候群	
Q971			ＸＸＸＸＸ症候群	
Q981			ＸＸＸＸＹ症候群	
Q971			ＸＸＸＸ症候群	
Q970			ＸＸＸ症候群	
Q980			ＸＸＹ症候群	
D805			Ｘ連鎖高ＩｇＭ症候群	
D821			Ｘ連鎖重症複合免疫不全症	
Q039			Ｘ連鎖性遺伝性水頭症	
Q801			Ｘ連鎖性劣性魚鱗癬	
D800			Ｘ連鎖無ガンマグロブリン血症	
D823			Ｘ連鎖リンパ増殖症候群	
D818			ＺＡＰ−７０欠損症	
K010			ｅｍｂｅｄｄｅｄ埋伏歯	
A521			アーガイル・ロバートソン瞳孔	
Q871			アースコグ症候群	
Q070			アーノルド・キアリ奇形	
Q878			アイカルディ症候群	
G711			アイザックス症候群	
F942			愛情欠如精神病質	
I278			アイゼンメンゲル症候群	
K567			亜イレウス	
L946			アインフム	
B338			アウジェスキー病	
E618			亜鉛欠乏症	
E618			亜鉛欠乏性皮膚炎	
D538			亜鉛欠乏性貧血	
E618			亜鉛欠乏性味覚障害	
E832			亜鉛代謝障害	
T565			亜鉛中毒	
Q828			青色ゴムまり様母斑症候群	
L981			アカツキ病	
R232			あから顔	
B601			アカントアメーバ角膜炎	
B601			アカントアメーバ症	
K704			亜急性アルコール性肝不全	
H651			亜急性アレルギー性中耳炎	
G374			亜急性壊死性脊髄炎	
G951			亜急性壊死性ミエロパチー	
K358			亜急性化膿性虫垂炎	
B179			亜急性肝炎	
M1399			亜急性関節炎	
F058			亜急性感染症性精神病	
I330			亜急性感染性心内膜炎	
J209			亜急性気管支炎	
F058			亜急性器質精神症候群	
F058			亜急性器質性反応	
K550			亜急性虚血性大腸炎	
H651			亜急性血性中耳炎	
H103			亜急性結膜炎	
A811			亜急性硬化性全脳炎	
H200			亜急性虹彩炎	
H200			亜急性虹彩毛様体炎	
E061			亜急性甲状腺炎	
M8629			亜急性骨髄炎	
I330			亜急性細菌性心内膜炎	
I301			亜急性細菌性心膜炎	
F448			亜急性錯乱状態	
G361			亜急性出血性白質脳炎	
H651			亜急性漿液ムチン性中耳炎	
G319			亜急性小脳変性症	
I339			亜急性心内膜炎	
K859			亜急性膵炎	
H200			亜急性前部ぶどう膜炎	
K36			亜急性虫垂炎	
F058			亜急性脳症候群	
L931			亜急性皮膚エリテマトーデス	
H651			亜急性ムコイド中耳炎	
H200			亜急性毛様体炎	
L282			亜急性痒疹	
I891			亜急性リンパ管炎	
H043			亜急性涙のう炎	
A242			亜急性類鼻疽	
K600			亜急性裂肛	
E538			亜急性連合性脊髄変性症	
M7666			アキレス腱炎	
M7666			アキレス腱滑液包炎	
S860			アキレス腱筋腱移行部断裂	
M6596			アキレス腱腱鞘炎	
S860			アキレス腱挫傷	
S860			アキレス腱挫創	
M7666			アキレス腱周囲炎	
S860			アキレス腱切創	
S860			アキレス腱断裂	
M7666			アキレス腱痛	
M7666			アキレス腱付着部痛	
M6526			アキレス腱部石灰化症	
S860			アキレス腱部分断裂	
M6506			アキレス周囲膿瘍	
R64			悪液質	
K140			悪液質アフタ	
C254			悪性インスリノーマ	
C411			悪性エナメル上皮腫	
C751			悪性下垂体腫瘍	
C741			悪性褐色細胞腫	
C499			悪性顆粒細胞腫	
M0530			悪性関節リウマチ	
C499			悪性間葉腫	
H602			悪性外耳炎	
C254			悪性ガストリノーマ	
C809			悪性奇形腫	
C37			悪性胸腺腫	
C450			悪性胸膜中皮腫	
C254			悪性グルカゴノーマ	
C499			悪性グロームス腫瘍	
C499			悪性血管外皮腫	
I10			悪性高血圧症	
C73			悪性甲状腺腫	
R509			悪性高熱症	
C439			悪性黒色腫	
C419			悪性骨巨細胞腫	
C419			悪性骨腫瘍	
C809			悪性腫瘍	
C809			悪性腫瘍合併皮膚筋炎	
C809			悪性腫瘍に伴う貧血	
G210			悪性症候群	
C716			悪性小脳腫瘍	
C719			悪性神経膠腫	
C452			悪性心膜中皮腫	
C383			悪性縦隔腫瘍	
I129			悪性腎硬化症	
C254			悪性膵内分泌腫瘍	
C709			悪性髄膜腫	
C720			悪性脊髄腫瘍	
C701			悪性脊髄髄膜腫	
C499			悪性線維性組織球腫	
C968			悪性組織球症	
C968			悪性組織球症性関節症	
C254			悪性ソマトスタチノーマ	
C181			悪性虫垂粘液瘤	
C459			悪性中皮腫	
C620			悪性停留精巣	
C752			悪性頭蓋咽頭腫	
C499			悪性軟部腫瘍	
C700			悪性脳室髄膜腫	
C719			悪性脳腫瘍	
C700			悪性脳髄膜腫	
C962			悪性肥満細胞腫	
D510			悪性貧血	
C451			悪性腹膜中皮腫	
C755			悪性傍神経節腫	
C479			悪性末梢神経鞘腫	
C509			悪性葉状腫瘍	
C809			悪性ラブドイド腫瘍	
H402			悪性緑内障	
C859			悪性リンパ腫	
C795			悪性リンパ腫骨髄浸潤	
T888			アクチバトール破損	
T888			アクチバトール不適合	
R068			あくび	
F515			悪夢	
C947			アグレッシブＮＫ細胞白血病	
Q142			朝顔症候群	
J661			麻服仕立工病	
Q825			あざ	
Q731			あざらし肢症	
R02			足壊疽	
M7967			足炎	
S913			足開放創	
M7757			足滑液のう炎	
M7107			足化膿性滑液のう炎	
B353			足汗疱状白癬	
I803			足血栓性静脈炎	
S913			足挫創	
L309			足湿疹	
T932			足踵部骨折後遺症	
M928			足若年性骨軟骨症	
L899			足褥瘡	
S936			足ストレイン	
D227			足青色母斑	
S913			足切創	
S984			足切断	
S999			足損傷	
T251			足第１度熱傷	
T252			足第２度熱傷	
T253			足第３度熱傷	
T139			足陳旧性挫傷	
B351			足爪白癬	
T355			足凍傷	
E872			アシドーシス	
R268			足どり不安定	
T250			足熱傷	
S9271			足の多発開放骨折	
S9270			足の多発骨折	
B353			足白癬	
D227			足扁平母斑	
L031			足蜂巣炎	
R224			足母趾腫瘤	
D227			足母斑	
D227			足母斑細胞母斑	
E259			アシャール・チール症候群	
S9221			足立方骨開放骨折	
S9220			足立方骨骨折	
S9220			足立方骨剥離骨折	
A000			アジアコレラ	
B488			アジアスピロミセス症	
E271			アジソン病	
E771			アスパルチルグルコサミン尿症	
L508			アスピリンじんま疹	
J451			アスピリン喘息	
T390			アスピリン中毒	
T887			アスピリン不耐症	
F845			アスペルガー症候群	
B449			アスペルギルス腫	
B449			アスペルギルス症	
B448			アスペルギルス症性外耳炎	
T391			アセトアミノフェン中毒	
R798			アセトン血症	
R11			アセトン血性嘔吐症	
R824			アセトン尿症	
T888			アタッチメント脱離	
T888			アタッチメント破損	
T888			アタッチメント不適合	
B850			頭じらみ症	
Q780			アダイア・ダイトン症候群	
T143			亜脱臼	
M992			亜脱臼性神経管狭窄症	
M996			亜脱臼性椎間孔狭窄症	
I459			アダムス・ストークス症候群	
I459			アダムス・ストークス発作	
M4859			圧潰脊椎	
B550			アッサム熱	
Q878			アッシャー症候群	
N856			アッシャーマン症候群	
O310			圧縮胎児	
R529			圧痛	
Q671			圧迫顔面	
T1420			圧迫骨折	
T144			圧迫神経炎	
L899			圧迫性潰瘍	
G049			圧迫性脊髄炎	
Q411			アップルピール症候群	
T941			圧挫後遺症	
T147			圧挫傷	
T147			圧挫創	
R258			アテトーシス	
G803			アテトーシス型脳性麻痺	
L720			アテローム	
L720			アテローム化膿	
I633			アテローム血栓性脳梗塞	
I633			アテローム血栓性脳梗塞・急性期	
I633			アテローム血栓性脳梗塞・慢性期	
I709			アテローム動脈硬化症	
H570			アディー瞳孔	
E798			アデニンホスホリボシルトランスフェラーゼ欠損症	
J350			アデノイド咽頭炎	
J358			アデノイド増殖症	
J352			アデノイド肥大	
J350			アデノイド扁桃炎	
J028			アデノウイルス咽頭炎	
B340			アデノウイルス感染症	
B301			アデノウイルス結膜炎	
A871			アデノウイルス髄膜炎	
A851			アデノウイルス髄膜脳炎	
A851			アデノウイルス脊髄炎	
A082			アデノウイルス腸炎	
A851			アデノウイルス脳炎	
A851			アデノウイルス脳脊髄炎	
J120			アデノウイルス肺炎	
J038			アデノウイルス扁桃炎	
G403			アトニー性非特異性てんかん発作	
R05			アトピー咳嗽	
H104			アトピー性角結膜炎	
L539			アトピー性紅皮症	
L209			アトピー性湿疹	
L208			アトピー性神経皮膚炎	
G048			アトピー性脊髄炎	
J450			アトピー性喘息	
H268			アトピー性白内障	
L209			アトピー性皮膚炎	
L988			アトピー皮膚	
I427			アドリアマイシン心筋症	
T782			アナフィラキシー	
T782			アナフィラキシーショック	
D690			アナフィラクトイド紫斑	
B810			アニサキス症	
B810			アニサキス幼虫感染症	
T653			アニリン中毒	
E831			アノー・ショパール症候群	
B085			アフタ性アンギナ	
B085			アフタ性咽頭炎	
K120			アフタ性口内炎	
T64			アフラトキシン中毒	
B395			アフリカ型ヒストプラスマ症	
A771			アフリカだにチフス	
B569			アフリカトリパノソーマ症	
B569			アフリカトリパノソーマ症髄膜炎	
B569			アフリカトリパノソーマ症脊髄炎	
B569			アフリカトリパノソーマ症脳炎	
B569			アフリカトリパノソーマ症脳脊髄炎	
G403			アブサンス	
F182			アブシント血症	
F182			アブシント中毒症	
G111			アプラタキシン欠損症	
F112			アヘン中毒	
F110			アヘン類使用による急性精神・行動障害	
Q870			アペール症候群	
L752			アポクリン汗疹	
L759			アポクリン汗腺の障害	
D239			アポクリン汗のう腫	
C449			アポクリン腺癌	
T888			アマルガム過高	
T888			アマルガム粗造	
T888			アマルガム脱離	
T888			アマルガム低位	
T888			アマルガム破損	
T888			アマルガム不適合	
T428			アマンタジン中毒	
E729			アミノ酸異常	
E729			アミノ酸欠乏症	
D530			アミノ酸欠乏性貧血	
E729			アミノ酸代謝異常症	
E729			アミノ酸尿症	
E743			アミラーゼ欠損症	
T513			アミルアルコール中毒	
E859			アミロイドーシス	
E854			アミロイドーシス関節炎	
E859			アミロイドーシス緑内障	
E854			アミロイド性自律神経ニューロパチー	
E854			アミロイド苔癬	
E851			アミロイドニューロパチー	
E851			アミロイドポリニューロパチー	
A069			アメーバ症	
A065			アメーバ症性呼吸器障害	
A064			アメーバ性肝膿瘍	
A068			アメーバ性亀頭炎	
A068			アメーバ性虫垂炎	
A063			アメーバ性肉芽腫	
B608			アメーバ性肉芽腫性脳炎	
A066			アメーバ性脳膿瘍	
A065			アメーバ性肺膿瘍	
A062			アメーバ性非赤痢性大腸炎	
A067			アメーバ性皮膚潰瘍	
A060			アメーバ赤痢	
B761			アメリカ鉤虫症	
B572			アメリカトリパノソーマ症	
Q447			アラジール症候群	
G378			アラン・ハーンドン・ダドリー症候群	
Q043			有馬症候群	
E702			アルカプトン尿症	
E702			アルカプトン尿性関節症	
E873			アルカリ血症	
L245			アルカリ刺激性接触皮膚炎	
K20			アルカリ性食道炎	
E873			アルカリ尿症	
T304			アルカリ腐蝕	
R748			アルカリホスファターゼ値異常	
E873			アルカローシス	
E722			アルギニノコハク酸尿症	
F102			アルコール依存症	
F105			アルコール幻覚症	
K292			アルコール性胃炎	
K701			アルコール性肝炎	
K703			アルコール性肝硬変	
K703			アルコール性肝硬変に伴う食道静脈瘤	
K703			アルコール性肝硬変に伴う食道静脈瘤出血	
K709			アルコール性肝疾患	
K709			アルコール性肝障害	
K702			アルコール性肝線維症	
K704			アルコール性肝不全	
K852			アルコール性急性膵炎	
E244			アルコール性偽性クッシング症候群	
F106			アルコール性コルサコフ症候群	
F107			アルコール性残遺性感情障害	
H470			アルコール性視神経障害	
F105			アルコール性嫉妬	
K700			アルコール性脂肪肝	
G312			アルコール性小脳性運動失調症	
I426			アルコール性心筋症	
G701			アルコール性神経筋障害	
F107			アルコール性持続性認知障害	
F105			アルコール性精神病	
F107			アルコール性躁病	
F106			アルコール性多発性神経炎性精神病	
G621			アルコール性多発ニューロパチー	
F107			アルコール性遅発性精神病性障害	
F107			アルコール性遅発性パーソナリティ障害	
F107			アルコール性認知症	
G312			アルコール性脳症	
F107			アルコール性脳症候群	
G312			アルコール性脳変性	
F107			アルコール性フラッシュバック	
E52			アルコール性ペラグラ	
K860			アルコール性慢性膵炎	
G721			アルコール性ミオパチー	
F105			アルコール性妄想	
F100			アルコール中毒せん妄	
G405			アルコールてんかん	
T519			アルコールの毒作用	
F101			アルコール乱用	
F103			アルコール離脱状態	
F104			アルコール離脱せん妄	
A960			アルゼンチン出血熱	
D720			アルダー異常	
G300			アルツハイマー型初老期認知症	
G309			アルツハイマー型認知症	
G308			アルツハイマー型非定型認知症	
G301			アルツハイマー型老年認知症	
G309			アルツハイマー病	
E274			アルドステロン合成酵素欠損症	
D441			アルドステロン産生腫瘍	
G318			アルパース病	
E880			アルファ−アンチトリプシン欠損症	
E880			α１−アンチトリプシン欠乏症	
E880			アルファ２マクログロブリン欠損症	
D560			アルファサラセミア	
C883			アルファ重鎖病	
E786			アルファリポ蛋白欠乏症	
R80			アルブミン尿	
T702			アルプス病	
M7666			アルベルト病	
A94			アルボウイルス感染症	
A852			アルボウイルス脳炎	
Q878			アルポート症候群	
M8349			アルミニウム骨症	
J630			アルミニウム肺症	
E752			アレキサンダー病	
B482			アレシェリア症	
A969			アレナウイルス出血熱	
T784			アレルギー	
K296			アレルギー性胃炎	
K522			アレルギー性胃腸炎	
H169			アレルギー性角膜炎	
M1389			アレルギー性関節炎	
K768			アレルギー性肝臓症	
H605			アレルギー性外耳道炎	
R05			アレルギー性咳嗽	
H011			アレルギー性眼瞼炎	
H011			アレルギー性眼瞼縁炎	
J450			アレルギー性気管支炎	
B441			アレルギー性気管支肺アスペルギルス症	
B371			アレルギー性気管支肺カンジダ症	
B49			アレルギー性気管支肺真菌症	
D690			アレルギー性血管炎	
R31			アレルギー性血尿	
H101			アレルギー性結膜炎	
K522			アレルギー性下痢	
D721			アレルギー性好酸球増加症	
K121			アレルギー性口内炎	
L500			アレルギー性じんま疹	
L239			アレルギー性接触皮膚炎	
H659			アレルギー性中耳炎	
J82			アレルギー性肺炎	
L279			アレルギー性皮膚炎	
J304			アレルギー性鼻咽頭炎	
J304			アレルギー性鼻炎	
J301			アレルギー性鼻結膜炎	
J304			アレルギー性副鼻腔炎	
T784			アレルギー性浮腫	
H200			アレルギー性ぶどう膜炎	
N308			アレルギー性膀胱炎	
J029			アンギナ	
C700			鞍結節部悪性髄膜腫	
D320			鞍結節部髄膜腫	
Q935			アンジェルマン症候群	
K073			鞍状歯列弓	
D443			鞍上部腫瘍	
C719			鞍上部胚細胞腫瘍	
I208			安静時狭心症	
E740			アンダーソン病	
D685			アンチトロンビンＩＩＩ欠乏症	
D685			アンチトロンビン欠乏症	
T568			アンチモン中毒	
E11			安定型糖尿病	
I209			安定狭心症	
H534			暗点	
H534			暗点発作	
Q870			アントレー・ビクスラー症候群	
H476			アントン症候群	
E281			アンドロゲン過剰症	
E345			アンドロゲン抵抗性症候群	
E345			アンドロゲン不応症	
M950			鞍鼻	
F152b			アンフェタミン依存	
F150b			アンフェタミン使用による急性精神・行動障害	
F152			アンフェタミン中毒	
F151			アンフェタミン乱用	
L245			アンモニア性皮膚炎	
I650			アヴェリス症候群	
C809			イートン・ランバート症候群	
C884			胃ＭＡＬＴリンパ腫	
C169			胃悪性間葉系腫瘍	
C169			胃悪性黒色腫	
C859			胃悪性リンパ腫	
B810			胃アニサキス症	
E854			胃アミロイドーシス	
K318			胃うっ血	
K319			胃運動機能障害	
K318			胃運動亢進症	
K318			胃液欠乏	
K318			胃液分泌過多	
K297			胃炎	
H300			イエンセン病	
K259			胃潰瘍	
K257			胃潰瘍瘢痕	
K318			胃拡張	
K317			胃過形成ポリープ	
K318			胃下垂	
C169			胃カルチノイド	
C169			胃管癌	
L301			異汗症	
L301			異汗性湿疹	
D899			易感染性	
D371			胃間葉系腫瘍	
C169			胃癌	
C169			胃癌・ＨＥＲ２過剰発現	
Z120			胃癌検診	
C795			胃癌骨転移	
C169			胃癌末期	
R060			息切れ	
D371			胃奇形腫	
K318			胃機能亢進	
K318			胃狭窄	
D472			意義不明の単クローン性免疫グロブリン血症	
K291			胃空腸周囲炎	
Z718			育児相談	
K508			胃クローン病	
B668			異形吸虫症	
I201			異型狭心症	
F452			異形恐怖	
K314			胃憩室症	
A282			異型猩紅熱	
D229			異形成母斑	
C439			異形成母斑症候群	
E802			異型性ポルフィリン症	
D481			異型線維黄色腫	
N608			異型乳管過形成	
B359			異型白癬	
T808			異型輸血後ショック	
D728			異型リンパ球増加症	
K318			胃痙攣	
A188			胃結核	
D180			胃血管腫	
K316			胃結腸瘻	
T812			医原性気胸	
P703			医原性新生児低血糖	
L658			医原性脱毛症	
E160			医原性低血糖症	
E896			医原性副腎皮質機能低下症	
H408			医原性緑内障	
C169			胃原発絨毛癌	
D329			移行型髄膜腫	
D868			胃サルコイドーシス	
Q280			遺残性頚動脈脳底動脈吻合	
Q280			遺残性三叉神経動脈	
Q280			遺残性耳神経動脈	
Q280			遺残性舌下神経動脈	
K802			遺残胆石症	
M2339			遺残半月	
R401			意識混濁	
R402			意識障害	
R402			意識消失	
R402			意識不明	
R454			易刺激性	
D175			胃脂肪腫	
C169			胃脂肪肉腫	
K291			胃周囲炎	
C772			胃周囲リンパ節転移	
H353			萎縮型加齢黄斑変性	
N26			萎縮腎	
K294			萎縮性胃炎	
J312			萎縮性咽頭炎	
H104			萎縮性角結膜炎	
K294			萎縮性化生性胃炎	
K746			萎縮性肝硬変	
E063			萎縮性甲状腺炎	
J370			萎縮性喉頭炎	
J371			萎縮性喉頭気管炎	
N133			萎縮性水腎症	
J383			萎縮性声帯炎	
L660			萎縮性脱毛症	
N952			萎縮性腟炎	
J439			萎縮性肺気腫	
L905			萎縮性瘢痕	
J310			萎縮性鼻炎	
N328			萎縮膀胱	
Z953			異種生体弁置換術後	
K922			胃出血	
D371			胃腫瘍	
K318			胃腫瘤	
C169			胃消化管間質腫瘍	
C165			胃小弯部癌	
T861			移植拒絶における腎尿細管間質性障害	
D477			移植後リンパ増殖性疾患	
Z948			移植歯	
T868			移植歯不全	
F508			異食症	
T827			移植人工血管感染	
H213			移植性虹彩のう胞	
H213			移植性前房のう胞	
H213			移植性毛様体のう胞	
K219			胃食道逆流症	
T869			移植片拒絶	
T860			移植片対宿主病	
E243			異所性ＡＣＴＨ産生腫瘍	
E243			異所性ＡＣＴＨ産生症候群	
E342			異所性ＡＤＨ産生腫瘍	
E168			異所性ＧＨＲＨ産生腫瘍	
Q402			異所性胃粘膜	
Q048			異所性灰白質	
D447			異所性褐色細胞腫	
Q892			異所性胸腺	
Q892			異所性甲状腺	
E049			異所性甲状腺腫	
I498			異所性心室調律	
I498			異所性心房調律	
Q632			異所性腎	
Q453			異所性膵	
Q530			異所性精巣	
Q441			異所性胆のう	
E053			異所性中毒性甲状腺腫	
I498			異所性調律	
C508			異所性乳癌	
Q626			異所性尿管	
O009			異所性妊娠	
I494			異所性拍動	
Q890			異所性脾臓	
E342			異所性ホルモン産生腫瘍	
Q825			異所性蒙古斑	
K073			異所萌出	
F453			胃神経症	
D131			胃神経鞘腫	
C169			胃神経内分泌細胞癌	
C169			胃神経内分泌腫瘍	
C169			胃進行癌	
K318			胃軸捻症	
K299			胃十二指腸炎	
K279			胃十二指腸潰瘍	
K277			胃十二指腸潰瘍瘢痕	
K318			胃十二指腸嵌頓	
K508			胃十二指腸クローン病	
S352			胃十二指腸動脈損傷	
I728			胃十二指腸動脈瘤	
K317			胃十二指腸ポリープ	
D131			胃十二指腸ポリポーシス	
K316			胃十二指腸瘻	
C169			胃重複癌	
Q402			胃重複症	
K073			異常位の埋伏歯	
F988			異常嚥下癖	
R093			異常喀痰	
D691			異常血小板	
N926			異常月経	
R462			異常行動	
F453			異常絞扼反射	
R068			異常呼吸	
O629			異常子宮収縮	
P036			異常子宮収縮による新生児の障害	
R202			異常触覚	
R931			異常心陰影	
F609			異常性格	
R71			異常赤血球	
O329			異常胎位	
R634			異常体重減少	
R635			異常体重増加	
E880			異常蛋白血症	
R202			異常知覚	
R191			異常腸音	
R250			異常頭部運動	
R940			異常脳波	
R619			異常発汗	
R72			異常白血球分化	
R292			異常反射	
D002			胃上皮内癌	
R18			異常腹水	
R258			異常不随意運動	
O758			異常分娩	
D582			異常ヘモグロビン症性骨壊死	
I864			胃静脈瘤	
I864			胃静脈瘤出血	
I864			胃静脈瘤破裂	
K210			維持療法の必要な術後難治性逆流性食道炎	
K210			維持療法の必要な難治性逆流性食道炎	
K312			胃砂時計状狭窄	
M927			イズラン病	
T182			胃石症	
D518			胃切除後巨赤芽球性貧血	
K911			胃切除後消化障害	
K911			胃切除後症候群	
D539			胃切除後貧血	
K318			胃切除後癒着	
Z903			胃切除術後	
D131			胃線維腫	
K255			胃穿孔	
D131			胃腺腫	
E752			異染性白質ジストロフィー	
C163			胃前庭部癌	
K317			胃前庭部ポリープ	
K318			胃前庭部毛細血管拡張症	
Z903			胃全摘術後	
E711			イソ吉草酸血症	
T636			イソギンチャク毒	
A073			イソスポーラ症	
T512			イソプロピルアルコール中毒	
E711			イソロイシン血症	
S363			胃損傷	
S3631			胃損傷・腹腔に達する開放創合併あり	
S3630			胃損傷・腹腔に達する開放創合併なし	
F607			依存性パーソナリティ障害	
F55			依存を生じない物質の乱用	
T563			イタイイタイ病	
C162			胃体部癌	
K317			胃体部ポリープ	
C166			胃大弯部癌	
H512			一眼半水平注視麻痺症候群	
A661			いちご腫	
Q825			いちご状血管腫	
Q212			一次孔開存	
G448			一次性運動時頭痛	
E713			一次性カルニチン欠乏症	
I81			一次性肝外門脈閉塞症	
G448			一次性咳嗽性頭痛	
N258			一次性近位尿細管性アシドーシス	
M350			一次性シェーグレン症候群	
R579			一次性ショック	
R51			一次性頭痛	
G448			一次性穿刺様頭痛	
N049			一次性ネフローゼ症候群	
S063			一次性脳幹外傷	
S0631			一次性脳幹外傷・頭蓋内に達する開放創合併あり	
S0630			一次性脳幹外傷・頭蓋内に達する開放創合併なし	
N055			一次性膜性増殖性糸球体腎炎	
G448			一次性雷鳴頭痛	
H932			一時的いき値移動	
O300			一絨毛膜一羊膜性双胎	
O300			一絨毛膜二羊膜性双胎	
N855			一部子宮内反症	
K040			一部性歯髄炎	
K638			胃腸萎縮	
K318			胃腸運動機能障害	
A099			胃腸炎	
K634			胃腸下垂	
S367			胃腸管穿孔破裂	
S3671			胃腸管穿孔破裂・腹腔に達する開放創合併あり	
S3670			胃腸管穿孔破裂・腹腔に達する開放創合併なし	
S367			胃腸管損傷	
S3671			胃腸管損傷・腹腔に達する開放創合併あり	
S3670			胃腸管損傷・腹腔に達する開放創合併なし	
T282			胃腸管熱傷	
Q459			胃腸奇形	
K319			胃腸機能異常	
K319			胃腸機能減退	
K318			胃腸虚弱	
K929			胃腸疾患	
F453			胃腸神経症	
A222			胃腸炭疽	
D139			胃腸ポリープ	
D139			胃腸ポリポーシス	
B462			胃腸ムコール症	
O849			一卵性双胎分娩	
R402			一過性意識障害	
M673			一過性滑膜炎	
M1289			一過性関節症	
I454			一過性脚ブロック	
L111			一過性棘融解性皮膚症	
H930			一過性虚血性難聴	
A499			一過性菌血症	
H521			一過性近視	
R568			一過性痙攣発作	
E059			一過性甲状腺機能亢進症	
E038			一過性甲状腺機能低下症	
D601			一過性後天性赤芽球ろう	
K594			一過性肛門周囲痛	
G453			一過性黒内障	
H531			一過性失明	
R579			一過性ショック	
I490			一過性心室細動	
P610			一過性新生児血小板減少症	
P721			一過性新生児甲状腺機能亢進症	
P615			一過性新生児好中球減少症	
P714			一過性新生児副甲状腺機能低下症	
I489			一過性心房粗動	
G951			一過性脊髄虚血	
G454			一過性全健忘症	
R80			一過性蛋白尿	
M8985			一過性大腿骨頭萎縮症	
F950			一過性チック障害	
I959			一過性低血圧症	
E749			一過性糖代謝障害	
R81			一過性糖尿	
G459			一過性脳虚血発作	
R609			一過性浮腫	
G819			一過性片麻痺	
H340			一過性網膜動脈閉塞症	
F481			一過性離人症候群	
T58			一酸化炭素中毒	
T97			一酸化炭素中毒後遺症	
T58			一酸化炭素中毒による遅発性脳症	
T0231			一側下肢多発開放骨折	
T0230			一側下肢多発骨折	
R251			一側上肢振戦	
T0221			一側上肢多発開放骨折	
T0220			一側上肢多発骨折	
R258			一側性アテトーシス	
H904			一側性感音難聴	
M165			一側性外傷後股関節症	
M173			一側性外傷後膝関節症	
K108			一側性顎関節突起過形成	
K108			一側性顎関節突起形成不全	
M163			一側性形成不全性股関節症	
M161			一側性原発性股関節症	
M171			一側性原発性膝関節症	
H907			一側性混合性難聴	
Q653			一側性先天性股関節亜脱臼	
Q650			一側性先天性股関節脱臼	
M167			一側性続発性股関節症	
M175			一側性続発性膝関節症	
Q531			一側性停留精巣	
H901			一側性伝音難聴	
J430			一側性肺気腫	
G522			一側性反回神経麻痺	
G20			一側性パーキンソン症候群	
N270			一側性矮小腎	
O312			一胎以上子宮内死亡後の妊娠継続	
O311			一胎以上流産後の妊娠継続	
R101			胃痛	
N394			溢流性尿失禁	
K317			胃底腺ポリープ	
C161			胃底部癌	
K073			移転歯	
I458			遺伝性ＱＴ延長症候群	
G608			遺伝性圧脆弱性ニューロパチー	
E850			遺伝性アミロイド腎症	
G600			遺伝性運動感覚性ニューロパチー	
E43			遺伝性栄養失調性浮腫	
H185			遺伝性角膜ジストロフィー	
Q820			遺伝性下腿浮腫	
E741			遺伝性果糖不耐症	
G608			遺伝性感覚性自律神経性ニューロパチー	
G608			遺伝性感覚性ニューロパチー	
D580			遺伝性球状赤血球症	
D511			遺伝性巨赤芽球性貧血	
D841			遺伝性血管性浮腫	
D694			遺伝性血小板減少症	
D689			遺伝性血栓性素因による特発性血栓症	
D721			遺伝性好酸球増加症	
D564			遺伝性高胎児性ヘモグロビン症	
E802			遺伝性コプロポルフィリン症	
Q828			遺伝性掌蹠角化症	
G119			遺伝性小脳性運動失調症	
G719			遺伝性神経筋障害	
Q249			遺伝性心疾患	
D899			遺伝性自己炎症疾患	
G241			遺伝性ジストニア	
N289			遺伝性腎疾患	
K861			遺伝性膵炎	
E800			遺伝性赤芽球増殖性ポルフィリン症	
C189			遺伝性大腸癌	
D581			遺伝性楕円赤血球症	
D800			遺伝性低ガンマグロブリン血症	
D640			遺伝性鉄芽球性貧血	
H919			遺伝性難聴	
G609			遺伝性ニューロパチー	
D320			遺伝性脳腫瘍	
J840			遺伝性肺胞蛋白症	
D720			遺伝性白血球寡少分節	
D720			遺伝性白血球過分節	
D720			遺伝性白血球メラニン症	
K005			遺伝性歯の形成異常	
C189			遺伝性非ポリポーシス大腸癌	
H355			遺伝性網膜ジストロフィー	
D226			伊藤母斑	
K318			胃特発性破裂	
Q438			移動性盲腸	
S352			胃動脈損傷	
R454			易怒性	
T182			胃内異物	
R14			胃内ガス貯留	
R198			胃内停水	
C169			胃肉腫	
D131			胃乳頭腫	
R32			遺尿症	
B779			イヌ回虫症	
T141			犬咬創	
B748			犬糸状虫症	
J301			イネ科花粉症	
T282			胃熱傷	
D131			胃粘膜異型上皮	
K318			胃粘膜過形成	
D371			胃粘膜下腫瘍	
K319			胃粘膜下腫瘤	
K318			胃のう胞	
C169			胃胚細胞腫瘍	
S363			胃破裂	
S3631			胃破裂・腹腔に達する開放創合併あり	
S3630			胃破裂・腹腔に達する開放創合併なし	
B668			胃盤虫症	
R53			易疲労感	
R065			いびき	
K259			胃びらん	
R15			遺糞	
T189			異物誤飲	
T179			異物誤嚥	
T980			異物誤嚥後遺症	
T189			異物残留	
T180			異物歯間介入	
M6029			異物肉芽腫	
F432			異文化ショック	
J690			胃分泌物嚥下性肺炎	
D131			胃平滑筋腫	
C169			胃平滑筋肉腫	
K318			胃壁軟化症	
K291			胃蜂窩織炎	
Q828			いぼ状表皮異形成	
K134			いぼ性口腔粘膜黄色腫	
K317			胃ポリープ	
D131			胃ポリープ症	
D511			イマースルンド・グレスベック症候群	
C269			イマチニブ耐性消化管間質腫瘍	
E708			イミダゾールアミノ酸尿症	
H534			異名半盲	
L233			医薬品アレルギー性接触皮膚炎	
T509			医薬品中毒	
T96			医薬品中毒後遺症	
C164			胃幽門部癌	
K660			胃癒着	
D131			胃良性腫瘍	
K567			イレウス	
L818			いれずみ	
K316			胃瘻	
Z431			胃瘻開口部に対する手当て	
K918			胃瘻後期合併症	
Z931			胃瘻造設状態	
T857			胃瘻造設部感染	
C512			陰核癌	
Q526			陰核の先天奇形	
N908			陰核肥大	
C609			陰茎悪性黒色腫	
S380			陰茎圧挫傷	
C609			陰茎アポクリン腺癌	
N488			陰茎萎縮	
N488			陰茎陰のう浮腫	
Q542			陰茎陰のう部尿道下裂	
N482			陰茎炎	
S312			陰茎開放創	
D180			陰茎海綿状血管腫	
N485			陰茎潰瘍	
S399			陰茎環状溝部外傷	
S399			陰茎外傷	
C609			陰茎癌	
C601			陰茎亀頭部癌	
Q556			陰茎形成不全症	
A181			陰茎結核	
D177			陰茎血管脂肪腫	
Q555			陰茎欠損	
D074			陰茎紅色肥厚症	
A630			陰茎コンジローマ	
S302			陰茎挫傷	
S312			陰茎挫創	
S380			陰茎挫滅傷	
S380			陰茎挫滅創	
N489			陰茎疾患	
D177			陰茎脂肪腫	
N488			陰茎出血	
D407			陰茎腫瘍	
N488			陰茎腫瘤	
S398			陰茎折傷	
S312			陰茎折症	
S382			陰茎切断	
D290			陰茎線維腫	
A630			陰茎尖圭コンジローマ	
S399			陰茎損傷	
C602			陰茎体部癌	
T211			陰茎第１度熱傷	
T212			陰茎第２度熱傷	
T213			陰茎第３度熱傷	
S302			陰茎打撲傷	
T198			陰茎内異物	
C609			陰茎肉腫	
T210			陰茎熱傷	
N488			陰茎捻転症	
N482			陰茎膿瘍	
N480			陰茎白斑症	
C609			陰茎パジェット病	
N488			陰茎肥大	
N485			陰茎びらん	
N488			陰茎浮腫	
N488			陰茎部疼痛	
Q541			陰茎部尿道下裂	
R36			陰茎分泌物	
A600			陰茎ヘルペス	
N488			陰茎縫線のう腫	
C600			陰茎包皮部癌	
B07			陰茎ボーエン様丘疹症	
C609			陰茎有棘細胞癌	
D290			陰茎良性腫瘍	
S312			陰茎裂創	
Q556			陰茎弯曲	
S170			咽喉圧挫損傷	
R098			咽喉乾燥感	
R041			咽喉出血	
R070			咽喉痛	
F453			咽喉頭異常感症	
F453			咽喉頭食道神経症	
F453			咽喉頭神経症	
R200			咽喉頭知覚麻痺	
T172			咽喉部異物	
J390			咽後膿瘍	
S380			陰唇圧挫傷	
N766			陰唇潰瘍	
S302			陰唇挫傷	
S380			陰唇挫滅傷	
S380			陰唇挫滅創	
S382			陰唇切断	
N906			陰唇肥大	
N818			陰唇ヘルニア	
N843			陰唇ポリープ	
Q525			陰唇癒合	
D377			インスリノーマ	
E168			インスリン異常症	
T383			インスリンショック	
E161			インスリン自己免疫症候群	
E160			インスリン低血糖	
E11			インスリン抵抗性糖尿病	
E168			インスリン分泌異常症	
E343			インスリン様成長因子１不応症	
E13			インスリンレセプター異常症	
H350			インターフェロン網膜症	
D898			インターロイキンＩ受容体拮抗分子欠損症	
T888			インダイレクトボンディング装置脱離	
T888			インダイレクトボンディング装置破損	
T888			インダイレクトボンディング装置不適合	
B658			インテルカラーツム住血吸虫症	
S170			咽頭圧挫損傷	
T784			咽頭アレルギー	
F453			咽頭異常感症	
T172			咽頭異物	
J029			咽頭炎	
S112			咽頭開放創	
J392			咽頭潰瘍	
J392			咽頭角化症	
J392			咽頭蓋のう胞	
C140			咽頭癌	
J068			咽頭気管炎	
J392			咽頭狭窄症	
Q387			咽頭憩室	
A168			咽頭結核	
D180			咽頭血管腫	
B302			咽頭結膜熱	
J060			咽頭喉頭炎	
J387			咽頭喉頭逆流症	
R448			咽頭絞扼感	
R848			咽頭擦過検査異常	
R448			咽頭灼熱感	
J390			咽頭周囲膿瘍	
J392			咽頭収縮筋麻痺	
R041			咽頭出血	
D370			咽頭腫瘍	
J392			咽頭腫瘤	
K225			咽頭食道憩室	
A360			咽頭ジフテリア	
J392			咽頭上皮過形成症	
D000			咽頭上皮内癌	
Q388			咽頭先天奇形	
S112			咽頭創傷	
A010			咽頭チフス	
J029			咽頭痛	
T172			咽頭内異物による窒息	
C140			咽頭肉腫	
D109			咽頭乳頭腫	
T280			咽頭熱傷	
Q387			咽頭のう	
J392			咽頭のう腫	
J392			咽頭のう胞	
J391			咽頭膿瘍	
J392			咽頭白斑症	
J392			咽頭浮腫	
T285			咽頭腐蝕	
S100			咽頭部血腫	
S100			咽頭部挫傷	
S199			咽頭部損傷	
J068			咽頭扁桃炎	
J392			咽頭発赤	
J392			咽頭ポリープ	
J392			咽頭麻痺	
D109			咽頭良性腫瘍	
A168			咽頭流注膿瘍	
Q828			インドゴム様皮膚	
A771			インドだにチフス	
T888			インナーボータイプ拡大装置破損	
T888			インナーボータイプ拡大装置不適合	
A499			院内感染	
A419			院内感染敗血症	
N390			院内尿路感染症	
C632			陰のう悪性黒色腫	
S380			陰のう圧挫傷	
L720			陰のうアテローム	
N492			陰のう炎	
S313			陰のう開放創	
N508			陰のう潰瘍	
S399			陰のう外傷	
C632			陰のう癌	
Q552			陰のう奇形	
A181			陰のう結核	
D294			陰のう血管角化腫	
D180			陰のう血管腫	
S302			陰のう血腫	
S302			陰のう挫傷	
S380			陰のう挫滅傷	
S380			陰のう挫滅創	
L309			陰のう湿疹	
N508			陰のう腫大	
D407			陰のう腫瘍	
I861			陰のう静脈瘤	
N433			陰のう水腫	
S382			陰のう切断	
L291			陰のうそう痒症	
T211			陰のう第１度熱傷	
T212			陰のう第２度熱傷	
T213			陰のう第３度熱傷	
N508			陰のう痛	
C632			陰のう内脂肪肉腫	
N501			陰のう内出血	
N509			陰のう内腫瘤	
D294			陰のう内良性腫瘍	
D177			陰のう軟性線維腫	
T210			陰のう熱傷	
N492			陰のう膿瘍	
C632			陰のうパジェット病	
D294			陰のう被角血管腫	
D294			陰のう皮様腫	
N508			陰のうびらん	
N508			陰のう浮腫	
Q548			陰のう部尿道下裂	
K409			陰のうヘルニア	
A600			陰のうヘルペス	
B07			陰のうボーエン様丘疹症	
C632			陰のう有棘細胞癌	
D294			陰のう良性腫瘍	
S313			陰のう裂創	
J111			インフルエンザ	
J09			インフルエンザ（Ｈ１Ｎ１）２００９	
J09			インフルエンザ（Ｈ５Ｎ１）	
J101			インフルエンザＡ型	
J101			インフルエンザＡソ連型	
J101			インフルエンザＡ香港型	
J101			インフルエンザＢ型	
J111			インフルエンザ気管支炎	
A492			インフルエンザ菌ｂ型感染症	
A492			インフルエンザ菌感染症	
J201			インフルエンザ菌気管支炎	
J040			インフルエンザ菌喉頭炎	
J028			インフルエンザ菌性咽頭炎	
M0089			インフルエンザ菌性関節炎	
J042			インフルエンザ菌性喉頭気管炎	
G000			インフルエンザ菌性髄膜炎	
P236			インフルエンザ菌性先天性肺炎	
J14			インフルエンザ菌肺炎	
A413			インフルエンザ菌敗血症	
J118			インフルエンザ心筋炎	
J118			インフルエンザ性胃腸炎	
J111			インフルエンザ性咽頭炎	
J111			インフルエンザ性急性上気道感染	
J111			インフルエンザ性喉頭炎	
J111			インフルエンザ性喉頭気管炎	
J111			インフルエンザ性副鼻腔炎	
J118			インフルエンザ脊髄炎	
J118			インフルエンザ中耳炎	
J118			インフルエンザ脳症	
J118			インフルエンザ脳脊髄炎	
J110			インフルエンザ肺炎	
N766			陰部潰瘍・女性	
N508			陰部潰瘍・男性	
L304			陰部間擦疹	
S302			陰部挫傷	
B853			陰部しらみ症	
B369			陰部真菌症	
F453			陰部神経症	
S314			陰部切創	
S302			陰部打撲傷	
N948			陰部痛・女性	
N508			陰部痛・男性	
K458			陰部ヘルニア	
A600			陰部ヘルペス	
T888			インプラント破損	
N909			陰門疾患	
T888			インレー過高	
T888			インレー粗造	
T888			インレー脱離	
T888			インレー低位	
T888			インレー破損	
T888			インレー不適合	
T888			インレーブリッジ粗造	
T888			インレーブリッジ脱離	
T888			インレーブリッジ破損	
T888			インレーブリッジ不適合	
Q248			ウール病	
Q873			ウィーバー症候群	
D820			ウィスコット・オルドリッチ症候群	
K908			ウィップル病	
I671			ウィリス動脈環動脈瘤	
I677			ウィリス動脈輪周囲炎	
D680			ウィルブランド・ジュルゲンス血小板病	
I728			右胃動脈瘤	
Q253			ウイリアムズ症候群	
L131			ウイルキンソン・スネッドン症候群	
Z205			ウイルス肝炎感染源への曝露	
B199			ウイルス肝炎感染後関節障害	
G933			ウイルス感染後疲労症候群	
B349			ウイルス感染症	
D762			ウイルス関連血球貪食症候群	
B349			ウイルス血症	
A084			ウイルス性胃腸炎	
A084			ウイルス性胃腸炎に伴う痙攣	
J028			ウイルス性咽頭炎	
B199			ウイルス性肝炎	
B349			ウイルス性関節炎	
N762			ウイルス性外陰炎	
J041			ウイルス性気管炎	
J208			ウイルス性気管支炎	
A084			ウイルス性下痢	
K121			ウイルス性口内炎	
A99			ウイルス性出血熱	
B332			ウイルス性心炎	
I400			ウイルス性心筋炎	
I301			ウイルス性心膜炎	
A879			ウイルス性髄膜炎	
A86			ウイルス性髄膜脊髄炎	
A86			ウイルス性髄膜脳炎	
P230			ウイルス性先天性肺炎	
B09			ウイルス性中毒疹	
A084			ウイルス性腸炎	
E13			ウイルス性糖尿病	
E133			ウイルス性糖尿病・眼合併症あり	
E131			ウイルス性糖尿病・ケトアシドーシス合併あり	
E130			ウイルス性糖尿病・昏睡合併あり	
E134			ウイルス性糖尿病・神経学的合併症あり	
E132			ウイルス性糖尿病・腎合併症あり	
E137			ウイルス性糖尿病・多発糖尿病性合併症あり	
E136			ウイルス性糖尿病・糖尿病性合併症あり	
E139			ウイルス性糖尿病・糖尿病性合併症なし	
E135			ウイルス性糖尿病・末梢循環合併症あり	
H830			ウイルス性内耳炎	
B09			ウイルス性粘膜疹	
A86			ウイルス性脳炎	
A86			ウイルス性脳脊髄炎	
J129			ウイルス性肺炎	
B349			ウイルス性敗血症	
B09			ウイルス性皮膚炎	
B349			ウイルス性表層角膜炎	
B349			ウイルス性ぶどう膜炎	
J038			ウイルス性扁桃炎	
B09			ウイルス性発疹	
B07			ウイルス性疣贅	
A86			ウイルス脊髄炎	
B941			ウイルス脳炎後遺症	
P270			ウイルソン・ミキティ症候群	
L439			ウイルソン紅色苔癬	
E830			ウイルソン病	
M356			ウェーバ・クリスチャン病	
Q810			ウェーバー・コケイン型単純性表皮水疱症	
I679			ウェーバー症候群	
B664			ウェステルマン肺吸虫症	
A052			ウェルシュ菌食中毒	
E348			ウェルナー症候群	
B387			ウェルニッケ・ポサダ病	
F802			ウェルニッケ失語症	
E512			ウェルニッケ脳症	
O211			ウェルニッケ脳症を伴う妊娠悪阻	
I441			ウェンケバッハ型第２度房室ブロック	
T825			植込型カテーテルポート破損	
T825			植込型カテーテルポート閉塞	
Z950			植込型除細動器移植状態	
T827			植込型除細動器植え込み後感染	
T821			植込型除細動器電池消耗	
T821			植込型除細動器不全	
T825			植込型補助人工心臓ポンプ内血栓	
T851			植え込み式神経系電気刺激装置の機械的合併症	
G404			ウエスト症候群	
G712			ウォーカー・ワールブルグ症候群	
J331			ウォーケス篩骨洞炎	
E755			ウォールマン病	
A391			ウォターハウスフリードリクセン症候群	
B080			ウォルフウイルス病	
Q878			ウォルフラム症候群	
H544			右眼失明	
I451			右脚ブロック	
Q240			右胸心	
S434			烏口肩峰靱帯捻挫	
S435			烏口鎖骨捻挫	
S434			烏口上腕靱帯捻挫	
Q204			右室型単心室症	
I219			右室自由壁破裂	
Q226			右室低形成	
Q226			右室低形成症候群	
Q248			右室二腔症	
I517			右室肥大	
I500			右室不全	
Q208			右室流出路狭窄	
Q243			右室漏斗部狭窄	
K029			う蝕	
K028			う蝕処置済み歯	
K020			う蝕第１度	
K021			う蝕第２度	
K040			う蝕第２度単純性歯髄炎	
K028			う蝕第３度	
K044			う蝕第３度急性化膿性根尖性歯周炎	
K040			う蝕第３度急性化膿性歯髄炎	
K044			う蝕第３度急性単純性根尖性歯周炎	
K041			う蝕第３度歯髄壊死	
K041			う蝕第３度歯髄壊疽	
K040			う蝕第３度慢性壊疽性歯髄炎	
K040			う蝕第３度慢性潰瘍性歯髄炎	
K045			う蝕第３度慢性化膿性根尖性歯周炎	
K040			う蝕第３度慢性増殖性歯髄炎	
K028			う蝕第４度	
D151			右心室粘液腫	
Q240			右心症	
Q226			右心低形成症候群	
I500			右心不全	
D151			右心房粘液腫	
Q254			右側大動脈弓	
R262			うちわ歩行	
K761			うっ血肝	
R02			うっ血性壊疽	
K759			うっ血性肝炎	
K761			うっ血性肝硬変	
D732			うっ血性巨脾	
D698			うっ血性紫斑病	
I500			うっ血性心不全	
J310			うっ血性鼻炎	
H471			うっ血乳頭	
I831			うっ滞性皮膚炎	
F329			うつ状態	
F107			うつ状態アルコール中毒	
F329			うつ病	
F251			うつ病型統合失調感情障害	
T334			腕の表在性凍傷	
T630			海ヘビ毒	
B711			瓜実条虫症	
L237			ウルシによるアレルギー性接触皮膚炎	
Q871			ウルリッヒ症候群	
G710			ウルリッヒ病	
Q870			ウルリヒ・ファイヘティガー症候群	
M357			運動過多症候群	
F82			運動機能の特異的発達障害	
R268			運動器不安定症	
R482			運動失行	
R270			運動失調	
G804			運動失調性脳性麻痺	
R471			運動障害性構音障害	
R470			運動性失語症	
G252			運動性振戦	
R278			運動調節障害	
G122			運動ニューロン疾患	
F82			運動発達遅滞	
G839			運動麻痺	
J459			運動誘発性喘息	
Q825			ウンナ母斑	
G403			ウンフェルリヒト・ルントボルグ病	
F182			エーテル中毒症	
A010			エーベルト病	
Q796			エーラス・ダンロス症候群	
T752			エアハンマー症候群	
K006			永久歯萌出不全	
K006			永久歯萌出不全に起因した咬合異常	
I482			永続性心房細動	
R632			栄養過剰	
E46			栄養失調	
E46			栄養失調性白内障	
E43			栄養失調性浮腫	
E639			栄養障害	
Q812			栄養障害型表皮水疱症	
H168			栄養障害性角膜炎	
H472			栄養障害性視神経萎縮	
G968			栄養神経症	
K746			栄養性肝硬変	
D520			栄養性巨赤芽球性貧血	
E41			栄養性消耗症	
E639			栄養性心筋症	
E45			栄養性低身長	
E12			栄養不良関連糖尿病	
R02			会陰壊疽	
S399			会陰外傷	
S302			会陰血腫	
S302			会陰挫傷	
O901			会陰切開創離開	
O908			会陰切開部肉芽腫	
T211			会陰第１度熱傷	
T212			会陰第２度熱傷	
T213			会陰第３度熱傷	
O700			会陰腟壁裂傷	
T210			会陰熱傷	
S314			会陰部化膿創	
B372			会陰部カンジダ症	
D171			会陰部血管脂肪腫	
O717			会陰部血腫	
L309			会陰部肛囲湿疹	
D171			会陰部脂肪腫	
L022			会陰部せつ	
A58			会陰部肉芽腫	
Q543			会陰部尿道下裂	
L022			会陰部膿瘍	
C445			会陰部パジェット病	
O860			会陰部縫合糸膿瘍	
L033			会陰部蜂巣炎	
L022			会陰部よう	
K458			会陰ヘルニア	
S314			会陰裂傷	
O860			会陰裂傷修復後感染症	
O700			会陰裂傷第１度	
O701			会陰裂傷第２度	
O702			会陰裂傷第３度	
O703			会陰裂傷第４度	
D898			エカルディ・グティエール症候群	
C435			腋窩悪性黒色腫	
C473			腋窩悪性末梢神経鞘腫	
S47			腋窩圧挫傷	
C445			腋窩アポクリン腺癌	
B372			腋窩カンジダ症	
C761			腋窩癌	
C445			腋窩基底細胞癌	
L042			腋窩急性リンパ節炎	
D171			腋窩血管脂肪腫	
D180			腋窩血管腫	
S459			腋窩血管損傷	
L309			腋窩湿疹	
D171			腋窩脂肪腫	
R222			腋窩腫脹	
D487			腋窩腫瘍	
R222			腋窩腫瘤	
S443			腋窩神経損傷	
G540			腋窩神経麻痺	
S452			腋窩静脈損傷	
D235			腋窩石灰化上皮腫	
L024			腋窩せつ	
B354			腋窩浅在性白癬	
S499			腋窩損傷	
R610			腋窩多汗症	
T221			腋窩第１度熱傷	
T222			腋窩第２度熱傷	
T223			腋窩第３度熱傷	
I742			腋窩動脈血栓症	
S450			腋窩動脈損傷	
D171			腋窩軟性線維腫	
L984			腋窩難治性皮膚潰瘍	
Q831			腋窩乳房	
T220			腋窩熱傷	
C445			腋窩パジェット病	
L984			腋窩皮膚潰瘍	
C445			腋窩皮膚癌	
M2551			腋窩部痛	
D481			腋窩部軟部腫瘍	
C506			腋窩部乳癌	
L024			腋窩部膿瘍	
L031			腋窩蜂巣炎	
D045			腋窩ボーエン病	
C445			腋窩有棘細胞癌	
L024			腋窩よう	
D360			腋窩リンパ管腫	
R590			腋窩リンパ節腫脹	
C773			腋窩リンパ節転移	
L750			腋臭症	
F608			エキセントリックパーソナリティ障害	
B679			エキノコックス症	
B672			エキノコックス性骨髄炎	
C449			エクリン汗孔癌	
D239			エクリン汗孔腫	
D239			エクリン汗腺腫	
L749			エクリン汗腺の障害	
D239			エクリン汗のう腫	
B341			エコーウイルス感染症	
J207			エコーウイルス気管支炎	
A870			エコーウイルス髄膜炎	
R02			壊死	
R02			壊死潰瘍	
K746			壊死後性肝硬変	
R02			壊死性炎症	
A691			壊死性潰瘍性歯周炎	
A691			壊死性潰瘍性歯肉炎	
H602			壊死性外耳炎	
H158			壊死性強膜炎	
M7269			壊死性筋膜炎	
M319			壊死性血管炎	
K20			壊死性食道炎	
K859			壊死性膵炎	
K118			壊死性唾液腺化生症	
A052			壊死性腸炎	
J850			壊死性肺炎	
E280			エストロジェン過剰症	
E280			エストロジェン産生腫瘍	
B552			エスパンデイア	
R02			壊疽	
J029			壊疽性咽頭炎	
K441			壊疽性横隔膜ヘルニア	
A184			壊疽性丘疹状結核疹	
A690			壊疽性口内炎	
K421			壊疽性臍ヘルニア	
K040			壊疽性歯髄炎	
A691			壊疽性歯肉炎	
K404			壊疽性鼡径ヘルニア	
B029			壊疽性帯状疱疹	
K830			壊疽性胆細管炎	
K810			壊疽性胆のう炎	
K414			壊疽性大腿ヘルニア	
L88			壊疽性膿皮症	
M312			壊疽性鼻炎	
K431			壊疽性腹壁瘢痕ヘルニア	
K437			壊疽性腹壁ヘルニア	
K451			壊疽性閉鎖孔ヘルニア	
J36			壊疽性扁桃周囲炎	
K434			壊疽性傍ストーマヘルニア	
B818			エソファゴストム症	
H472			エタンブトール視神経症	
T510			エチルアルコール中毒	
T528			エチレングリコール中毒	
Q780			エッドウズ・スプールウェイ症候群	
K004			エナメル質異常	
K004			エナメル質形成不全	
K020			エナメル質初期う蝕	
K002			エナメル真珠	
D693			エバンス症候群	
K068			エプーリス	
D696			エプスタイン症候群	
Q225			エプスタイン病	
A984			エボラ出血熱	
Q928			エマヌエル症候群	
G710			エメリー・ドレイフス型筋ジストロフィー	
Q776			エリス・ヴァンクレベルド症候群	
D751			エリスロポエチン産生腫瘍	
L930			エリテマトーデス	
E559			エルゴステロール欠乏症	
A058			エルシニア菌食中毒	
A046			エルシニア腸炎	
A282			エルシニア敗血症	
A001			エルトールコレラ	
D763			エルドハイム・チェスター病	
G710			エルブ病	
P140			エルブ麻痺	
G710			遠位型筋ジストロフィー	
G121			遠位型脊髄性筋萎縮症	
G710			遠位型ミオパチー	
S998			遠位脛腓靱帯損傷	
S934			遠位脛腓靱帯捻挫	
M2533			遠位橈尺関節不安定症	
M1993			遠位橈尺関節変形性関節症	
N258			遠位尿細管性アシドーシス	
C700			円蓋部悪性髄膜腫	
C719			円蓋部血管周皮腫	
D320			円蓋部髄膜腫	
F604			演技性パーソナリティ障害	
D691			円形血小板症	
L639			円形脱毛症	
R13			嚥下協調障害	
R13			嚥下困難	
R13			嚥下障害	
J40			嚥下性気管支炎	
R13			嚥下痛	
R13			嚥下不能	
T542			塩酸中毒	
H520			遠視	
H520			遠視性弱視	
H522			遠視性乱視	
H729			炎症後鼓膜穿孔	
L816			炎症後色素脱失	
L810			炎症後色素沈着	
J841			炎症後肺線維症	
L720			炎症性アテローム	
K076			炎症性開口障害	
L449			炎症性角化症	
K648			炎症性外痔核	
H051			炎症性眼窩うっ血	
M4362			炎症性斜頚	
K863			炎症性膵のう胞	
R51			炎症性頭痛	
M0640			炎症性多発性関節障害	
A099			炎症性腸疾患	
K648			炎症性内痔核	
C509			炎症性乳癌	
K048			炎症性傍側性のう胞	
G724			炎症性ミオパチー	
L531			遠心性環状紅斑	
L538			遠心性丘疹性紅斑	
H186			円錐角膜	
K002			円錐歯	
Q938			円錐動脈幹異常顔貌症候群	
G935			延髄圧迫症候群	
I663			延髄外側症候群	
G950			延髄空洞症	
D431			延髄血管芽細胞腫	
I635			延髄梗塞	
I635			延髄梗塞・急性期	
I635			延髄梗塞・慢性期	
I613			延髄出血	
D431			延髄腫瘍	
C717			延髄神経膠腫	
I663			延髄性うつ病	
C717			延髄星細胞腫	
R200			延髄性知覚消失	
S063			延髄損傷	
S0631			延髄損傷・頭蓋内に達する開放創合併あり	
S0630			延髄損傷・頭蓋内に達する開放創合併なし	
G838			延髄麻痺	
T594			塩素ガス中毒	
J47			円柱状気管支拡張症	
R828			円柱尿	
B341			エンテロウイルス感染症	
A870			エンテロウイルス髄膜炎	
B085			エンテロウイルス性水疱性咽頭炎	
B088			エンテロウイルス性リンパ結節性咽頭炎	
A850			エンテロウイルス脊髄炎	
A083			エンテロウイルス腸炎	
A850			エンテロウイルス脳炎	
A850			エンテロウイルス脳脊髄炎	
K908			エンテロキナーゼ欠損症	
A498			エンテロバクター属感染	
J156			エンテロバクター肺炎	
B468			エントモフトラ症	
R688			エンドトキシン血症	
R578			エンドトキシン性ショック	
T828			エンドリーク	
L930			円板状エリテマトーデス	
B005			円板状角膜炎	
L400			円板状乾癬	
M2316			円板状外側半月板	
M2313			円板状内側半月板	
M2319			円板状半月板	
M4029			円背	
N288			塩類喪失性腎炎	
R829			塩類尿	
M351			オーバーラップ症候群	
D818			オーメン症候群	
T888			オーラルスクリーン破損	
T888			オーラルスクリーン不適合	
G711			オイレンブルグ病	
O322			横位	
P031			横位新生児	
P031			横位胎児	
O322			横位のための母体管理	
R091			横隔胸膜炎	
G588			横隔神経麻痺	
J986			横隔膜炎	
K650			横隔膜下膿瘍	
K650			横隔膜下腹膜炎	
Q791			横隔膜挙上症	
Q791			横隔膜形成不全	
R066			横隔膜痙攣症	
Q791			横隔膜欠損	
T858			横隔膜交通症	
Q791			横隔膜弛緩症	
J986			横隔膜腫瘤	
Q791			横隔膜先天奇形	
S278			横隔膜損傷	
S2781			横隔膜損傷・胸腔に達する開放創合併あり	
S2780			横隔膜損傷・胸腔に達する開放創合併なし	
C798			横隔膜転移	
K449			横隔膜ヘルニア	
K440			横隔膜ヘルニア嵌頓	
J986			横隔膜麻痺	
K660			横隔膜癒着	
Q188			横顔裂	
R11			嘔気	
G728			横筋麻痺	
A488			黄菌毛症	
K634			横行結腸下垂症	
C184			横行結腸癌	
K566			横行結腸狭窄症	
K573			横行結腸憩室	
K573			横行結腸憩室炎	
K573			横行結腸憩室出血	
K572			横行結腸憩室穿孔	
D374			横行結腸腫瘍	
C184			横行結腸神経内分泌細胞癌	
C184			横行結腸神経内分泌腫瘍	
D123			横行結腸腺腫	
K573			横行結腸多発憩室	
D374			横行結腸粘膜下腫瘍	
K635			横行結腸ポリープ	
T1420			横骨折	
H531			黄視症	
E755			黄色腫症	
M4889			黄色靱帯骨化症	
D219			黄色線維腫	
L605			黄色爪症候群	
D763			黄色肉芽腫	
H355			黄色斑眼底	
A410			黄色ぶどう球菌敗血症	
G08			横静脈洞血栓症	
B359			黄癬	
Q667			凹足	
E283			黄体機能不全	
N831			黄体血腫	
D27			黄体腫	
N831			黄体のう胞	
R17			黄疸	
A270			黄疸出血性レプトスピラ症	
G373			横断性脊髄症	
R11			嘔吐症	
T08-1			横突起開放骨折	
T08-0			横突起骨折	
A959			黄熱	
H353			黄斑萎縮	
H353			黄斑円孔	
H330			黄斑円孔網膜剥離	
H356			黄斑下出血	
H470			黄斑視神経変性症	
H353			黄斑症	
H353			黄斑障害	
H355			黄斑ジストロフィー	
H353			黄斑のう胞	
H350			黄斑部血管走行異常	
Q141			黄斑部コロボーマ	
H356			黄斑部出血	
H358			黄斑部術後浮腫	
H354			黄斑部白斑	
H310			黄斑部瘢痕	
H358			黄斑部浮腫	
Q141			黄斑偏位	
H353			黄斑変性	
H353			黄斑裂孔	
A70			オウム病	
A70			オウム病肺炎	
D219			横紋筋腫	
C499			横紋筋肉腫	
M6289			横紋筋融解	
R509			往来寒熱	
Q269			大型静脈の先天奇形	
Q259			大型動脈の先天奇形	
G404			大田原症候群	
D223			太田母斑	
R688			悪寒	
R688			悪寒戦慄	
R508			悪寒発熱	
E830			オクシピタル・ホーン症候群	
R14			おくび	
T888			オクルーザルスプリント破損	
T888			オクルーザルスプリント不適合	
H536			小口病	
R688			お血	
B744			オザルド糸状虫感染	
R11			悪心	
M925			オスグッド・シュラッター病	
Q872			オステルライヒ・ターナー症候群	
Q758			オストラム・フルスト症候群	
I330			オスラー結節	
I780			オスラー病	
T140			汚染擦過創	
T141			汚染創	
O210			悪阻	
R452			落ち込み	
K834			オディ括約筋収縮	
O323			頤位のための母体管理	
K122			オトガイ下膿瘍	
S043			オトガイ神経損傷	
R202			オトガイ神経知覚異常	
G509			オトガイ神経麻痺	
K070			オトガイ前突症	
K071			オトガイ非対称	
R201			オトガイ部知覚低下	
K070			オトガイ劣成長	
A921			オニオニオン熱	
B660			オピストルキス症	
D732			オピッツ病	
T888			オブチュレーター破損	
T888			オブチュレーター不適合	
R258			オプソクローヌス	
A981			オムスク出血熱	
L22			おむつ皮膚炎	
G238			オリーブ橋小脳萎縮症	
Q784			オリエ病	
F523			オルガズム機能不全	
E724			オルニチントランスカルバミラーゼ欠損症	
E798			オロチン酸尿症	
D530			オロチン酸尿性貧血	
A930			オロプーシェウイルス病	
A440			オロヤ熱	
H833			音響外傷	
B73			オンコセルカ症	
D591			温式自己免疫性溶血性貧血	
R498			音声障害	
R498			音声衰弱症	
F951			音声性チック障害	
R203			温痛覚過敏	
R202			温度感覚異常	
R203			温度感覚過敏	
L502			温熱じんま疹	
L590			温熱性紅斑	
Q897			カーニー複合	
T600			カーバメート中毒	
Q870			カーペンター症候群	
H498			カーンズ・セイアー症候群	
K108			開花性セメント質骨異形成症	
R482			開眼失行	
M1239			回帰性リウマチ	
A689			回帰熱	
T818			開胸術後疼痛症候群	
S241			下位胸髄損傷	
S141			下位頚髄損傷	
D532			壊血病性貧血	
K072			開咬	
K075			開口障害	
K076			開口不全	
H511			開散不全	
H518			開散麻痺	
H180			カイザー・フライシャー輪	
O839			介助分娩	
L258			海水浴皮膚炎	
B86			疥癬	
O329			回旋異常	
M751			回旋腱板症候群	
H505			回旋斜位	
H504			回旋斜視	
H55			回旋性眼振	
B779			回虫症	
B778			回虫症肺炎	
T619			貝中毒	
K550			回腸壊死	
A099			回腸炎	
C172			回腸カルチノイド	
C172			回腸癌	
K566			回腸狭窄	
K500			回腸クローン病	
K571			回腸憩室炎	
K571			回腸憩室症	
K570			回腸憩室穿孔	
A183			回腸結核	
C172			回腸消化管間質腫瘍	
C172			回腸神経内分泌細胞癌	
C172			回腸神経内分泌腫瘍	
K561			回腸重積症	
M2147			開張足	
Z936			回腸導管形成状態	
T838			回腸導管出口部狭窄	
T183			回腸内異物	
K918			回腸のう炎	
Q412b			回腸閉鎖	
N321			回腸膀胱瘻	
K638			回腸ポリープ	
D133			回腸ポリープ症	
D133			回腸末端リンパ腺胞増多症	
Z432			回腸瘻開口部に対する手当て	
Z932			回腸瘻造設状態	
Q632			回転異常腎	
H819			回転性めまい	
Z900			開頭術後骨欠損	
G561			回内筋症候群	
M2167			回内足	
Q659			開排制限	
G402			海馬硬化を伴う内側側頭葉てんかん	
F606			回避性パーソナリティ障害	
R492			開鼻声	
T889			開腹術後愁訴	
H401			開放隅角緑内障	
T1421			開放骨折	
S3631			開放性胃損傷	
S0631			開放性一次性脳幹外傷	
S3671			開放性胃腸管穿孔破裂	
S3671			開放性胃腸管損傷	
S3631			開放性胃破裂	
S0631			開放性延髄損傷	
S3611			開放性肝損傷	
S3611			開放性肝内血腫	
S3611			開放性肝被膜下血腫	
T1421			開放性陥没骨折	
S3611			開放性外傷性肝破裂	
S2701			開放性外傷性気胸	
S0661			開放性外傷性くも膜下出血	
S2721			開放性外傷性血気胸	
S2711			開放性外傷性血胸	
S0651			開放性外傷性硬膜下水腫	
S3791			開放性外傷性骨盤内血腫	
S0681			開放性外傷性小脳血腫	
S2781			開放性外傷性食道破裂	
S2681			開放性外傷性心臓破裂	
S3701			開放性外傷性腎血腫	
S0681			開放性外傷性髄液耳漏	
S0681			開放性外傷性髄液鼻漏	
S0621			開放性外傷性脳圧迫	
S0681			開放性外傷性脳室内出血	
F072			開放性外傷性脳症	
S0681			開放性外傷性脳動脈瘤	
S0631			開放性外傷性脳内血腫	
S0611			開放性外傷性脳浮腫	
S3601			開放性外傷性脾破裂	
S2741			開放性気管支損傷	
S0631			開放性基底核部脳損傷	
S2791			開放性気道損傷	
S0651			開放性急性硬膜下血腫	
S0641			開放性急性硬膜外血腫	
S2781			開放性胸管損傷	
S2751			開放性胸部気管損傷	
S2761			開放性胸膜損傷	
S0631			開放性局所性脳挫傷	
S0631			開放性局所性脳損傷	
S9211			開放性距骨下脱臼骨折	
S3651			開放性結腸損傷	
S0641			開放性後頭蓋窩硬膜外血腫	
S0691			開放性後頭部外傷	
S0651			開放性硬膜下血腫	
S0641			開放性硬膜外血腫	
S0691			開放性硬膜損傷	
S3791			開放性骨盤内臓器損傷	
S8281			開放性三果骨折	
S3761			開放性子宮穿孔	
S3761			開放性子宮損傷	
S0641			開放性矢状洞部硬膜外血腫	
S3691			開放性消化管血腫	
S3641			開放性小腸損傷	
S0631			開放性小脳挫傷	
S2781			開放性食道損傷	
S2681			開放性心臓挫傷	
S2691			開放性心臓損傷	
S2781			開放性縦隔血腫	
S3641			開放性十二指腸損傷	
S3701			開放性腎損傷	
S3701			開放性腎破裂	
S3621			開放性膵損傷	
S3621			開放性膵臓破裂	
S5291			開放性前腕骨折	
S8281			開放性足関節脱臼粉砕骨折	
S2771			開放性多発性胸腔内臓器損傷	
S3771			開放性多発性骨盤内臓器損傷	
S3671			開放性多発性腹腔内臓器損傷	
S3611			開放性胆管損傷	
S3611			開放性胆のう損傷	
M8695			開放性大腿骨骨髄炎	
T143			開放性脱臼	
T1421			開放性脱臼骨折	
S0641			開放性遅発性硬膜外血腫	
S3691			開放性腸管損傷	
S3691			開放性腸管破裂	
S3681			開放性腸間膜損傷	
S3661			開放性直腸損傷	
S5261			開放性橈骨尺骨遠位端骨折	
S0691			開放性頭部損傷	
S2251			開放性動揺胸郭	
S2681			開放性鈍的心臓外傷	
S3711			開放性尿管挫傷	
S3711			開放性尿管損傷	
S3711			開放性尿管断裂	
S3731			開放性尿道損傷	
S3731			開放性尿道断裂	
S3791			開放性尿路損傷	
S0631			開放性脳幹挫傷	
S0621			開放性脳挫創	
S0691			開放性脳損傷	
T798			開放性脳損傷髄膜炎	
S0691			開放性脳対側損傷	
S0691			開放性脳直撃損傷	
S0621			開放性脳底部挫傷	
S2731			開放性肺挫傷	
S2731			開放性肺損傷	
S2731			開放性肺破裂	
S0651			開放性半球間硬膜下血腫	
S0681			開放性皮質下脳損傷	
S3601			開放性脾損傷	
S0621			開放性びまん性脳損傷	
S3691			開放性腹腔内臓器損傷	
S3781			開放性副腎損傷	
T1421			開放性粉砕骨折	
S3721			開放性膀胱損傷	
S0681			開放性傍大脳鎌血腫	
S3751			開放性卵管損傷	
S3741			開放性卵巣損傷	
T141			開放創	
C719			海綿芽細胞腫	
T888			開面金属冠脱離	
T888			開面金属冠破損	
T888			開面金属冠不適合	
D180			海綿状血管腫	
G08			海綿静脈洞血栓症	
I676			海綿静脈洞症候群	
Q281			海綿静脈洞部海綿状血管腫	
Q615			海綿腎	
N482			海綿体炎	
N488			海綿体血栓症	
N482			海綿体膿瘍	
C180			回盲部癌	
K573			回盲部憩室	
K573			回盲部憩室炎	
A183			回盲部結核	
K353			回盲部周囲膿瘍	
D374			回盲部腫瘍	
R190			回盲部腫瘤	
K561			回盲部腸重積症	
R103			回盲部痛	
J029			潰瘍性咽頭炎	
R02			潰瘍性壊疽	
K648			潰瘍性外痔核	
H010			潰瘍性眼瞼炎	
K121			潰瘍性口内炎	
K051			潰瘍性歯肉炎	
K648			潰瘍性痔核	
A199			潰瘍性粟粒結核	
K519			潰瘍性大腸炎	
K515			潰瘍性大腸炎・左側大腸炎型	
K510			潰瘍性大腸炎・全大腸炎型	
K513			潰瘍性大腸炎・直腸Ｓ状結腸炎型	
K512			潰瘍性大腸炎・直腸炎型	
O996			潰瘍性大腸炎合併妊娠	
K519			潰瘍性大腸炎再燃	
Z904			潰瘍性大腸炎術後	
K519			潰瘍性大腸炎性若年性関節炎	
K648			潰瘍性内痔核	
J310			潰瘍性鼻炎	
N308			潰瘍性膀胱炎	
L88			潰瘍性慢性膿皮症	
A184			潰瘍性狼瘡	
L905			潰瘍瘢痕	
F444			解離性運動障害	
F446			解離性感覚障害	
H55			解離性眼振	
I710			解離性胸部大動脈瘤	
F445			解離性痙攣	
F440			解離性健忘	
F442			解離性昏迷	
F449			解離性障害	
I710			解離性大動脈瘤	
I710			解離性大動脈瘤ＤｅＢａｋｅｙＩ	
I710			解離性大動脈瘤ＤｅＢａｋｅｙＩＩ	
I710			解離性大動脈瘤ＤｅＢａｋｅｙＩＩＩａ	
I710			解離性大動脈瘤ＤｅＢａｋｅｙＩＩＩｂ	
I710			解離性大動脈瘤ＳｔａｎｆｏｒｄＡ	
I710			解離性大動脈瘤ＳｔａｎｆｏｒｄＢ	
F441			解離性遁走	
I729			解離性動脈瘤	
I670			解離性脳動脈瘤	
Q388			下咽頭異常	
T172			下咽頭異物	
J029			下咽頭炎	
S199			下咽頭外傷	
C139			下咽頭癌	
D180			下咽頭血管腫	
C132			下咽頭後部癌	
D370			下咽頭腫瘍	
S112			下咽頭創傷	
C139			下咽頭肉腫	
D107			下咽頭乳頭腫	
T280			下咽頭熱傷	
S199			下咽頭粘膜損傷	
C131			下咽頭披裂喉頭蓋ひだ癌	
D107			下咽頭良性腫瘍	
G564			カウザルギー	
Q858			カウデン病	
N340			カウパー腺膿瘍	
J676			かえで樹皮はぎ職人肺	
L859			過角化症	
N328			過活動膀胱	
S978			踵圧挫損傷	
M1997			踵関節症	
M7967			踵痛	
S913			踵裂創	
R064			過換気症	
F453			過換気症候群	
R064			過換気テタニー	
G978			過灌流症候群	
K072			過蓋咬合	
G540			過外転症候群	
C411			下顎悪性エナメル上皮腫	
K071			下顎右側偏位	
C411			下顎エナメル上皮癌	
D165			下顎エナメル上皮腫	
D165			下顎エナメル上皮腫・骨外型／周辺型	
D165			下顎エナメル上皮腫・単のう胞型	
D165			下顎エナメル上皮線維腫	
K072			下顎遠心咬合	
S014			下顎開放創	
S0261			下顎角部開放骨折	
S0260			下顎角部骨折	
S014			下顎割創	
R221			下顎下部腫瘤	
S0261			下顎関節突起開放骨折	
S0260			下顎関節突起骨折	
S014			下顎貫通創	
T304			化学外傷	
S014			下顎外傷性異物	
Q078			下顎眼瞼異常運動症候群	
Q754			下顎顔面異骨症	
C411			下顎幻影細胞性歯原性癌	
D165			下顎原始性歯原性腫瘍	
C411			下顎原発性骨内癌	
C411			下顎硬化性歯原性癌	
S017			下顎口唇挫創	
S014			下顎咬創	
K071			下顎後退症	
C411			下顎骨悪性腫瘍	
K102			下顎骨壊死	
K102			下顎骨炎	
S0261			下顎骨開放骨折	
S0261			下顎骨筋突起開放骨折	
S0260			下顎骨筋突起骨折	
S0260			下顎骨骨折	
D165			下顎骨骨腫	
K102			下顎骨骨髄炎	
C411			下顎骨骨肉腫	
K102			下顎骨骨膜炎	
K102			下顎骨骨膜下膿瘍	
K102			下顎骨周囲炎	
K102			下顎骨周囲膿瘍	
D480			下顎骨腫瘍	
K010			下顎骨性完全埋伏智歯	
D165			下顎骨線維腫	
S0261			下顎骨多発開放骨折	
S0260			下顎骨多発骨折	
C411			下顎骨軟骨肉腫	
D165			下顎骨良性腫瘍	
K071			下顎左側偏位	
S008			下顎擦過創	
S008			下顎挫傷	
S014			下顎挫創	
D165			下顎歯牙腫	
D165			下顎歯牙腫・集合型	
D165			下顎歯牙腫・複雑型	
K090			下顎歯原性角化のう胞	
C411			下顎歯原性癌肉腫	
D165			下顎歯原性線維腫	
C411			下顎歯原性肉腫	
D165			下顎歯原性粘液腫	
S014			下顎刺創	
K103			下顎歯槽骨炎	
C031			下顎歯肉癌	
C061			下顎歯肉頬移行部癌	
S0261			下顎枝部開放骨折	
S0260			下顎枝部骨折	
D480			下顎腫瘍	
G248			下顎ジストニア	
K073			下顎水平埋伏智歯	
H605			化学性急性外耳炎	
H102			化学性結膜炎	
K20			化学性食道炎	
S0261			下顎正中部開放骨折	
S0260			下顎正中部骨折	
L253			化学性皮膚炎	
D165			下顎石灰化歯原性のう胞	
D165			下顎石灰化上皮性歯原性腫瘍	
S008			下顎切創	
D165			下顎セメント芽細胞腫	
D165			下顎セメント質骨形成線維腫	
D165			下顎セメント質腫	
D165			下顎腺腫様歯原性腫瘍	
D165			下顎腺様歯原性腫瘍	
K071			下顎前突症	
S014			下顎創傷	
D165			下顎象牙質形成性幻影細胞腫	
D165			下顎象牙質腫	
K070			下顎大顎症	
S008			下顎打撲傷	
R730			化学的糖尿病	
S0261			下顎頭開放骨折	
K108			下顎頭過形成	
S0260			下顎頭骨折	
D165			下顎頭内軟骨腫	
T200			下顎熱傷	
K102			下顎膿瘍	
S008			下顎皮下血腫	
K071			下顎非対称	
C433			下顎部悪性黒色腫	
C490			下顎部横紋筋肉腫	
C443			下顎部基底細胞癌	
S008			下顎部挫傷	
R220			下顎部腫脹	
D487			下顎部腫瘍	
R221			下顎部腫瘤	
D233			下顎部石灰化上皮腫	
T201			下顎部第１度熱傷	
T202			下顎部第２度熱傷	
T203			下顎部第３度熱傷	
S008			下顎部打撲傷	
L235			化学物質アレルギー性接触皮膚炎	
T659			化学物質過敏症	
J680			化学物質性気管支炎	
J681			化学物質性肺水腫	
L020			下顎部膿瘍	
R220			下顎部皮下腫瘤	
C443			下顎部皮膚癌	
S018			下顎部皮膚欠損創	
L032			下顎部蜂巣炎	
D043			下顎部ボーエン病	
C443			下顎部メルケル細胞癌	
C443			下顎部有棘細胞癌	
B07			下顎部疣贅	
D165			下顎扁平歯原性腫瘍	
C411			下顎明細胞性歯原性癌	
K100			下顎隆起	
K072			下顎両側臼歯舌側転位咬合	
R11			化学療法に伴う嘔吐症	
R590			下顎リンパ節腫脹	
S014			下顎裂創	
C431			下眼瞼悪性黒色腫	
C441			下眼瞼基底細胞癌	
D221			下眼瞼青色母斑	
S002			下眼瞼切創	
C441			下眼瞼皮膚癌	
D231			下眼瞼皮膚良性腫瘍	
H028			下眼瞼浮腫	
D221			下眼瞼扁平母斑	
H000			下眼瞼蜂巣炎	
D041			下眼瞼ボーエン病	
D221			下眼瞼母斑	
D221			下眼瞼母斑細胞母斑	
C441			下眼瞼有棘細胞癌	
B07			下眼瞼疣贅	
T182			柿胃石	
O758			過期産	
P082			過期産児	
T612			カキ中毒症	
J440			下気道感染を伴う慢性閉塞性肺疾患	
O48			過期妊娠	
R509			夏期熱	
O624			過強陣痛	
P036			過強陣痛新生児	
P036			過強陣痛胎児	
Q604			寡巨大糸球体症	
G248			過緊張性発声障害	
M205			鉤爪趾	
G459			可逆性虚血性神経障害	
I678			可逆性後白質脳症症候群	
I678			可逆性脳血管攣縮症候群	
H810			蝸牛型メニエール病	
H905			蝸牛神経性難聴	
H802			蝸牛耳硬化症	
P579			核黄疸	
P579			核黄疸Ｉ期	
P579			核黄疸ＩＩ期	
P579			核黄疸ＩＩＩ期	
P579			核黄疸ＩＶ期	
L858			角化棘細胞腫	
H512			核間性眼筋麻痺	
H162			角結膜炎	
H188			角結膜乾燥症	
S050			角結膜擦過傷	
H162			角結膜びらん	
T266			角結膜腐蝕	
H251			核硬化症性白内障	
B358			角質増殖型白癬	
L859			角質増殖症	
M4380			角状後弯	
K005			殻状歯	
F152			覚醒剤依存症	
F155			覚醒剤精神病	
T436			覚醒剤中毒	
F157			覚醒剤中毒後遺症	
H251			核性白内障	
R093			喀痰	
R093			喀痰喀出困難	
R848			喀痰検査異常	
S0290			拡大性頭蓋骨折	
T888			拡大ネジ付き機能的顎矯正装置破損	
T888			拡大ネジ付き機能的顎矯正装置不適合	
R011			拡張期雑音	
I420			拡張相肥大型心筋症	
I839			拡張蛇行静脈	
Q828			角皮症	
T266			角膜アルカリ化学熱傷	
H188			角膜萎縮	
T868			角膜移植拒絶反応	
Z947			角膜移植後	
Z525			角膜移植ドナー	
T853			角膜移植片の機械的合併症	
T150			角膜異物	
H169			角膜炎	
H160			角膜潰瘍	
H187			角膜拡張症	
H188			角膜乾燥症	
S050			角膜血腫	
H209			角膜虹彩炎	
H179			角膜混濁	
S050			角膜擦過傷	
T266			角膜酸化学熱傷	
T266			角膜酸性熱傷	
S051			角膜挫傷	
S053			角膜挫創	
H180			角膜色素沈着	
H189			角膜疾患	
H184			角膜脂肪変性	
H189			角膜周囲充血	
H189			角膜症	
B49			角膜真菌症	
H182			角膜浸潤	
T150			角膜深層異物	
H185			角膜ジストロフィー	
H178			角膜実質混濁	
H188			角膜上皮欠損	
H178			角膜上皮混濁	
S050			角膜上皮損傷	
H188			角膜上皮剥離	
H161			角膜上皮びらん	
S053			角膜切傷	
S053			角膜切創	
H160			角膜穿孔	
S053			角膜創傷	
S050			角膜損傷	
B023			角膜帯状疱疹	
H188			角膜知覚過敏	
H188			角膜知覚消失	
H188			角膜知覚鈍麻	
H180			角膜着色	
H160			角膜中心潰瘍	
T150			角膜鉄片異物	
D311			角膜デルモイド	
H168			角膜内皮炎	
H189			角膜内皮障害	
H184			角膜軟化	
T261			角膜熱傷	
C691			角膜の悪性腫瘍	
H163			角膜膿瘍	
H179			角膜白濁	
H178			角膜白斑	
H188			角膜剥離	
S053			角膜破裂	
H179			角膜斑	
H179			角膜瘢痕	
H164			角膜パンヌス	
T150			角膜表層異物	
H160			角膜びらん	
H182			角膜浮腫	
H162			角膜腐蝕	
H522			角膜不正乱視	
H187			角膜ぶどう腫	
H179			角膜片雲	
H184			角膜変性症	
H522			角膜乱視	
H187			角膜瘤	
D311			角膜良性腫瘍	
S053			角膜裂傷	
Q633			過形成腎	
I712			下行胸部大動脈瘤	
Q438			下行結腸過長症	
C186			下行結腸癌	
K566			下行結腸狭窄	
K573			下行結腸憩室	
K573			下行結腸憩室炎	
K573			下行結腸憩室出血	
K572			下行結腸憩室穿孔	
D374			下行結腸腫瘍	
C186			下行結腸神経内分泌細胞癌	
C186			下行結腸神経内分泌腫瘍	
D124			下行結腸腺腫	
K573			下行結腸多発憩室	
D374			下行結腸粘膜下腫瘍	
K635			下行結腸ポリープ	
G819			下交叉性片麻痺	
C430			下口唇悪性黒色腫	
C440			下口唇基底細胞癌	
D180			下口唇血管腫	
D220			下口唇青色母斑	
C440			下口唇皮膚癌	
D230			下口唇皮膚良性腫瘍	
D220			下口唇扁平母斑	
D040			下口唇ボーエン病	
D220			下口唇母斑	
D220			下口唇母斑細胞母斑	
C440			下口唇有棘細胞癌	
H472			下行性視神経萎縮	
H46			下行性視神経炎	
Q859			過誤腫	
D694			カサバッハ・メリット症候群	
K318			過酸症	
R090			仮死	
C437			下肢悪性黒色腫	
C765			下肢悪性腫瘍	
T138			下肢圧挫損傷	
T133			下肢一過性伝導障害	
M7260			下肢壊死性筋膜炎	
R02			下肢壊疽	
T930			下肢開放創後遺症	
M2559			下肢関節痛	
T139			下肢外傷	
T939			下肢外傷後遺症	
Q749			下肢奇形	
I743			下肢急性動脈閉塞症	
M6259			下肢筋萎縮	
M7919			下肢筋肉痛	
M6259			下肢筋廃用萎縮	
R252			下肢痙縮	
Q729			下肢形成不全	
R252			下肢痙攣	
I739			下肢血行障害	
I800			下肢血栓性静脈炎	
I839			下肢血栓性静脈瘤	
M6599			下肢腱腱鞘炎	
R53			下肢倦怠感	
R234			下肢硬結	
M2459			下肢拘縮	
T932			下肢骨折後遺症	
M939			下肢骨軟骨症	
T130			下肢挫傷	
T940			下肢挫傷後遺症	
G578			下肢趾間神経腫	
G831			下肢弛緩性麻痺	
R02			下肢趾脱疽	
R208			下肢しびれ	
R224			下肢腫脹	
R233			下肢出血斑	
T133			下肢神経損傷	
M7929			下肢神経痛	
M929			下肢若年性骨軟骨症	
D047			下肢上皮内癌	
I803			下肢静脈炎	
I802			下肢静脈血栓症	
I802			下肢静脈血栓症後遺症	
I839			下肢静脈性血管瘤	
I839			下肢静脈瘤	
I830			下肢静脈瘤性潰瘍	
G258			下肢静止不能症候群	
T136			下肢切断	
S043			下歯槽神経損傷	
G509			下歯槽神経麻痺	
T139			下肢損傷	
T0291			下肢多発開放骨折	
T0290			下肢多発骨折	
M2179			下肢短縮萎縮	
Q825			下肢単純性血管腫	
G831			下肢単麻痺	
T241			下肢第１度熱傷	
T242			下肢第２度熱傷	
T243			下肢第３度熱傷	
R298			下肢脱力感	
T130			下肢打撲	
R202			下肢知覚異常	
R201			下肢知覚低下	
M7969			下肢痛	
J677			加湿器肺	
L010			下肢伝染性膿痂疹	
L97			下肢難治性皮膚潰瘍	
T240			下肢熱傷	
L043			下肢の急性リンパ節炎	
D037			下肢の上皮内黒色腫	
I724			下肢の動脈瘤	
L97			下肢皮膚潰瘍	
C447			下肢皮膚癌	
T133			下肢皮膚知覚神経損傷	
T130			下肢表在損傷	
R600			下肢浮腫	
G831			下肢不全麻痺	
I7020			下肢閉塞性動脈硬化症	
I7021			下肢閉塞性動脈硬化症・壊疽あり	
M2199			下肢変形	
L031			下肢蜂巣炎	
T934			下肢末梢神経損傷後遺症	
I739			下肢末梢循環障害	
G831			下肢麻痺	
I743			下肢慢性動脈閉塞症	
H502			下斜筋過動	
H490			下斜筋不全麻痺	
H490			下斜筋麻痺	
H502			下斜視	
N915			過少月経	
R632			過食症	
I890			下肢リンパ浮腫	
R208			下肢冷感	
M1219			カシン・ベック病	
C004			下唇癌	
Q386			下唇小帯異常	
Q386			下唇小帯短縮症	
C001			下唇赤唇部癌	
D100			下唇良性腫瘍	
O11			加重型妊娠高血圧腎症	
H252			過熟白内障	
R093			過剰喀痰	
K001			過剰歯	
Q170			過剰耳	
G718			過剰自己貪食を伴うＸ連鎖性ミオパチー	
Q630			過剰腎	
K072			過剰水平被蓋	
F527			過剰性欲	
B355			渦状癬	
Q764			過剰椎骨	
F938			過剰不安障害	
Q926			過剰マーカー染色体	
K011			過剰埋伏歯	
M2137			下垂足	
E229			下垂体機能亢進症	
E230			下垂体機能低下症	
E230			下垂体機能低下に伴う貧血	
D352			下垂体巨大腺腫	
D443			下垂体腫瘍	
E236			下垂体腫瘤	
E237			下垂体障害	
E058			下垂体性ＴＳＨ分泌亢進症	
E230			下垂体性ＴＳＨ分泌低下症	
E220			下垂体性巨人症	
E058			下垂体性甲状腺機能亢進症	
E038			下垂体性甲状腺機能低下症	
E220			下垂体性成長ホルモン分泌亢進症	
E230			下垂体性男子性腺機能低下症	
E232			下垂体性尿崩症	
E230			下垂体性不妊症	
E221			下垂体性プロラクチン分泌亢進症	
N911			下垂体性無月経	
E230			下垂体性卵巣機能低下	
D352			下垂体腺腫	
O998			下垂体腺腫合併妊娠	
E229			下垂体前葉過形成	
E236			下垂体卒中	
E236			下垂体膿瘍	
D352			下垂体微小腺腫	
D352			下垂体良性腫瘍	
G122			仮性球麻痺	
H521			仮性近視	
H509			仮性斜視	
H71			仮性真珠腫	
K863			仮性膵のう胞	
J380			仮性声帯麻痺	
C321			仮声帯癌	
R290			仮性テタニー	
H509			仮性内斜視	
Q563			仮性半陰陽	
N47			仮性包茎	
R34			仮性無尿	
H118			仮性翼状片	
H001			下尖性霰粒腫	
J00			かぜ	
S3230			下前腸骨棘剥離骨折	
E786			家族性ＬＣＡＴ欠損症	
E852			家族性アミロイドーシス	
E851			家族性アミロイドニューロパチー	
E851			家族性アミロイドポリニューロパチー	
G309			家族性アルツハイマー病	
H355			家族性黄斑変性症	
H185			家族性角膜ジストロフィー	
D898			家族性寒冷自己炎症症候群	
G122			家族性筋萎縮性側索硬化症	
A810			家族性クロイツフェルト・ヤコブ病	
G114			家族性痙性対麻痺	
G408			家族性痙攣	
D761			家族性血球貪食性細網症	
E780			家族性高コレステロール血症	
E780			家族性高コレステロール血症・ヘテロ接合体	
E780			家族性高コレステロール血症・ホモ接合体	
E781			家族性高トリグリセライド血症	
E783			家族性高リポ蛋白血症１型	
E780			家族性高リポ蛋白血症２ａ型	
E782			家族性高リポ蛋白血症２ｂ型	
E782			家族性高リポ蛋白血症３型	
E781			家族性高リポ蛋白血症４型	
E783			家族性高リポ蛋白血症５型	
E720			家族性シスチン尿症	
G723			家族性周期性四肢麻痺	
I429			家族性心筋症	
H355			家族性滲出性硝子体網膜症	
I489			家族性心房細動	
E790			家族性若年性高尿酸血症性腎症	
Q615			家族性若年性ネフロンろう	
G901			家族性自律神経異常症	
N079			家族性腎炎	
M357			家族性靱帯弛緩症	
G121			家族性脊髄性筋萎縮症	
D750			家族性赤血球増加症	
E208			家族性単発性副甲状腺機能低下症	
D126			家族性大腸ポリポーシス	
E850			家族性地中海熱	
E232			家族性中枢性尿崩症	
E835			家族性低カルシウム尿性高カルシウム血症	
G238			家族性特発性基底核石灰化症	
M1119			家族性軟骨石灰化症	
G20			家族性パーキンソン病	
G20			家族性パーキンソン病Ｙａｈｒ１	
G20			家族性パーキンソン病Ｙａｈｒ２	
G20			家族性パーキンソン病Ｙａｈｒ３	
G20			家族性パーキンソン病Ｙａｈｒ４	
G20			家族性パーキンソン病Ｙａｈｒ５	
E784			家族性複合型高脂血症	
E881			家族性部分性脂肪萎縮症	
G431			家族性片麻痺性片頭痛	
G253			家族性本態性ミオクローヌス	
D892			家族性免疫グロブリン異化亢進症	
D589			家族性溶血性貧血	
D750			家族性良性赤血球増加症	
Q828			家族性良性慢性天疱瘡	
C492			下腿悪性線維性組織球腫	
C492			下腿悪性軟部腫瘍	
R02			下腿壊死	
M7266			下腿壊死性筋膜炎	
R02			下腿壊疽	
C492			下腿横紋筋肉腫	
S819			下腿汚染創	
S819			下腿開放創	
C492			下腿滑膜肉腫	
M2556			下腿関節痛	
M2186			下腿外捻症	
M674			下腿ガングリオン	
C447			下腿基底細胞癌	
S869			下腿筋腱移行部損傷	
S869			下腿筋断裂	
M7956			下腿筋肉内異物残留	
M8416			下腿偽関節	
D172			下腿血管脂肪腫	
D180			下腿血管腫	
S859			下腿血管損傷	
I800			下腿血栓性静脈炎	
M8406			下腿骨折変形治癒	
T932			下腿骨骨折後拘縮	
M8696			下腿骨骨髄炎	
Q742			下腿骨先天性偽関節	
M8666			下腿骨慢性骨髄炎	
M6226			下腿コンパートメント症候群	
S808			下腿擦過創	
S861			下腿三頭筋損傷	
M7916			下腿三頭筋痛	
S801			下腿挫傷	
S819			下腿挫創	
S878			下腿挫滅傷	
S878			下腿挫滅創	
D172			下腿脂肪腫	
C492			下腿脂肪肉腫	
R224			下腿腫脹	
D487			下腿腫瘍	
R224			下腿腫瘤	
M7926			下腿神経炎	
S849			下腿神経損傷	
P081			過体重児	
I803			下腿静脈炎	
I802			下腿静脈血栓症	
I839			下腿静脈瘤	
D227			下腿青色母斑	
D237			下腿石灰化上皮腫	
S819			下腿切創	
S889			下腿切断	
Z895			下腿切断術後	
T873			下腿切断端神経腫	
C492			下腿線維肉腫	
T240			下腿足部熱傷	
S899			下腿損傷	
S8271			下腿多発開放骨折	
S8270			下腿多発骨折	
S817			下腿多発性開放創	
S807			下腿多発性表在損傷	
A46			下腿丹毒	
Q721			下腿単独欠損	
C492			下腿淡明細胞肉腫	
R298			下腿脱力	
S801			下腿打撲傷	
R202			下腿知覚異常	
T938			下腿陳旧性打撲	
M7966			下腿痛	
L97			下腿難治性皮膚潰瘍	
D481			下腿軟部腫瘍	
T240			下腿熱傷	
L024			下腿膿瘍	
S819			下腿剥皮創	
D481			下腿皮下腫瘍	
R224			下腿皮下腫瘤	
L97			下腿皮膚潰瘍	
C447			下腿皮膚癌	
S819			下腿皮膚欠損創	
D237			下腿皮膚線維腫	
S842			下腿皮膚知覚神経損傷	
D237			下腿皮膚良性腫瘍	
S809			下腿表在損傷	
M8696			下腿複雑骨折後骨髄炎	
R600			下腿浮腫	
C437			下腿部悪性黒色腫	
Q825			下腿部単純性血管腫	
T241			下腿部第１度熱傷	
T242			下腿部第２度熱傷	
T243			下腿部第３度熱傷	
S801			下腿部皮下血腫	
C492			下腿平滑筋肉腫	
D227			下腿扁平母斑	
L031			下腿蜂巣炎	
C492			下腿胞巣状軟部肉腫	
R21			下腿発赤	
D047			下腿ボーエン病	
D227			下腿母斑	
D227			下腿母斑細胞母斑	
C447			下腿メルケル細胞癌	
C447			下腿有棘細胞癌	
C447			下腿隆起性皮膚線維肉腫	
D212			下腿良性軟部腫瘍	
L419			下腿類乾癬	
C492			下腿類上皮肉腫	
S819			下腿裂創	
M754			肩インピンジメント症候群	
S4291			肩開放骨折	
M755			肩滑液包炎	
S430			肩関節亜脱臼	
M753			肩関節異所性骨化	
M1311			肩関節炎	
S4211			肩関節開放性脱臼骨折	
D481			肩関節滑膜骨軟骨腫症	
M1121			肩関節偽痛風	
A180			肩関節結核	
M758			肩関節腱板炎	
S434			肩関節腱板捻挫	
M758			肩関節硬結性腱炎	
M2451			肩関節拘縮	
S430			肩関節後方亜脱臼	
S430			肩関節後方脱臼	
S400			肩関節挫傷	
M2521			肩関節弛緩症	
M750			肩関節周囲炎	
M1991			肩関節症	
S498			肩関節唇損傷	
S430			肩関節前方亜脱臼	
S430			肩関節前方脱臼	
S430			肩関節脱臼	
T923			肩関節脱臼後遺症	
S4210			肩関節脱臼骨折	
T923			肩関節脱臼後拘縮	
S400			肩関節打撲傷	
M2551			肩関節痛症	
M1001			肩関節痛風	
M2401			肩関節内遊離体	
S434			肩関節捻挫	
M2531			肩関節不安定症	
Z892			肩関節離断術後	
H545			片眼重度視力低下	
L042			肩急性リンパ節炎	
T008			肩頚部打撲	
S460			肩腱板完全断裂	
S460			肩腱板損傷	
S460			肩腱板断裂	
S460			肩腱板不全断裂	
N920			過多月経	
S4290			肩骨折	
F808			片こと	
M6281			肩こり	
S408			肩擦過創	
S400			肩挫傷	
M758			肩周囲炎	
D226			肩青色母斑	
M753			肩石灰性腱炎	
L024			肩せつ	
S499			肩損傷	
S400			肩打撲傷	
D481			肩軟部腫瘍	
D036			肩の上皮内黒色腫	
D046			肩の皮膚上皮内癌	
F203			型分類困難な統合失調症	
G474			カタプレキシー	
D226			肩扁平母斑	
L031			肩蜂巣炎	
D226			肩母斑	
D226			肩母斑細胞母斑	
L024			肩よう	
C446			肩隆起性皮膚線維肉腫	
A090			カタル性胃腸炎	
J029			カタル性咽頭炎	
H160			カタル性角膜潰瘍	
H102			カタル性眼炎	
J40			カタル性気管支炎	
H102			カタル性結膜炎	
J370			カタル性喉頭炎	
K121			カタル性口内炎	
R05			カタル性咳	
K140			カタル性舌炎	
J310			カタル性鼻炎	
F442			カタレプシー	
O693			過短臍帯	
Q268			下大静脈・奇静脈結合	
I868			下大静脈拡張	
I822			下大静脈血栓症	
Q268			下大静脈欠損	
Q626			下大静脈後尿管	
I871			下大静脈症候群	
S351			下大静脈損傷	
Z958			下大静脈フィルター留置状態	
I728			下腸間膜動脈瘤	
N920			過長月経	
N47			過長包皮	
H498			下直筋不全麻痺	
H490			下直筋麻痺	
E511			脚気	
E511			脚気症候群	
E511			脚気心	
E511			脚気神経炎	
R042			喀血	
H491			滑車神経萎縮	
S042			滑車神経損傷	
H491			滑車神経麻痺	
D350			褐色細胞腫	
D350			褐色細胞腫性高血圧症	
H251			褐色白内障	
D808			カッパ鎖欠乏症	
M7139			滑液のう腫	
M7199			滑液包炎	
M7149			滑液包石灰沈着症	
M7109			滑液包膿瘍	
Q068			割髄症	
T141			割創	
R463			活動過剰	
K519			活動期潰瘍性大腸炎	
A711			活動期トラコーマ	
A162			活動性肺結核	
K732			活動性慢性肝炎	
R464			活動低下状態	
Q043			滑脳症	
M6599			滑膜炎	
D481			滑膜骨軟骨腫症	
C499			滑膜腫	
M6619			滑膜断裂	
C499			滑膜肉腫	
M6619			滑膜のう胞破裂	
A527			滑膜梅毒	
M672			滑膜肥厚	
M678			滑膜ひだ障害	
T814			カテーテル感染症	
T835			カテーテル関連尿路感染症	
T812			カテーテル検査中血管損傷	
N991			カテーテル導入後尿道狭窄	
T814			カテーテル敗血症	
F910			家庭限局性素行障害	
I428			カテコラミン心筋症	
I472			カテコラミン誘発多形性心室頻拍	
T888			可撤性歯科矯正装置破損	
T888			可撤性歯科矯正装置不適合	
T888			可撤性保隙装置不適合	
T888			可撤性保定装置破損	
T888			可撤性保定装置不適合	
E741			果糖血症	
S630			下橈尺関節脱臼	
E741			果糖尿症	
F988			過度の自慰	
T563			カドミウム中毒	
F840			カナー症候群	
E752			カナバン病	
H910			カナマイ難聴	
R701			過粘稠度症候群	
H168			化膿性角膜炎	
M0099			化膿性関節炎	
M0091			化膿性関節炎・肩関節	
M0091			化膿性関節炎・胸鎖関節	
M0095			化膿性関節炎・股関節	
M0094			化膿性関節炎・指関節	
M0097			化膿性関節炎・趾関節	
M0096			化膿性関節炎・膝関節	
M0093			化膿性関節炎・手関節	
M0095			化膿性関節炎・仙腸関節	
M0097			化膿性関節炎・足関節	
M0092			化膿性関節炎・肘関節	
L732			化膿性汗腺炎	
K750			化膿性肝膿瘍	
K076			化膿性顎関節炎	
H440			化膿性眼内炎	
M6009			化膿性筋炎	
H102			化膿性結膜炎	
M6509			化膿性腱鞘炎	
K134			化膿性口腔粘膜肉芽腫	
H208			化膿性虹彩炎	
J040			化膿性喉頭炎	
K122			化膿性口内炎	
M8699			化膿性骨髄炎	
H001			化膿性霰粒腫	
K053			化膿性歯周炎	
K103			化膿性歯槽骨炎	
K051			化膿性歯肉炎	
R229			化膿性腫瘤	
I301			化膿性心膜炎	
K112			化膿性耳下腺炎	
I809			化膿性静脈炎	
K859			化膿性膵炎	
K863			化膿性膵のう胞	
G042			化膿性脊髄炎	
M4659			化膿性脊椎炎	
L030			化膿性爪囲炎	
K112			化膿性唾液腺炎	
H664			化膿性中耳炎	
M4639			化膿性椎間板炎	
N61			化膿性乳腺炎	
G042			化膿性脳髄膜炎	
L308			化膿性皮膚疾患	
J310			化膿性鼻炎	
J329			化膿性副鼻腔炎	
K650			化膿性腹膜炎	
H208			化膿性ぶどう膜炎	
J36			化膿性扁桃周囲炎	
H309			化膿性網膜炎	
H208			化膿性毛様体炎	
B07			化膿性疣贅	
L049			化膿性リンパ節炎	
M5456			下背部ストレイン	
R91			下肺野陰影	
T291			下半身第１度熱傷	
T292			下半身第２度熱傷	
T293			下半身第３度熱傷	
T290			下半身熱傷	
R600			下半身浮腫	
A929			蚊媒介ウイルス熱	
A928			蚊媒介出血熱	
R238			痂皮	
L010			痂皮性膿痂疹	
R454			過敏症	
M310			過敏性血管炎	
K589			過敏性腸症候群	
R681			過敏性乳児	
J679			過敏性肺炎	
T888			仮封脱離	
F152a			カフェイン依存	
F150a			カフェイン使用による急性精神・行動障害	
F152			カフェイン中毒	
F150			カフェイン等の精神刺激薬使用による急性精神・行動障害	
L813			カフェオレ斑	
S345			下腹神経叢損傷	
S355			下腹静脈損傷	
R103			下腹痛	
S355			下腹動脈損傷	
M6098			下腹部筋炎	
D487			下腹部腫瘍	
R190			下腹部腫瘤	
T211			下腹部第１度熱傷	
T212			下腹部第２度熱傷	
T213			下腹部第３度熱傷	
L022			下腹部膿瘍	
R600			下腹部浮腫	
K439			下腹壁ヘルニア	
J301			花粉症	
S8281			果部開放骨折	
Q870			歌舞伎症候群	
S8280			果部骨折	
K922			下部消化管出血	
C155			下部食道癌	
Q262			下部心臓型総肺静脈還流異常症	
C240			下部胆管癌	
N219			下部尿路結石	
H405			過分泌緑内障	
B390			カプスラーツム急性肺ヒストプラスマ症	
B392			カプスラーツム肺ヒストプラスマ症	
B393			カプスラーツム播種性ヒストプラスマ症	
B394			カプスラーツムヒストプラスマ症	
B391			カプスラーツム慢性肺ヒストプラスマ症	
M0510			カプラン症候群	
H161			貨幣状角膜炎	
L300			貨幣状湿疹	
G448			貨幣状頭痛	
B000			カポジ水痘様発疹症	
C469			カポジ肉腫	
B000			カポジ皮膚炎	
D571			鎌状赤血球症	
D572			鎌状赤血球ベータサラセミア	
D573			鎌状赤血球保因者	
H335			鎌状網膜剥離	
G471			過眠	
Q783			カムラチ・エンゲルマン症候群	
B54			カメルーン熱	
F328			仮面うつ病	
J301			カモガヤ花粉症	
J47			下葉気管支拡張症	
C343			下葉小細胞肺癌	
C343			下葉肺癌	
C343			下葉肺腺癌	
C343			下葉肺大細胞癌	
C343			下葉肺扁平上皮癌	
C343			下葉非小細胞肺癌	
J981			下葉無気肺	
E876			カリウム代謝異常	
K040			カリエスのない歯髄炎	
A835			カリフォルニア脳炎	
D71			顆粒球機能異常症	
D70			顆粒球減少症	
C923			顆粒球肉腫	
H185			顆粒状角膜ジストロフィー	
J312			顆粒性咽頭炎	
A711			顆粒性結膜炎	
E58			カルシウム欠乏症	
E835			カルシウム代謝障害	
E070			カルシトニンの分泌過多	
Q878			カルタゲナー症候群	
C809			カルチノイド	
E340			カルチノイド症候群	
E713			カルニチン回路異常症	
E713			カルニチン欠乏症	
E713			カルニチンパルミトイル転換酵素欠損症	
T421			カルバマゼピン中毒	
E722			カルバミルリン酸合成酵素欠損症	
E230			カルマン症候群	
H353			加齢黄斑変性	
H259			加齢性白内障	
T733			過労	
T796			過労性脛部痛	
E671			カロチン血症	
M303			川崎病	
M303			川崎病性冠動脈瘤	
M303			川崎病による虚血性心疾患	
C229			肝悪性腫瘍	
A064			肝アメーバ症	
K729			肝萎縮	
T864			肝移植拒絶反応	
Z944			肝移植後	
Z526			肝移植ドナー	
T864			肝移植不全	
D376			肝右葉腫瘍	
K729			肝壊死	
K759			肝炎	
K746			肝炎後肝硬変	
D612			肝炎後再生不良性貧血	
H931			感音性耳鳴	
H905			感音難聴	
K519			緩解期潰瘍性大腸炎	
F317			寛解中の双極性感情障害	
F334			寛解中の反復性うつ病性障害	
D180			肝海綿状血管腫	
R202			感覚異常症	
R208			感覚運動障害	
R482			感覚性失行症	
F802			感覚性失語症	
D134			肝過誤腫	
K768			肝下垂症	
K650			肝下膿瘍	
K458			肝鎌状間膜ヘルニア	
C229			肝カルチノイド	
D239			汗管腫	
D134			肝間葉性過誤腫	
S361			肝外傷	
C240			肝外胆管癌	
D135			肝外胆管の良性腫瘍	
Q442			肝外胆道閉鎖症	
K838			肝外閉塞性黄疸	
I81			肝外門脈閉塞症	
C222			肝芽腫	
E740			肝型糖原病	
C220			肝癌	
C795			肝癌骨転移	
E291			宦官症	
C227			肝奇形腫	
R945			肝機能検査異常	
K769			肝機能障害	
B661			肝吸虫症	
R942			換気量減少	
T888			冠形態歯周治療用装置脱離	
T888			冠形態歯周治療用装置破損	
T888			冠形態歯周治療用装置不適合	
F220			関係念慮	
F220			関係妄想	
A188			肝結核	
T463			冠血管拡張薬中毒	
D175			肝血管筋脂肪腫	
D180			肝血管腫	
C223			肝血管肉腫	
M1249			間欠性関節水腫	
H503			間欠性外斜視	
H052			間欠性眼球突出症	
R251			間欠性振戦	
H503			間欠性内斜視	
I739			間欠性跛行	
F638			間欠性爆発障害	
I443			間欠性房室ブロック	
A499			間欠的菌血症	
B54			間欠熱	
K768			肝限局性結節性過形成	
Q828			汗孔角化症	
K741			肝硬化症	
D180			肝硬化性血管腫	
K763			肝梗塞	
K746			肝硬変症	
K746			肝硬変に伴う食道静脈瘤	
K746			肝硬変に伴う食道静脈瘤出血	
A985			韓国型出血熱	
S3241			寛骨臼開放骨折	
S3240			寛骨臼骨折	
M9105			寛骨臼骨若年性骨軟骨症	
M8445			寛骨臼病的骨折	
C220			肝細胞癌	
C220			肝細胞癌破裂	
K729			肝細胞性黄疸	
L304			間擦疹	
D376			肝左葉腫瘍	
D868			肝サルコイドーシス	
E742			神崎病	
S636			環指ＤＩＰ関節尺側側副靱帯損傷	
S636			環指ＤＩＰ関節側副靱帯損傷	
S636			環指ＤＩＰ関節橈側側副靱帯損傷	
S636			環指ＭＰ関節尺側側副靱帯損傷	
S636			環指ＭＰ関節側副靱帯損傷	
S636			環指ＭＰ関節橈側側副靱帯損傷	
S636			環指ＰＩＰ関節尺側側副靱帯損傷	
S636			環指ＰＩＰ関節側副靱帯損傷	
S634			環指ＰＩＰ関節側副靱帯断裂	
S636			環指ＰＩＰ関節橈側側副靱帯損傷	
C436			環指悪性黒色腫	
S670			環指圧挫傷	
S6261			環指開放骨折	
M6504			環指化膿性腱鞘炎	
M674			環指ガングリオン	
S6261			環指基節骨開放骨折	
S6260			環指基節骨骨折	
S6260			環指基節骨骨端線損傷	
C446			環指基底細胞癌	
M2454			環指屈曲拘縮	
M6594			環指屈筋腱腱鞘炎	
S561			環指屈筋腱断裂	
M678			環指屈筋腱癒着	
D180			環指血管腫	
M6594			環指腱鞘炎	
D211			環指腱鞘巨細胞腫	
M200			環指腱性マレット指	
S6260			環指骨折	
M8694			環指骨髄炎	
M200			環指骨性マレット指	
S600			環指挫傷	
S610			環指挫創	
S561			環指小指屈筋腱断裂	
S564			環指小指伸筋腱断裂	
S564			環指伸筋腱損傷	
S564			環指伸筋腱断裂	
M678			環指伸筋腱癒着	
S561			環指深指屈筋腱断裂	
S610			環指切創	
S681			環指切断	
S601			環指爪下血腫	
S636			環指側副靱帯損傷	
S634			環指側副靱帯断裂	
S631			環指脱臼	
T928			環指打撲後遺症	
S6261			環指中節骨開放骨折	
S6260			環指中節骨骨折	
S6260			環指中節骨骨端線損傷	
K769			肝疾患	
K769			肝疾患に伴う貧血	
D684			肝疾患による凝固因子欠乏	
M7964			環指痛	
M6019			間質性筋炎	
H46			間質性視神経炎	
I514			間質性心筋炎	
G609			間質性神経炎	
J849			間質性肺炎	
N301			間質性膀胱炎	
N301			間質性膀胱炎（ハンナ型）	
S636			環指捻挫	
L024			環指膿瘍	
S610			環指剥皮創	
M6534			環指ばね指	
C446			環指皮膚癌	
S610			環指皮膚欠損創	
O813			鉗子分娩	
P032			鉗子分娩による新生児の障害	
O815			鉗子分娩を伴う吸引分娩	
M200			環指変形	
D046			環指ボーエン病	
C224			肝脂肪肉腫	
D226			環指母斑細胞母斑	
S6261			環指末節骨開放骨折	
S6260			環指末節骨亀裂骨折	
S6260			環指末節骨骨折	
S6260			環指末節骨骨端線損傷	
M200			環指マレット指	
K658			肝周囲炎	
K750			肝周囲膿瘍	
R160			肝腫大	
K768			肝出血	
D376			肝腫瘍	
K768			肝腫瘤	
C446			環指有棘細胞癌	
I458			干渉解離	
K769			肝障害	
L743			汗疹	
D134			肝神経腫	
L743			汗疹湿疹化	
D376			肝新生児血管内皮腫	
S131			環軸関節亜脱臼	
M4361			環軸関節回旋位固定	
S131			環軸関節脱臼	
S134			環軸関節捻挫	
S131			環軸変位	
P002			カンジダ感染母体より出生した児	
B379			カンジダ症	
B372			カンジダ性間擦疹	
B374			カンジダ性亀頭炎	
B370			カンジダ性口角びらん	
B378			カンジダ性口唇炎	
B370			カンジダ性口内炎	
B378			カンジダ性股関節炎	
B372			カンジダ性趾間びらん	
B372			カンジダ性指間びらん	
B372			カンジダ性湿疹	
B378			カンジダ性膝関節炎	
B376			カンジダ性心内膜炎	
B375			カンジダ性髄膜炎	
B372			カンジダ性肉芽腫	
B374			カンジダ性尿道炎	
B377			カンジダ性敗血症	
B374			カンジダ性膀胱炎	
Q932			環状２０番染色体症候群	
H250			冠状加齢性白内障	
L532			環状紅斑	
Q540			冠状溝部尿道下裂	
O339			管状骨盤	
D461			環状鉄芽球を伴う不応性貧血	
I251			冠状動脈アテローム性硬化症	
I258			冠状動脈炎	
I248			冠状動脈解離	
I251			冠状動脈狭窄症	
I240			冠状動脈血栓症	
I240			冠状動脈血栓塞栓症	
I251			冠状動脈硬化症	
I219			冠状動脈口閉鎖	
I259			冠状動脈性心疾患	
I240			冠状動脈塞栓症	
I248			冠状動脈不全	
I240			冠状動脈閉塞症	
I254			冠状動脈瘤	
I219			冠状動脈瘤破裂	
R453			感情鈍麻	
L920			環状肉芽腫	
I820			肝静脈血栓症	
I820			肝静脈塞栓症	
S351			肝静脈損傷	
Q211			冠静脈洞型心房中隔欠損症	
K765			肝静脈閉塞症	
E10			緩徐進行１型糖尿病	
E106			緩徐進行１型糖尿病・関節合併症あり	
E103			緩徐進行１型糖尿病・眼合併症あり	
E101			緩徐進行１型糖尿病・ケトアシドーシス合併あり	
E100			緩徐進行１型糖尿病・昏睡合併あり	
E104			緩徐進行１型糖尿病・神経学的合併症あり	
E102			緩徐進行１型糖尿病・腎合併症あり	
E107			緩徐進行１型糖尿病・多発糖尿病性合併症あり	
E109			緩徐進行１型糖尿病・糖尿病性合併症なし	
E105			緩徐進行１型糖尿病・末梢循環合併症あり	
K767			肝腎症候群	
H168			乾性角結膜炎	
H168			乾性角膜炎	
E511			乾性脚気	
K769			肝性胸水	
R091			乾性胸膜炎	
E550			肝性くる病	
K729			肝性昏睡	
R05			乾性咳	
E13			肝性糖尿病	
E133			肝性糖尿病・眼合併症あり	
E131			肝性糖尿病・ケトアシドーシス合併あり	
E130			肝性糖尿病・昏睡合併あり	
E134			肝性糖尿病・神経学的合併症あり	
E132			肝性糖尿病・腎合併症あり	
E137			肝性糖尿病・多発糖尿病性合併症あり	
E136			肝性糖尿病・糖尿病性合併症あり	
E139			肝性糖尿病・糖尿病性合併症なし	
E135			肝性糖尿病・末梢循環合併症あり	
K729			肝性脳症	
R18			肝性腹水	
R609			肝性浮腫	
E802			肝性ポルフィリン症	
R098			乾性ラ音	
M2489			関節あつれき音	
M2599			関節運動障害	
M1399			関節炎	
M7119			関節感染性滑液のう炎	
M088			関節型若年性特発性関節炎	
M0881			関節型若年性特発性関節炎・肩関節	
M0885			関節型若年性特発性関節炎・股関節	
M0887			関節型若年性特発性関節炎・趾関節	
M0884			関節型若年性特発性関節炎・指関節	
M0886			関節型若年性特発性関節炎・膝関節	
M0883			関節型若年性特発性関節炎・手関節	
M0887			関節型若年性特発性関節炎・足関節	
M0880			関節型若年性特発性関節炎・多関節	
M0882			関節型若年性特発性関節炎・肘関節	
Q749			関節奇形	
M2469			関節強直	
A180			関節結核	
T140			関節血腫	
M2509			関節血症	
M2459			関節拘縮	
M2599			関節硬直	
T1420			関節骨折	
M960			関節固定術後偽関節	
T140			関節挫傷	
M2520			関節弛緩症	
T888			間接支台装置破損	
M7799			関節周囲炎	
M1999			関節症	
Z904			肝切除術後	
M2549			関節水腫	
T941			関節脱臼後遺症	
T140			関節打撲	
M2559			関節痛	
T1420			関節内骨折	
M2499			関節内障	
M2409			関節内遊離体	
D480			関節軟骨腫瘍	
M2419			関節軟骨障害	
T941			関節捻挫後遺症	
M0099			関節膿瘍	
M2469			関節不全強直	
M7799			関節包炎	
M0690			関節リウマチ	
M0691			関節リウマチ・肩関節	
M0698			関節リウマチ・顎関節	
M0698			関節リウマチ・胸椎	
M0698			関節リウマチ・頚椎	
M0695			関節リウマチ・股関節	
M0694			関節リウマチ・指関節	
M0697			関節リウマチ・趾関節	
M0696			関節リウマチ・膝関節	
M0693			関節リウマチ・手関節	
M0698			関節リウマチ・脊椎	
M0697			関節リウマチ・足関節	
M0692			関節リウマチ・肘関節	
M0698			関節リウマチ・腰椎	
M0510			関節リウマチ性間質性肺炎	
M0530			関節リウマチ性心炎	
M0530			関節リウマチ性心筋炎	
M0530			関節リウマチ性心膜炎	
M0530			関節リウマチ性ミオパチー	
P008			関節リウマチ母体より出生した児	
M2489			関節ロッキング	
L409			乾癬	
D134			肝線維腫	
K740			肝線維症	
Q446			肝線維のう胞症	
L732			汗腺炎	
J451			感染型気管支喘息	
C449			汗腺癌	
R05			感染後咳嗽	
E033			感染後甲状腺機能低下症	
K060			感染後歯肉退縮	
N351			感染後尿道狭窄	
G048			感染後脳炎	
G048			感染後脳脊髄炎	
D134			肝腺腫	
D239			汗腺腫	
Z209			感染症患者接触	
F063			感染症後うつ病	
P582			感染症による新生児黄疸	
A090			感染性胃腸炎	
J029			感染性咽頭炎	
B99			感染性角膜炎	
H160			感染性角膜潰瘍	
L405			乾癬性関節炎	
M0099			感染性関節炎	
L405			乾癬性関節炎・肩関節	
L405			乾癬性関節炎・股関節	
L405			乾癬性関節炎・指関節	
L405			乾癬性関節炎・膝関節	
L405			乾癬性関節炎・手関節	
L405			乾癬性関節炎・仙腸関節	
L405			乾癬性関節炎・足関節	
L405			乾癬性関節炎・肘関節	
H603			感染性外耳炎	
I712			感染性胸部大動脈瘤	
M6009			感染性筋炎	
A090			感染性下痢症	
J042			感染性喉頭気管炎	
K121			感染性口内炎	
L408			乾癬性紅皮症	
K20			感染性食道炎	
I400			感染性心筋炎	
I330			感染性心内膜炎	
I301			感染性心膜炎	
K858			感染性膵壊死	
N431			感染性精巣水瘤	
L405			乾癬性脊椎炎	
A090			感染性大腸炎	
A090			感染性腸炎	
I776			感染性動脈内膜炎	
I729			感染性動脈瘤	
B359			感染性白癬症	
L303			感染性皮膚炎	
J00			感染性鼻炎	
I714			感染性腹部大動脈瘤	
B07			感染性疣贅	
O068			感染性流産	
K805			肝仙痛	
L748			汗腺膿瘍	
I451			完全右脚ブロック	
Q212			完全型心内膜床欠損症	
E232			完全型中枢性尿崩症	
Q212			完全型房室中隔欠損症	
I454			完全脚ブロック	
T1420			完全骨折	
I447			完全左脚ブロック	
N813			完全子宮脱	
Q625			完全重複腎盂尿管	
Q625			完全重複尿管	
K073			完全水平埋伏智歯	
Q203			完全大血管転位症	
Q203			完全大血管転位症１型	
Q203			完全大血管転位症２型	
Q203			完全大血管転位症３型	
T143			完全脱臼	
L630			完全脱毛症	
R33			完全尿閉	
I442			完全房室ブロック	
K011			完全埋伏歯	
G839			完全麻痺	
K000			完全無歯症	
O039			完全流産	
J312			乾燥性咽頭炎	
J370			乾燥性喉頭炎	
J371			乾燥性喉頭気管炎	
K121			乾燥性口内炎	
J348			乾燥性前鼻炎	
J310			乾燥性鼻炎	
N480			乾燥性閉鎖性亀頭炎	
S361			肝損傷	
S3611			肝損傷・腹腔に達する開放創合併あり	
S3610			肝損傷・腹腔に達する開放創合併なし	
K764			肝臓紫斑病	
C224			肝胎芽性肉腫	
R252			間代強直性痙攣	
R568			間代性痙攣	
D848			肝中心静脈閉鎖症を伴う免疫不全症	
K768			肝中心静脈閉塞症	
S1201			環椎開放骨折	
S1201			環椎関節突起間開放骨折	
S1200			環椎関節突起間骨折	
S131			環椎後頭関節亜脱臼	
S131			環椎後頭関節脱臼	
S134			環椎後頭関節捻挫	
M4321			環椎後頭骨癒合	
S1200			環椎骨折	
S1200			環椎椎弓骨折	
S1200			環椎破裂骨折	
T141			貫通刺創	
T141			貫通銃創	
T147			貫通性挫滅創	
T141			貫通創	
B663			肝蛭症	
T754			感電	
T754			感電死	
X83			感電自殺	
T754			感電自殺未遂	
Q878			カントレル症候群	
K643			嵌頓痔核	
B832			広東住血線虫症	
K802			嵌頓性胆石症	
K430			嵌頓性腹壁瘢痕ヘルニア	
K436			嵌頓性腹壁ヘルニア	
K433			嵌頓性傍ストーマヘルニア	
N47			嵌頓包茎	
I254			冠動静脈瘻	
I728			肝動脈解離	
I254			冠動脈拡張	
Q245			冠動脈起始異常	
I748			肝動脈血栓症	
I251			冠動脈硬化性心疾患	
Z488			肝動脈再建術後	
I251			冠動脈疾患	
Z955			冠動脈ステント植え込み状態	
T828			冠動脈ステント留置後再狭窄	
I251			冠動脈石灰化	
I748			肝動脈塞栓症	
S352			肝動脈損傷	
Q245			冠動脈肺動脈起始症	
Z951			冠動脈バイパス術後	
I258			冠動脈慢性完全閉塞	
Q266			肝動脈門脈瘻	
I728			肝動脈瘤	
S361			肝内血腫	
S3611			肝内血腫・腹腔に達する開放創合併あり	
S3610			肝内血腫・腹腔に達する開放創合併なし	
K805			肝内結石症	
N054			管内性増殖性糸球体腎炎	
K838			肝内胆管拡張症	
C221			肝内胆管癌	
K831			肝内胆管狭窄	
Q445			肝内胆管減少症	
K830			肝内胆細管炎	
K710			肝内胆汁うっ滞	
Q441			肝内胆のう	
K710			肝内閉塞性黄疸	
T825			肝内門脈下大静脈短絡ステント狭窄	
K753			肝肉芽腫	
L600			陥入爪	
O720			嵌入胎盤	
O730			嵌入胎盤・出血を伴わない	
R482			観念運動失行	
R482			観念失行	
D134			肝のう腫	
D430			間脳腫瘍	
F078			間脳症	
F24			感応精神病	
F24			感応性妄想性障害	
K768			肝のう胞	
C227			肝のう胞腺癌	
K750			肝膿瘍	
P150			肝の分娩損傷	
K768			肝肺症候群	
L811			肝斑	
A527			肝梅毒	
C861			肝脾Ｔ細胞リンパ腫	
R162			肝脾腫	
B659			肝脾住血吸虫症	
S367			肝脾打撲傷	
S361			肝被膜下血腫	
S3611			肝被膜下血腫・腹腔に達する開放創合併あり	
S3610			肝被膜下血腫・腹腔に達する開放創合併なし	
L853			乾皮症	
A045			カンピロバクター腸炎	
K768			肝浮腫	
K729			肝不全	
C224			肝平滑筋肉腫	
E831			肝ヘモクロマトーシス	
B678			肝包虫症	
J00			感冒	
A090			感冒性胃腸炎	
A090			感冒性大腸炎	
A090			感冒性腸炎	
J118			感冒性腹症	
T1420			陥没骨折	
N645			陥没乳頭	
L301			汗疱	
B353			汗疱状白癬	
L301			汗疱性湿疹	
B838			肝毛頭虫症	
C229			肝門部癌	
D376			肝門部腫瘍	
C240			肝門部胆管癌	
C772			肝門部リンパ節転移	
D481			間葉腫	
A162			乾酪性肺炎	
J329			乾酪性副鼻腔炎	
D134			肝良性腫瘍	
D591			寒冷凝集素症	
D596			寒冷血色素尿症	
G448			寒冷刺激による頭痛	
L502			寒冷じんま疹	
D591			寒冷溶血素症候群	
I201			冠攣縮性狭心症	
C183			肝弯曲部癌	
D126			ガードナー症候群	
C519			外陰悪性黒色腫	
C519			外陰悪性腫瘍	
S380			外陰圧挫傷	
N905			外陰萎縮	
N762			外陰炎	
S314			外陰開放創	
N766			外陰潰瘍	
S399			外陰外傷	
C519			外陰癌	
A181			外陰結核	
D171			外陰血管脂肪腫	
O717			外陰血腫	
S380			外陰挫滅傷	
S380			外陰挫滅創	
D171			外陰脂肪腫	
D397			外陰腫瘍	
N909			外陰腫瘤	
B373			外陰真菌症	
N903			外陰上皮異形成	
N900			外陰上皮異形成・異型度１	
N901			外陰上皮異形成・異型度２	
N902			外陰上皮異形成・異型度３	
D397			外陰上皮内腫瘍	
I863			外陰静脈瘤	
J450			外因性喘息	
D280			外陰線維腫	
S399			外陰損傷	
T211			外陰第１度熱傷	
T212			外陰第２度熱傷	
T213			外陰第３度熱傷	
T192			外陰内異物	
T210			外陰熱傷	
N907			外陰のう胞	
N764			外陰膿瘍	
N904			外陰白斑症	
N906			外陰肥大	
D038			外陰表皮内黒色腫	
N908			外陰浮腫	
C519			外陰部アポクリン腺癌	
M7265			外陰部壊死性筋膜炎	
N904			外陰部角化症	
B373			外陰部カンジダ症	
D180			外陰部血管腫	
S302			外陰部挫傷	
S314			外陰部挫創	
N908			外陰部出血	
D071			外陰部上皮内癌	
S314			外陰部切創	
A630			外陰部尖圭コンジローマ	
L292			外陰部そう痒症	
B029			外陰部帯状疱疹	
B373			外陰部腟カンジダ症	
R102			外陰部痛	
L010			外陰部膿痂疹	
C519			外陰部パジェット病	
L309			外陰部皮膚炎	
N766			外陰部びらん	
A600			外陰部ヘルペス	
B07			外陰部ボーエン様丘疹症	
C519			外陰部有棘細胞癌	
S314			外陰部裂傷	
M352			外陰ベーチェット病	
N843			外陰ポリープ	
D280			外陰良性腫瘍	
M841			外顆偽関節症	
D231			外眼角皮膚良性腫瘍	
H499			外眼筋不全麻痺	
H498			外眼筋麻痺	
H058			外眼筋ミオパチー	
M926			外脛骨若年性骨軟骨症	
S152			外頚静脈損傷	
I770			外頚動脈海綿静脈洞瘻	
I720			外頚動脈瘤	
D169			外骨腫	
H505			外斜位	
H501			外斜視	
T149			外傷	
T941			外傷後遺症	
F348			外傷後遺症性うつ病	
M165			外傷後股関節症	
M8989			外傷後骨膜下骨化	
M173			外傷後膝関節症	
G913			外傷後水頭症	
T799			外傷後早期合併症	
S068			外傷後遅発性脳卒中	
N350			外傷後尿道狭窄	
N350			外傷後膀胱頚部狭窄	
T144			外傷性一過性麻痺	
T141			外傷性異物	
S3780			外傷性陰のう水腫	
S278			外傷性横隔膜ヘルニア	
S2781			外傷性横隔膜ヘルニア・胸腔に達する開放創合併あり	
S2780			外傷性横隔膜ヘルニア・胸腔に達する開放創合併なし	
H169			外傷性角膜炎	
H160			外傷性角膜潰瘍	
S056			外傷性角膜穿孔	
M1911			外傷性肩関節症	
M2531			外傷性肩関節不安定症	
S480			外傷性肩関節部切断	
S042			外傷性滑車神経損傷	
M1919			外傷性関節症	
M1259			外傷性関節障害	
S361			外傷性肝破裂	
S3611			外傷性肝破裂・腹腔に達する開放創合併あり	
S3610			外傷性肝破裂・腹腔に達する開放創合併なし	
S302			外傷性外陰血腫	
S3780			外傷性外陰出血	
H613			外傷性外耳道狭窄症	
S044			外傷性外転神経損傷	
S098			外傷性外リンパ瘻	
K076			外傷性顎関節炎	
K092			外傷性顎骨のう胞	
H054			外傷性眼球陥没症	
S059			外傷性眼球ろう	
H506			外傷性眼筋麻痺	
L818			外傷性顔面刺青	
S045			外傷性顔面神経損傷	
S045			外傷性顔面神経麻痺	
S270			外傷性気胸	
S2701			外傷性気胸・胸腔に達する開放創合併あり	
S2700			外傷性気胸・胸腔に達する開放創合併なし	
S048			外傷性嗅覚消失	
S048			外傷性嗅神経損傷	
G128			外傷性球麻痺	
S250			外傷性胸部大動脈解離	
S276			外傷性胸膜炎	
T790			外傷性空気塞栓症	
S066			外傷性くも膜下出血	
S0661			外傷性くも膜下出血・頭蓋内に達する開放創合併あり	
S0660			外傷性くも膜下出血・頭蓋内に達する開放創合併なし	
H403			外傷性隅角解離	
S090			外傷性頚動脈海綿静脈洞瘻	
S134			外傷性頚部症候群	
S134			外傷性頚部捻挫	
T031			外傷性頚部腰部症候群	
T752			外傷性血管攣縮性症候群	
S272			外傷性血気胸	
S2721			外傷性血気胸・胸腔に達する開放創合併あり	
S2720			外傷性血気胸・胸腔に達する開放創合併なし	
S271			外傷性血胸	
S2711			外傷性血胸・胸腔に達する開放創合併あり	
S2710			外傷性血胸・胸腔に達する開放創合併なし	
R413			外傷性健忘	
K074			外傷性咬合	
H218			外傷性虹彩炎	
S052			外傷性虹彩欠損	
S052			外傷性虹彩離脱	
S053			外傷性虹彩離断	
S065			外傷性硬膜下水腫	
S0651			外傷性硬膜下水腫・頭蓋内に達する開放創合併あり	
S0650			外傷性硬膜下水腫・頭蓋内に達する開放創合併なし	
T145			外傷性硬膜動静脈瘻	
M165			外傷性股関節症	
S270			外傷性呼吸困難症	
M8729			外傷性骨壊死	
M6109			外傷性骨化性筋炎	
M8569			外傷性骨のう胞	
S379			外傷性骨盤内血腫	
S3791			外傷性骨盤内血腫・骨盤腔に達する開放創合併あり	
S3790			外傷性骨盤内血腫・骨盤腔に達する開放創合併なし	
S092			外傷性鼓膜穿孔	
T796			外傷性コンパートメント症候群	
S043			外傷性三叉神経損傷	
S043			外傷性三叉神経麻痺	
H570			外傷性散瞳	
L810			外傷性色素沈着	
K047			外傷性歯根膜炎	
H472			外傷性視神経萎縮	
S040			外傷性視神経炎	
H470			外傷性視神経症	
S040			外傷性視神経損傷	
K040			外傷性歯髄炎	
L818			外傷性刺青	
S902			外傷性趾爪甲剥離	
M173			外傷性膝関節症	
M206			外傷性趾変形	
T791			外傷性脂肪塞栓症	
S022			外傷性斜鼻	
M1913			外傷性手関節症	
S601			外傷性手指爪甲剥離	
T794			外傷性出血性ショック	
S051			外傷性硝子体出血	
S068			外傷性小脳血腫	
S0681			外傷性小脳血腫・頭蓋内に達する開放創合併あり	
S0680			外傷性小脳血腫・頭蓋内に達する開放創合併なし	
S278			外傷性食道破裂	
S2781			外傷性食道破裂・胸腔に達する開放創合併あり	
S2780			外傷性食道破裂・胸腔に達する開放創合併なし	
T794			外傷性ショック	
S040			外傷性視力障害	
S2681			外傷性心臓破裂・胸腔に達する開放創合併あり	
S2680			外傷性心臓破裂・胸腔に達する開放創合併なし	
S268			外傷性心破裂	
S081			外傷性耳介切断	
S013			外傷性耳出血	
H742			外傷性耳小骨脱臼	
H742			外傷性耳小骨離断	
T797			外傷性縦隔気腫	
S370			外傷性腎血腫	
S3701			外傷性腎血腫・骨盤腔に達する開放創合併あり	
S3700			外傷性腎血腫・骨盤腔に達する開放創合併なし	
S354			外傷性腎梗塞	
S3700			外傷性腎被膜下血腫	
K863			外傷性膵のう胞	
S068			外傷性髄液耳漏	
S0681			外傷性髄液耳漏・頭蓋内に達する開放創合併あり	
S0680			外傷性髄液耳漏・頭蓋内に達する開放創合併なし	
S068			外傷性髄液鼻漏	
S0681			外傷性髄液鼻漏・頭蓋内に達する開放創合併あり	
S0680			外傷性髄液鼻漏・頭蓋内に達する開放創合併なし	
G443			外傷性頭痛	
F238			外傷性精神病	
T144			外傷性脊髄出血	
M4839			外傷性脊椎症	
T147			外傷性切断	
T941			外傷性切断後遺症	
H669			外傷性穿孔性中耳炎	
S051			外傷性前房出血	
M1917			外傷性足関節症	
T059			外傷性多発性切断	
M8725			外傷性大腿骨頭壊死	
L668			外傷性脱毛症	
S334			外傷性恥骨結合離開	
M1912			外傷性肘関節症	
H669			外傷性中耳炎	
S098			外傷性中耳腔出血	
S046			外傷性聴神経損傷	
S366			外傷性直腸穿孔	
H444			外傷性低眼圧症	
G939			外傷性低脳圧症	
T905			外傷性てんかん	
S068			外傷性頭蓋内出血	
S542			外傷性橈骨神経麻痺	
S089			外傷性頭部切断	
S041			外傷性動眼神経損傷	
T145			外傷性動静脈瘻	
T145			外傷性動脈血腫	
T145			外傷性動脈瘤	
S099			外傷性内耳損傷	
M2157			外傷性内反足	
S046			外傷性難聴	
S278			外傷性乳び胸	
S062			外傷性脳圧迫	
S0621			外傷性脳圧迫・頭蓋内に達する開放創合併あり	
S0620			外傷性脳圧迫・頭蓋内に達する開放創合併なし	
S068			外傷性脳室内出血	
S0681			外傷性脳室内出血・頭蓋内に達する開放創合併あり	
S0680			外傷性脳室内出血・頭蓋内に達する開放創合併なし	
S063			外傷性脳出血	
F072			外傷性脳症	
F072			外傷性脳症・頭蓋内に達する開放創合併あり	
F072			外傷性脳症・頭蓋内に達する開放創合併なし	
S049			外傷性脳神経損傷	
S068			外傷性脳動脈瘤	
S0681			外傷性脳動脈瘤・頭蓋内に達する開放創合併あり	
S0680			外傷性脳動脈瘤・頭蓋内に達する開放創合併なし	
S063			外傷性脳内血腫	
S0631			外傷性脳内血腫・頭蓋内に達する開放創合併あり	
S0630			外傷性脳内血腫・頭蓋内に達する開放創合併なし	
S061			外傷性脳浮腫	
S0611			外傷性脳浮腫・頭蓋内に達する開放創合併あり	
S0610			外傷性脳浮腫・頭蓋内に達する開放創合併なし	
H261			外傷性白内障	
M950			外傷性鼻変形	
K081			外傷性歯の欠損	
S025			外傷性歯の破折	
S025			外傷性歯の複雑破折	
T141			外傷性破裂	
T941			外傷性瘢痕ケロイド	
T797			外傷性皮下気腫	
T140			外傷性皮下血腫	
S360			外傷性脾破裂	
S3601			外傷性脾破裂・腹腔に達する開放創合併あり	
S3600			外傷性脾破裂・腹腔に達する開放創合併なし	
S3680			外傷性腹腔内出血	
S000			外傷性帽状腱膜下出血	
M183			外傷性母指ＣＭ関節症	
S0650			外傷性慢性硬膜下血腫	
T795			外傷性無尿	
H335			外傷性網膜剥離	
T053			外傷性両足切断	
T050			外傷性両手切断	
H403			外傷性緑内障	
T905			外傷早期てんかん	
K046			外歯瘻	
H609			外耳炎	
S013			外耳開放創	
K649			外痔核	
H605			外耳湿疹	
D485			外耳腫瘍	
S099			外耳損傷	
T16			外耳道異物	
R448			外耳道異物感	
T980			外耳道異物挿入後遺症	
S099			外耳道外傷	
C442			外耳道癌	
Q178			外耳道奇形	
D164			外耳道骨腫	
H739			外耳道鼓膜損傷	
D485			外耳道腫瘍	
H618			外耳道腫瘤	
B369			外耳道真菌症	
H604			外耳道真珠腫	
S013			外耳道創傷	
H618			外耳道掻創	
S099			外耳道損傷	
H609			外耳道痛	
H610			外耳道軟骨炎	
H609			外耳道肉芽腫	
H600			外耳道膿瘍	
D232			外耳道皮膚良性腫瘍	
Q161			外耳道閉鎖	
H604			外耳道閉塞性角化症	
H601			外耳道蜂巣炎	
D042			外耳道ボーエン病	
D222			外耳道母斑細胞母斑	
L010			外耳膿痂疹	
K649			外痔びらん	
S013			外耳部割創	
S013			外耳部貫通創	
S013			外耳部外傷性異物	
L810			外耳部外傷性色素沈着	
S004			外耳部外傷性腫脹	
S004			外耳部外傷性皮下異物	
S013			外耳部咬創	
S004			外耳部擦過創	
S004			外耳部挫傷	
S013			外耳部挫創	
S013			外耳部刺創	
S004			外耳部切創	
S013			外耳部創傷	
S004			外耳部打撲傷	
S004			外耳部虫刺傷	
S004			外耳部皮下血腫	
S004			外耳部皮下出血	
K644			外痔ポリープ	
S013			外耳裂創	
K603			外痔瘻	
S380			外性器挫滅傷	
S380			外性器挫滅創	
P155			外性器の分娩損傷	
N809			外性子宮内膜症	
M2459			外旋拘縮	
S848			外側膝窩神経傷害	
G573			外側膝窩神経障害	
S830			外側膝蓋大腿靱帯損傷	
T002			外側手腕挫傷	
M7712			外側上顆炎	
S940			外側足底神経損傷	
M2306			外側半月のう腫	
M2336			外側半月板嵌頓	
M2396			外側半月板障害	
S832			外側半月板損傷	
S832			外側半月板断裂	
M2336			外側半月板変性	
K409			外鼡径ヘルニア	
I771			外腸骨動脈狭窄	
I745			外腸骨動脈閉塞症	
H492			外直筋麻痺	
G248			外転型痙攣性発声障害	
M2459			外転拘縮	
H492			外転神経萎縮	
H492			外転神経根性麻痺	
S044			外転神経損傷	
H492			外転神経不全麻痺	
H492			外転神経麻痺	
Q666			外転足	
N359			外尿道口狭窄	
D413			外尿道口腫瘍	
D304			外尿道口のう腫	
Q647			外尿道口部奇形	
Q824			外胚葉異形成症	
M2105			外反股	
K002			外反歯	
M2106			外反膝	
Q715			外反手	
Q664			外反踵足	
M2107			外反足	
M2102			外反肘	
Q666			外反中足	
M2107			外反扁平足	
M201			外反母趾	
H000			外麦粒腫	
Q849			外皮先天異常	
S099			外鼻外傷	
Q309			外鼻奇形	
M950			外鼻変形	
D239			外毛根鞘腫	
L721			外毛根鞘のう腫	
H831			外リンパ瘻	
R252			牙関緊急	
C927			芽球性形質細胞様樹状細胞腫瘍	
D462			芽球増加を伴う不応性貧血	
D462			芽球増加を伴う不応性貧血−１	
D462			芽球増加を伴う不応性貧血−２	
O643			額位による分娩停止	
O323			額位のための母体管理	
O323			額位分娩	
K116			顎下型がま腫	
K110			顎下腺萎縮	
K112			顎下腺炎	
K112			顎下腺管炎	
C080			顎下腺癌	
D370			顎下腺腫瘍	
K119			顎下腺腫瘤	
D117			顎下腺多形腺腫	
K115			顎下腺唾石症	
K113			顎下腺膿瘍	
K111			顎下腺肥大	
D117			顎下腺良性腫瘍	
K114			顎下腺瘻	
C760			顎下部悪性腫瘍	
A188			顎下部結核	
R220			顎下部腫脹	
R221			顎下部腫瘤	
D367			顎下部のう腫	
K122			顎下部膿瘍	
L040			顎下リンパ節炎	
R590			顎下リンパ節腫脹	
S030			顎関節亜脱臼	
K076			顎関節炎	
D481			顎関節滑膜骨軟骨腫症	
K076			顎関節強直症	
M1128			顎関節偽痛風	
S0261			顎関節頚部開放骨折	
S0260			顎関節頚部骨折	
S030			顎関節後方脱臼	
K076			顎関節雑音	
K076			顎関節症	
S034			顎関節ストレイン	
S030			顎関節前方脱臼	
S030			顎関節脱臼	
T888			顎関節治療用装置破損	
T888			顎関節治療用装置不適合	
K076			顎関節痛	
K076			顎関節痛障害	
K076			顎関節疼痛機能障害症候群	
K108			顎関節突起欠如	
S034			顎関節捻挫	
S018			顎関節部開放創	
S018			顎関節部割創	
S018			顎関節部貫通創	
S018			顎関節部咬創	
S008			顎関節部擦過創	
S008			顎関節部挫傷	
S018			顎関節部挫創	
S018			顎関節部刺創	
S008			顎関節部切創	
S018			顎関節部創傷	
S008			顎関節部打撲傷	
S008			顎関節部皮下血腫	
S018			顎関節部裂創	
S0291			顎顔面開放骨折	
Q674			顎顔面奇形	
S0290			顎顔面骨折	
Z900			顎欠損	
T888			顎骨インプラント破損	
T888			顎骨インプラント不適合	
T859			顎骨インプラント予後不良	
K102			顎骨炎	
K108			顎骨外骨症	
K102			顎骨骨髄炎	
K102			顎骨骨膜炎	
K108			顎骨線維性骨異形成症	
T843			顎骨内異物	
K092			顎骨のう胞	
F819			学習障害	
F813			学習能力の混合性障害	
F819			学習能力の特異的発達障害	
T983			顎切除後遺症	
K109			顎痛	
K082			顎堤異常吸収	
K068			顎堤形成不全	
K088			顎堤増大	
Z108			学童健診	
K102			顎腐骨	
S008			顎部挫傷	
D487			顎部腫瘍	
R220			顎部腫瘤	
S008			顎部打撲傷	
D233			額部皮膚良性腫瘍	
K079			顎変形症	
A422			顎放線菌症	
T888			顎補綴物破損	
T888			顎補綴物不適合	
A480			ガス壊疽	
X67			ガス自殺	
T599			ガス自殺未遂	
T97			ガス中毒後遺症	
T599			ガス中毒症	
R14			ガス痛	
D377			ガストリノーマ	
M7686			鵞足炎	
T520			ガソリン中毒	
F988			学校恐怖症	
H521			学校近視	
B831			顎口虫症	
K116			がま腫	
E742			ガラクトース血症	
E742			ガラクトース尿症	
E742			ガラクトキナーゼ欠損症	
E751			ガラクトシアリドーシス	
S5250			ガレアッチ骨折	
Q268			ガレン静脈奇形	
Q268			ガレン大静脈瘤	
C809			癌	
Q870			眼・歯・指症候群	
Q112			眼異形成	
O642			顔位による分娩停止	
O323			顔位のための母体管理	
O323			顔位分娩	
G710			眼咽頭遠位型ミオパチー	
G710			眼咽頭筋型筋ジストロフィー	
H109			眼炎	
B73			眼オンコセルカ症	
C696			眼窩悪性腫瘍	
C859			眼窩悪性リンパ腫	
H053			眼窩萎縮	
H052			眼窩うっ血	
B679			眼窩エキノコックス	
H051			眼窩炎	
H051			眼窩炎性偽腫瘍	
S051			眼窩縁打撲傷	
C696			眼窩横紋筋肉腫	
H058			眼窩隔壁弛緩症	
H050			眼窩下膿瘍	
H053			眼窩外骨腫症	
Q755			眼下顎異骨症	
T269			眼化学熱傷	
H051			眼窩筋炎	
H051			眼窩偽腫瘍	
C441			眼角基底細胞癌	
C441			眼角皮膚癌	
D041			眼角皮膚上皮内癌	
T151			眼角部異物	
H010			眼角部眼瞼炎	
H105			眼角部眼瞼縁結膜炎	
C441			眼角有棘細胞癌	
Q107			眼窩形成不全	
D170			眼窩血管脂肪腫	
H052			眼窩血腫	
S0280			眼窩骨折	
H050			眼窩骨髄炎	
H050			眼窩骨膜炎	
S054			眼窩刺創	
D170			眼窩脂肪腫	
H058			眼窩脂肪ヘルニア	
D487			眼窩腫瘍	
H059			眼窩腫瘤	
C696			眼窩神経芽腫	
D316			眼窩神経線維腫	
S0211			眼窩上蓋開放骨折	
S0210			眼窩上蓋陥没骨折	
S0210			眼窩上蓋骨折	
S043			眼窩上神経挫傷	
G500			眼窩上神経痛	
D316			眼窩線維腫	
H493			眼窩先端部症候群	
Q107			眼窩先天異常	
S059			眼窩創傷	
S0231			眼窩底開放骨折	
S0230			眼窩底骨折	
S054			眼窩内異物	
H055			眼窩内異物残留	
D180			眼窩内血管腫	
H059			眼窩内疾患	
D316			眼窩内神経鞘腫	
D320			眼窩内髄膜腫	
S0280			眼窩内側壁骨折	
D316			眼窩内粘液腫	
S0280			眼窩内壁骨折	
H058			眼窩のう胞	
H050			眼窩膿瘍	
S0230			眼窩吹き抜け骨折	
H052			眼窩浮腫	
S058			眼窩部挫創	
S051			眼窩部打撲傷	
H053			眼窩変形	
M8408			眼窩変形治癒骨折	
H050			眼窩蜂巣炎	
D316			眼窩良性腫瘍	
S058			眼窩裂傷	
C809			癌関連網膜症	
H445			眼球萎縮症	
H518			眼球運動痙攣	
H519			眼球運動障害	
H519			眼球運動ジスキネジア	
H449			眼球炎	
H054			眼球陥没	
H519			眼球共同運動障害	
Q112			眼球形成不全	
S053			眼球結膜裂傷	
Q149			眼球後極部の先天奇形	
H447			眼球後壁異物残留	
H505			眼球斜位	
S056			眼球穿通傷	
S056			眼球穿通創	
S058			眼球損傷	
H448			眼球脱臼	
S051			眼球打撲傷	
S057			眼球摘出	
H052			眼球突出症	
H052			眼球突出性眼筋麻痺	
S055			眼球内異物	
H447			眼球内異物残留	
H448			眼球内出血	
S055			眼球内鉄片外傷	
T264			眼球熱傷	
S053			眼球破裂	
H052			眼球偏位	
S053			眼球裂傷	
H445			眼球ろう	
S001			眼鏡様皮下出血	
I652			眼虚血症候群	
G700			眼筋型重症筋無力症	
S054			眼筋内異物	
H055			眼筋内異物残留	
H499			眼筋不全麻痺	
H499			眼筋麻痺	
H55			眼筋麻痺性眼振	
G438			眼筋麻痺性片頭痛	
E751			ガングリオシドーシス	
M674			ガングリオン	
A185			眼結核	
H118			眼結膜のう萎縮	
C431			眼瞼悪性黒色腫	
T151			眼瞼異物	
H028			眼瞼異物残留	
H010			眼瞼炎	
H010			眼瞼縁炎	
H105			眼瞼縁結膜炎	
H026			眼瞼黄色腫	
S011			眼瞼開放創	
T265			眼瞼化学熱傷	
H024			眼瞼下垂症	
S011			眼瞼割創	
S011			眼瞼貫通創	
H027			眼瞼肝斑	
H011			眼瞼乾皮症	
S099			眼瞼外傷	
S011			眼瞼外傷性異物	
L810			眼瞼外傷性色素沈着	
S002			眼瞼外傷性腫脹	
S002			眼瞼外傷性皮下異物	
H021			眼瞼外反症	
H025			眼瞼狭窄	
G245			眼瞼痙攣	
A184			眼瞼結核	
D170			眼瞼血管脂肪腫	
D180			眼瞼血管腫	
Q103			眼瞼欠損	
H105			眼瞼結膜炎	
H113			眼瞼結膜出血	
A512			眼瞼下疳	
S011			眼瞼咬創	
H025			眼瞼後退症	
S002			眼瞼擦過創	
S001			眼瞼挫傷	
S011			眼瞼挫創	
C441			眼瞼脂腺癌	
S011			眼瞼刺創	
D170			眼瞼脂肪腫	
H025			眼瞼縮小	
H029			眼瞼腫瘤	
Z129			癌検診	
D031			眼瞼上皮内黒色腫	
D221			眼瞼青色母斑	
D231			眼瞼石灰化上皮腫	
S002			眼瞼切創	
Q103			眼瞼先天異常	
S011			眼瞼創傷	
B023			眼瞼帯状疱疹	
H028			眼瞼多毛症	
B005			眼瞼単純ヘルペス	
T260			眼瞼第１度熱傷	
T260			眼瞼第２度熱傷	
T260			眼瞼第３度熱傷	
S001			眼瞼打撲傷	
F958			眼瞼チック	
S002			眼瞼虫刺傷	
H020			眼瞼内反症	
D210			眼瞼乳頭腫	
T260			眼瞼熱傷	
H027			眼瞼白斑	
H025			眼瞼瘢痕	
A527			眼瞼梅毒	
S001			眼瞼皮下血腫	
S001			眼瞼皮下出血	
H011			眼瞼皮膚炎	
H023			眼瞼皮膚弛緩症	
D041			眼瞼皮膚上皮内癌	
C441			眼瞼皮膚の悪性腫瘍	
H018			眼瞼びらん	
H028			眼瞼浮腫	
D487			眼瞼部腫瘍	
B023			眼瞼ヘルペス	
Q103			眼瞼変形	
H000			眼瞼蜂巣炎	
D221			眼瞼母斑	
D221			眼瞼母斑細胞母斑	
G514			眼瞼ミオキミア	
L814			眼瞼メラノーシス	
C441			眼瞼メルケル細胞癌	
D231			眼瞼毛芽腫	
B07			眼瞼疣贅	
H025			眼瞼癒着	
H029			眼瞼良性腫瘤	
S011			眼瞼裂創	
H018			眼瞼瘻孔	
A665			ガンゴサ	
F448			ガンサー症候群	
D868			眼サルコイドーシス	
H579			眼脂	
K090			含歯性のう胞	
T265			眼周囲化学熱傷	
T260			眼周囲第１度熱傷	
T260			眼周囲第２度熱傷	
T260			眼周囲第３度熱傷	
S011			眼周囲部開放創	
S011			眼周囲部割創	
S011			眼周囲部貫通創	
S011			眼周囲部外傷性異物	
L810			眼周囲部外傷性色素沈着	
S002			眼周囲部外傷性腫脹	
S002			眼周囲部外傷性皮下異物	
S011			眼周囲部咬創	
S002			眼周囲部擦過創	
S001			眼周囲部挫傷	
S011			眼周囲部挫創	
S011			眼周囲部刺創	
S002			眼周囲部切創	
S011			眼周囲部創傷	
S001			眼周囲部打撲傷	
S002			眼周囲部虫刺傷	
S001			眼周囲部皮下血腫	
S001			眼周囲部皮下出血	
S011			眼周囲部裂創	
Q078			ガン症候群	
H55			眼振	
C809			癌性悪液質	
H55			眼性眼振	
C782			癌性胸水	
C782			癌性胸膜炎	
C798			癌性心膜炎	
R522			癌性持続痛	
G448			眼性頭痛	
R522			癌性疼痛	
R522			癌性突出痛	
C809			癌性ニューロパチー	
C809			癌性ニューロミオパチー	
C809			がん性皮膚潰瘍	
H531			眼精疲労	
C809			癌性貧血	
C786			癌性腹水	
C786			癌性腹膜炎	
G433			眼性片頭痛	
C809			癌性ミエロパチー	
C798			癌性リンパ管症	
L121			眼性類天疱瘡	
B359			頑癬	
R55			眼前暗黒	
S059			眼損傷	
B838			眼虫症	
H571			眼痛	
D180			眼底血管腫	
Q148			眼底欠損	
H356			眼底出血	
H350			眼底動脈蛇行症	
R941			眼電図異常	
B580			眼トキソプラズマ症	
H440			眼内炎	
D487			眼内腫瘍	
H447			眼内非磁性異物残留	
T852			眼内レンズ亜脱臼	
Z961			眼内レンズ挿入眼	
T852			眼内レンズ脱臼	
T852			眼内レンズの機械的合併症	
T852			眼内レンズ偏位	
T264			眼熱傷	
T950			眼熱傷後遺症	
D092			眼の上皮内癌	
P153			眼の分娩損傷	
B872			眼はえ幼虫症	
A527			眼梅毒	
T151			眼板異物	
E703			眼皮膚白皮症	
B560			ガンビアトリパノソーマ症	
S059			眼部開放創	
S011			眼部割創	
S011			眼部貫通創	
S011			眼部外傷性異物	
L810			眼部外傷性色素沈着	
S002			眼部外傷性腫脹	
S002			眼部外傷性皮下異物	
S011			眼部咬創	
S002			眼部擦過創	
S001			眼部挫傷	
S011			眼部挫創	
S011			眼部刺創	
S002			眼部切創	
S011			眼部創傷	
B023			眼部帯状疱疹	
B005			眼部単純ヘルペス	
S001			眼部打撲傷	
S002			眼部虫刺傷	
S001			眼部皮下血腫	
S001			眼部皮下出血	
S011			眼部裂創	
M352			眼ベーチェット病	
E728			ガンマグルタミン回路障害	
C882			ガンマ重鎖病	
B270			ガンマヘルペスウイルス性単核症	
C433			顔面悪性黒色腫	
C760			顔面悪性腫瘍	
S070			顔面圧挫傷	
T819			顔面アテローム切除後遺症	
L239			顔面アレルギー性皮膚炎	
Q825			顔面いちご状血管腫	
C490			顔面横紋筋肉腫	
S018			顔面汚染創	
S018			顔面開放創	
S018			顔面割創	
S018			顔面貫通創	
S018			顔面外傷性異物	
D233			顔面外毛根鞘腫	
Q759			顔面奇形	
C443			顔面基底細胞癌	
L309			顔面急性皮膚炎	
L040			顔面急性リンパ節炎	
Q189			顔面形成異常	
G513			顔面痙攣	
G513			顔面痙攣症	
D170			顔面血管脂肪腫	
D180			顔面血管腫	
G710			顔面肩甲上腕型筋ジストロフィー	
L570			顔面光線角化症	
S018			顔面咬創	
R232			顔面紅潮	
C410			顔面骨悪性腫瘍	
S0291			顔面骨開放骨折	
S0290			顔面骨骨折	
T902			顔面骨骨折後遺症	
D480			顔面骨腫瘍	
M8508			顔面骨線維性骨異形成症	
Q759			顔面骨先天異常	
D164			顔面骨良性腫瘍	
T639			顔面昆虫螫	
S008			顔面擦過創	
S008			顔面挫傷	
L709			顔面ざ瘡	
S018			顔面挫創	
S070			顔面挫滅傷	
S070			顔面挫滅創	
C443			顔面脂腺癌	
D223			顔面脂腺母斑	
S018			顔面刺創	
R482			顔面失行症	
D170			顔面脂肪腫	
L719			顔面しゅさ	
R220			顔面腫脹	
R220			顔面腫瘤	
B369			顔面真菌性湿疹	
G519			顔面神経障害	
D333			顔面神経鞘腫	
S045			顔面神経損傷	
G510			顔面神経不全麻痺	
G510			顔面神経麻痺	
D033			顔面上皮内黒色腫	
L400			顔面尋常性乾癬	
L700			顔面尋常性ざ瘡	
D223			顔面青色母斑	
D233			顔面石灰化上皮腫	
S008			顔面切創	
L020			顔面せつ	
S018			顔面創傷	
S018			顔面掻創	
R231			顔面蒼白	
S099			顔面損傷	
B029			顔面帯状疱疹	
R610			顔面多汗症	
S0271			顔面多発開放骨折	
S017			顔面多発開放創	
S017			顔面多発割創	
S017			顔面多発貫通創	
S017			顔面多発咬創	
S0270			顔面多発骨折	
S007			顔面多発擦過創	
S007			顔面多発挫傷	
S017			顔面多発挫創	
S017			顔面多発刺創	
S007			顔面多発切創	
S017			顔面多発創傷	
S007			顔面多発打撲傷	
S007			顔面多発虫刺傷	
S007			顔面多発皮下血腫	
S007			顔面多発皮下出血	
S017			顔面多発裂創	
Q825			顔面単純性血管腫	
A46			顔面丹毒	
T201			顔面第１度熱傷	
T202			顔面第２度熱傷	
T203			顔面第３度熱傷	
S008			顔面打撲傷	
F958			顔面チック	
R51			顔面痛	
T352			顔面凍傷	
I770			顔面動静脈瘻	
D170			顔面軟性線維腫	
S099			顔面軟部組織外傷	
T200			顔面熱傷	
T950			顔面熱傷後遺症	
L010			顔面膿痂疹	
L011			顔面膿痂疹性湿疹	
L020			顔面膿瘍	
P154			顔面の分娩損傷	
B350			顔面白癬	
M329			顔面播種状粟粒性狼瘡	
Q674			顔面半側萎縮症	
Q674			顔面半側肥大症	
S008			顔面皮下血腫	
D481			顔面皮下腫瘍	
Q670			顔面非対称	
C443			顔面皮膚癌	
S018			顔面皮膚欠損創	
D485			顔面皮膚腫瘍	
D043			顔面皮膚上皮内癌	
D233			顔面皮膚良性腫瘍	
Q825			顔面表皮母斑	
Q388			顔面鼻咽腔症候群	
R600			顔面浮腫	
B001			顔面ヘルペス	
M952			顔面変形	
D223			顔面扁平母斑	
L032			顔面蜂巣炎	
D043			顔面ボーエン病	
D223			顔面母斑	
D223			顔面母斑細胞母斑	
G514			顔面ミオキミア	
C443			顔面メルケル細胞癌	
D233			顔面毛芽腫	
L858			顔面毛包性紅斑黒皮症	
C443			顔面有棘細胞癌	
B07			顔面疣贅	
L020			顔面よう	
C443			顔面隆起性皮膚線維肉腫	
S018			顔面裂創	
A211			眼野兎病	
A328			眼リンパ節リステリア症	
H025			眼裂異常	
H025			眼裂狭小	
A278			眼レプトスピラ症	
M931			キーンベック病	
T702			気圧性外傷	
T700			気圧性中耳炎	
T701			気圧性副鼻腔炎	
E221			キアリ・フロンメル症候群	
Q070			キアリ奇形第１奇形	
Q070			キアリ奇形第２奇形	
Q070			キアリ奇形第３奇形	
Q070			キアリ奇形第４奇形	
I634			奇異性脳塞栓症	
R461			奇異な外観	
R454			気うつ	
O342			既往子宮術後妊娠	
O342			既往子宮術後分娩	
O342			既往帝切後妊娠	
O757			既往帝切後分娩	
R413			記憶減退	
R413			記憶錯誤	
R413			記憶障害	
R413			記憶喪失	
H024			機械性眼瞼下垂症	
L506			機械性じんま疹	
K566			機械的イレウス	
H506			機械的斜視	
O611			器械的分娩誘発の不成功	
D594			機械的溶血性貧血	
T174			気管異物	
S1281			気管開放骨折	
S110			気管開放創	
C33			気管癌	
J40			気管気管支炎	
J980			気管気管支虚脱	
J980			気管気管支ジスキネジア	
J398			気管狭窄症	
A164			気管結核	
Q321			気管欠損	
S1280			気管骨折	
S100			気管挫傷	
S170			気管挫滅損傷	
T175			気管支異物	
J980			気管支うっ血	
J40			気管支炎	
J980			気管支潰瘍	
J47			気管支拡張症	
C349			気管支カルチノイド	
C349			気管支癌	
Q324			気管支奇形	
J980			気管支狭窄症	
Q324			気管支憩室	
J980			気管支痙攣	
A164			気管支結核	
A155			気管支結核・菌確認あり	
A155			気管支結核・組織学的確認あり	
J980			気管支結石症	
Q324			気管支欠損	
R048			気管支出血	
J980			気管支食道瘻	
B488			気管支真菌症	
D022			気管支上皮内癌	
J980			気管支石灰沈着	
D381			気管支腺腫	
J459			気管支喘息	
O995			気管支喘息合併妊娠	
J46			気管支喘息重積発作	
J46			気管支喘息発作	
S274			気管支損傷	
S2741			気管支損傷・胸腔に達する開放創合併あり	
S2740			気管支損傷・胸腔に達する開放創合併なし	
I728			気管支動脈瘤	
T175			気管支内異物による窒息	
J980			気管支軟化症	
J984			気管支のう胞	
P271			気管支肺異形成症	
J180			気管支肺炎	
R848			気管支肺胞洗浄液異常	
Q324			気管支閉鎖	
A202			気管支ペスト	
J980			気管支ポリープ	
J980			気管支麻痺	
J398			気管食道狭窄	
J980			気管食道瘻	
D143			気管支良性腫瘍	
C771			気管支リンパ節転移	
J980			気管支漏	
J980			気管支瘻	
J860			気管支瘻膿胸	
D021			気管上皮内癌	
J950			気管切開機能障害	
Z430			気管切開口に対する手当て	
J950			気管切開後気管食道瘻	
J950			気管切開後気管腕頭動脈瘻	
Z930			気管切開術後	
J950			気管切開部気道閉塞	
J950			気管切開部出血	
J950			気管切開部敗血症	
D142			気管腺腫	
B833			気管線虫症	
S199			気管損傷	
S110			気管断裂	
T174			気管内異物による窒息	
R048			気管内出血	
Z418			気管内挿管時の口腔内装置必要状態	
T884			気管内挿管不成功	
J398			気管内肉芽腫	
J398			気管軟化症	
Q321			気管軟骨異常	
D142			気管乳頭腫	
T270			気管熱傷	
T274			気管腐蝕	
Q321			気管閉鎖症	
J398			気管瘤	
D142			気管良性腫瘍	
S110			気管裂傷	
Q321			気管瘻	
T730			飢餓	
I494			期外収縮	
I494			期外収縮性不整脈	
R509			飢餓熱	
R53			気虚	
J939			気胸	
R688			気逆	
Q899			奇形	
K005			奇形歯	
D489			奇形腫	
Q897			奇形児	
O663			奇形児分娩	
R688			気血両虚	
E798			キサンチン尿症	
R060			起坐呼吸	
N484			器質性インポテンス	
F063			器質性うつ病性障害	
F065			器質性解離性障害	
F063			器質性気分障害	
F061			器質性緊張病性障害	
F070			器質性偽精神病質性人格	
F070			器質性偽遅滞性人格	
F04			器質性健忘症候群・精神作用物質によらないもの	
N945			器質性月経困難症	
F060			器質性幻覚症	
R471			器質性構音障害	
F063			器質性混合性感情障害	
R011			器質性心雑音	
F066			器質性情緒不安定性障害	
F078			器質性人格行動障害	
R31			器質性性器出血	
F069			器質性精神障害	
F079			器質性精神症状群	
F09			器質性精神病	
F063			器質性双極性障害	
F063			器質性躁病性障害	
H919			器質性難聴	
F069			器質性脳症候群	
F062			器質性の妄想状態および幻覚妄想状態	
F070			器質性パーソナリティ障害	
F064			器質性不安障害	
H818			器質性めまい	
F062			器質性妄想性障害	
R829			希釈尿	
J448			気腫型慢性閉塞性気管支炎	
J448			気腫型慢性閉塞性肺疾患	
I319			気腫性心膜炎	
N10			気腫性腎盂腎炎	
J439			気腫性肺のう胞	
T522			キシレン中毒	
S258			奇静脈損傷	
Q331			奇静脈肺葉	
I868			奇静脈瘤	
B89			寄生虫症	
B89			寄生虫症性外耳炎	
B89			寄生虫性肝疾患	
H213			寄生虫性虹彩のう胞	
K862			寄生虫性膵のう胞	
H213			寄生虫性前房のう胞	
B89			寄生虫性貧血	
H331			寄生虫性網膜のう胞	
H213			寄生虫性毛様体のう胞	
H101			季節性アレルギー性結膜炎	
J302			季節性アレルギー性鼻炎	
R948			基礎代謝率異常	
A772			北アジアだに熱	
R688			気滞	
O329			既知の胎位異常あるいはその疑いのための母体管理	
O339			既知の胎児骨盤不均衡またはその疑いのための母体管理	
O349			既知の母体骨盤臓器の異常またはその疑いのための母体管理	
J410			喫煙者気管支炎	
F985			吃音症	
G378			基底核および小脳萎縮を伴う髄鞘形成不全症	
Q283			基底核部海綿状血管腫	
Q283			基底核部静脈性血管腫	
S063			基底核部脳損傷	
S0631			基底核部脳損傷・頭蓋内に達する開放創合併あり	
S0630			基底核部脳損傷・頭蓋内に達する開放創合併なし	
G239			基底核変性症	
C449			基底細胞癌	
Q859			基底細胞母斑症候群	
N481			亀頭炎	
N485			亀頭部潰瘍	
N488			亀頭部腫瘤	
Q540			亀頭部尿道下裂	
N485			亀頭部びらん	
N481			亀頭包皮炎	
N47			亀頭包皮癒着症	
J988			気道狭窄	
R049			気道出血	
S279			気道損傷	
S2791			気道損傷・胸腔に達する開放創合併あり	
S2790			気道損傷・胸腔に達する開放創合併なし	
T179			気道内異物	
T179			気道内異物による窒息	
T273			気道熱傷	
J683			気道反応不全症候群	
T277			気道腐蝕	
J988			気道閉塞	
G938			気脳症	
K319			機能性嘔吐	
N944			機能性月経困難症	
K591			機能性下痢	
F800			機能性構音障害	
N921			機能性子宮出血	
R010			機能性収縮期雑音	
R010			機能性心雑音	
N979			機能性女性不妊症	
R31			機能性性器出血	
R80			機能性蛋白尿	
N46			機能性男性不妊症	
K30			機能性ディスペプシア	
K590			機能性便秘症	
N912			機能性無月経	
N938			機能低下性子宮出血	
T888			機能的顎矯正装置破損	
T888			機能的顎矯正装置不適合	
K311			機能的幽門狭窄	
J675			きのこ作業者肺	
T620			きのこ中毒	
N915			希発月経	
F180			揮発性溶剤使用による急性精神・行動障害	
F39			気分異常	
F340			気分循環症	
F341			気分変調症	
D219			木村病	
R413			記銘力低下	
Q990			キメラ４６ＸＸ	
I454			脚ブロック	
A982			キャサヌール森林病	
D477			キャッスルマン病	
O814			吸引分娩	
P033			吸引分娩による新生児の障害	
R431			嗅覚異常	
R431			嗅覚過敏	
R431			嗅覚減弱	
R431			嗅覚障害	
R430			嗅覚脱失	
R438			嗅覚味覚障害	
D320			嗅窩髄膜腫	
Q658			臼蓋形成不全	
T888			旧義歯破損	
T888			旧義歯不適合	
D320			嗅溝部髄膜腫	
S054			球後異物	
K001			臼後歯	
H46			球後視神経炎	
C062			臼後部癌	
D103			臼後部良性腫瘍	
O623			急産	
L650			休止期性脱毛	
K072			臼歯部開咬	
K072			臼歯部交叉咬合	
K909			吸収不良症候群	
D518			吸収不良症候群によるビタミンＢ１２欠乏性貧血	
Q764			急峻腰仙角	
R238			丘疹	
C300			嗅神経芽腫	
D433			嗅神経腫瘍	
G520			嗅神経障害	
C300			嗅神経上皮腫	
S048			嗅神経損傷	
G520			嗅神経麻痺	
L538			丘疹紅皮症	
L538			丘疹状紅斑	
L309			丘疹状湿疹	
L282			丘疹状じんま疹	
H534			求心性視野狭窄	
G548			求心路遮断痛	
H534			弓状暗点	
Q518			弓状子宮	
K091			球状上顎のう胞	
Q124			球状水晶体症	
J9600			急性１型呼吸不全	
J9601			急性２型呼吸不全	
B150			急性Ａ型肝炎・肝性昏睡合併あり	
B162			急性Ｂ型肝炎・肝性昏睡合併あり	
B230			急性ＨＩＶ感染症候群	
J039			急性アデノイド咽頭炎	
J039			急性アデノイド扁桃炎	
A060			急性アメーバ症	
A060			急性アメーバ赤痢	
K701			急性アルコール性肝炎	
K704			急性アルコール性肝不全	
F100			急性アルコール中毒	
H651			急性アレルギー性中耳炎	
K291			急性胃炎	
K253			急性胃潰瘍	
K251			急性胃潰瘍穿孔	
K310			急性胃拡張	
R402			急性意識障害	
T860			急性移植片対宿主病	
K040			急性一部性化膿性歯髄炎	
K040			急性一部性単純性歯髄炎	
A099			急性胃腸炎	
K319			急性胃腸障害	
F239			急性一過性精神病性障害	
K250			急性胃粘膜病変	
J029			急性咽頭炎	
J060			急性咽頭喉頭炎	
J068			急性咽頭扁桃炎	
J118			急性インフルエンザ心筋炎	
B179			急性ウイルス性肝炎	
I212			急性右室梗塞	
R270			急性運動失調	
K358			急性壊死性虫垂炎	
G934			急性壊死性脳症	
J040			急性壊疽性喉頭炎	
K040			急性壊疽性歯髄炎	
K358			急性壊疽性虫垂炎	
J039			急性壊疽性扁桃炎	
H404			急性炎症性緑内障	
S092			急性音響性外傷	
M8969			急性灰白髄炎後骨障害	
J040			急性潰瘍性喉頭炎	
K518			急性潰瘍性大腸炎	
J039			急性潰瘍性扁桃炎	
H162			急性角結膜炎	
H169			急性角膜炎	
I211			急性下後壁心筋梗塞	
I211			急性下側壁心筋梗塞	
J041			急性カタル性気管炎	
K358			急性カタル性虫垂炎	
J029			急性化膿性咽頭炎	
K102			急性化膿性下顎骨炎	
H603			急性化膿性外耳炎	
K112			急性化膿性顎下腺炎	
M8616			急性化膿性脛骨骨髄炎	
E060			急性化膿性甲状腺炎	
M8619			急性化膿性骨髄炎	
K044			急性化膿性根尖性歯周炎	
K044			急性化膿性歯根膜炎	
K040			急性化膿性歯髄炎	
K112			急性化膿性耳下腺炎	
K102			急性化膿性上顎骨炎	
K830			急性化膿性胆管炎	
K810			急性化膿性胆のう炎	
H660			急性化膿性中耳炎	
K358			急性化膿性虫垂炎	
K044			急性化膿性辺縁性歯根膜炎	
J039			急性化膿性扁桃炎	
L049			急性化膿性リンパ節炎	
I211			急性下壁心筋梗塞	
K720			急性肝萎縮	
B179			急性肝炎	
E802			急性間欠性ポルフィリン症	
J841			急性間質性肺炎	
I249			急性冠症候群	
M1399			急性関節炎	
F058			急性感染症性精神病	
I330			急性感染性心内膜炎	
K720			急性肝不全	
K720			急性肝不全・昏睡型	
I213			急性貫壁性心筋梗塞	
N760			急性外陰腟炎	
H605			急性外耳炎	
K076			急性顎関節炎	
K102			急性顎骨骨髄炎	
K102			急性顎骨骨膜炎	
H050			急性眼窩うっ血	
H050			急性眼窩炎	
J041			急性気管炎	
J209			急性気管気管支炎	
J209			急性気管支炎	
F058			急性器質精神症候群	
F058			急性器質性反応	
E871			急性希釈性低ナトリウム血症	
K810			急性気腫性胆のう炎	
I212			急性基部側壁心筋梗塞	
R091			急性胸膜炎	
C942			急性巨核芽球性白血病	
T783			急性局所性浮腫	
I249			急性虚血性心疾患	
K550			急性虚血性大腸炎	
T869			急性拒絶反応	
M6099			急性筋炎	
B370			急性偽膜性カンジダ症	
M8616			急性脛骨骨髄炎	
R252			急性痙攣	
J050			急性痙攣性喉頭気管炎	
M8606			急性血行性脛骨骨髄炎	
M8609			急性血行性骨髄炎	
M8605			急性血行性大腿骨骨髄炎	
H651			急性血性中耳炎	
H103			急性結膜炎	
K510			急性激症型潰瘍性大腸炎	
K650			急性限局性腹膜炎	
I212			急性高位側壁心筋梗塞	
J068			急性口蓋扁桃炎	
I212			急性後基部心筋梗塞	
H200			急性虹彩炎	
H200			急性虹彩毛様体炎	
J82			急性好酸球性肺炎	
E060			急性甲状腺炎	
H605			急性光線性外耳炎	
I212			急性後側部心筋梗塞	
J040			急性喉頭炎	
J051			急性喉頭蓋炎	
J387			急性喉頭蓋膿瘍	
J042			急性喉頭気管炎	
J209			急性喉頭気管気管支炎	
I210			急性広範前壁心筋梗塞	
K550			急性広範腸壊死	
H355			急性後部多発性斑状色素上皮症	
I212			急性後壁心筋梗塞	
I212			急性後壁中隔心筋梗塞	
S065			急性硬膜下血腫	
S0651			急性硬膜下血腫・頭蓋内に達する開放創合併あり	
S0650			急性硬膜下血腫・頭蓋内に達する開放創合併なし	
S064			急性硬膜外血腫	
S0641			急性硬膜外血腫・頭蓋内に達する開放創合併あり	
S0640			急性硬膜外血腫・頭蓋内に達する開放創合併なし	
J22			急性呼吸器感染症	
J80			急性呼吸窮迫症候群	
J9609			急性呼吸不全	
H730			急性鼓室炎	
M8619			急性骨髄炎	
C920			急性骨髄性白血病	
C920			急性骨髄性白血病・最未分化型	
C944			急性骨髄線維症	
C925			急性骨髄単球性白血病	
N733			急性骨盤腹膜炎	
H730			急性鼓膜炎	
K044			急性根尖性歯周炎	
J219			急性細気管支炎	
I330			急性細菌性心内膜炎	
I301			急性細菌性心膜炎	
G009			急性細菌性髄膜炎	
N410			急性細菌性前立腺炎	
F058			急性錯乱状態	
G040			急性散在性脳脊髄炎	
H001			急性霰粒腫	
K052			急性歯冠周囲炎	
N009			急性糸球体腎炎	
N710			急性子宮内膜炎	
N730			急性子宮傍結合織炎	
N710			急性子宮留膿症	
J012			急性篩骨洞炎	
K052			急性歯周炎	
H46			急性視神経炎	
K040			急性歯髄炎	
K103			急性歯槽骨炎	
K047			急性歯槽膿瘍	
D62			急性失血性貧血	
L309			急性湿疹	
H605			急性湿疹性外耳炎	
K050			急性歯肉炎	
B571			急性シャガス病	
B570			急性シャガス病性心筋炎	
B570			急性シャガス病性心血管障害	
K859			急性出血壊死性膵炎	
K250			急性出血性胃潰瘍	
K252			急性出血性胃潰瘍穿孔	
B303			急性出血性結膜炎	
K260			急性出血性十二指腸潰瘍	
K262			急性出血性十二指腸潰瘍穿孔	
G361			急性出血性白質脳炎	
N300			急性出血性膀胱炎	
H651			急性漿液ムチン性中耳炎	
R101			急性消化不良症	
K550			急性小腸虚血	
G048			急性小脳性失調症	
R579			急性ショック	
H549			急性視力障害	
I409			急性心筋炎	
I219			急性心筋梗塞	
I234			急性心筋梗塞後腱索断裂	
I232			急性心筋梗塞後心室中隔穿孔	
I236			急性心筋梗塞後心室内血栓症	
I233			急性心筋梗塞後心破裂	
I231			急性心筋梗塞後心房中隔穿孔	
I236			急性心筋梗塞後心房内血栓症	
I230			急性心筋梗塞後心膜血腫	
I235			急性心筋梗塞後乳頭筋断裂	
I235			急性心筋梗塞後乳頭筋不全症	
H650			急性滲出性中耳炎	
I212			急性心尖部側壁心筋梗塞	
I339			急性心内膜炎	
I214			急性心内膜下梗塞	
I509			急性心不全	
I309			急性心膜炎	
K112			急性耳下腺炎	
H920			急性耳痛	
J985			急性縦隔炎	
K263			急性十二指腸潰瘍	
K261			急性十二指腸潰瘍穿孔	
R579			急性循環不全	
J010			急性上顎洞炎	
J069			急性上気道炎	
G049			急性上行性脊髄炎	
K550			急性上腸間膜動脈閉塞症	
I829			急性静脈血栓症	
N10			急性腎盂腎炎	
N178			急性腎後性腎不全	
N288			急性腎障害	
N170			急性腎性腎不全	
N178			急性腎前性腎不全	
N171			急性腎皮質壊死	
N179			急性腎不全	
K859			急性膵壊死	
K859			急性膵炎	
F430			急性ストレス反応	
A392			急性髄膜炎菌菌血症	
F448			急性精神錯乱	
F239			急性精神病	
N459			急性精巣上体炎	
J040			急性声帯炎	
J040			急性声門下喉頭炎	
G049			急性脊髄炎	
H605			急性接触性外耳炎	
J039			急性腺窩性扁桃炎	
K353			急性穿孔性虫垂炎	
C924			急性前骨髄球性白血病	
I210			急性前側壁心筋梗塞	
J011			急性前頭洞炎	
K040			急性全部性化膿性歯髄炎	
K040			急性全部性単純性歯髄炎	
H200			急性前部ぶどう膜炎	
I210			急性前壁心筋梗塞	
I210			急性前壁心尖部心筋梗塞	
I210			急性前壁中隔心筋梗塞	
N10			急性巣状細菌性腎炎	
I212			急性側壁心筋梗塞	
A192			急性粟粒結核	
H358			急性帯状潜在性網膜外層症	
R58			急性大量出血	
G35			急性多発性硬化症	
K830			急性胆管炎	
C930			急性単球性白血病	
K830			急性胆細管炎	
K044			急性単純性根尖性歯周炎	
K040			急性単純性歯髄炎	
N300			急性単純性膀胱炎	
K810			急性胆のう炎	
A099			急性大腸炎	
I710			急性大動脈解離	
I710			急性大動脈解離ＤｅＢａｋｅｙＩ	
I710			急性大動脈解離ＤｅＢａｋｅｙＩＩ	
I710			急性大動脈解離ＤｅＢａｋｅｙＩＩＩａ	
I710			急性大動脈解離ＤｅＢａｋｅｙＩＩＩｂ	
I710			急性大動脈解離ＳｔａｎｆｏｒｄＡ	
I710			急性大動脈解離ＳｔａｎｆｏｒｄＢ	
I212			急性中隔心筋梗塞	
H669			急性中耳炎	
K358			急性虫垂炎	
G259			急性中毒性小脳失調症	
A099			急性腸炎	
K550			急性腸間膜動脈閉塞症	
J013			急性蝶形骨洞炎	
K550			急性腸梗塞	
H905			急性低音障害型感音難聴	
N006			急性デンスデポジット病	
F232			急性統合失調症	
F208			急性統合失調症性エピソード	
F232			急性統合失調症様精神病性障害	
L410			急性痘瘡状苔癬状粃糠疹	
R520			急性疼痛	
D693			急性特発性血小板減少性紫斑病	
T652			急性ニコチン中毒	
L208			急性乳児湿疹	
N61			急性乳腺炎	
H700			急性乳様突起炎	
N170			急性尿細管壊死	
N10			急性尿細管間質性腎炎	
N259			急性尿細管障害	
N179			急性尿酸性腎症	
N342			急性尿道炎	
N390			急性尿路感染	
O266			急性妊娠脂肪肝	
M303			急性熱性皮膚リンパ節症候群	
G934			急性脳症	
F058			急性脳症候群	
J189			急性肺炎	
B450			急性肺クリプトコッカス症	
B380			急性肺コクシジオイデス症	
J984			急性肺傷害	
J81			急性肺水腫	
I260			急性肺性心	
B400			急性肺ブラストミセス症	
H269			急性白内障	
C950			急性白血病	
F010			急性発症の血管性認知症	
I518			急性汎心炎	
H605			急性反応性外耳炎	
L401			急性汎発性膿疱性乾癬	
K650			急性汎発性腹膜炎	
L080			急性汎発性発疹性膿疱症	
J014			急性汎副鼻腔炎	
J209			急性反復性気管支炎	
H651			急性非化膿性中耳炎	
I300			急性非特異性特発性心膜炎	
A804			急性非麻痺性灰白髄炎	
I309			急性非リウマチ性心膜炎	
J00			急性鼻咽頭炎	
J00			急性鼻炎	
N004			急性びまん性管内増殖性糸球体腎炎	
N007			急性びまん性半月体形成性糸球体腎炎	
N002			急性びまん性膜性糸球体腎炎	
N003			急性びまん性メサンギウム増殖性糸球体腎炎	
K291			急性びらん性胃炎	
R100			急性腹症	
J019			急性副鼻腔炎	
J019			急性副鼻腔蓄膿症	
K650			急性腹膜炎	
J040			急性浮腫性喉頭炎	
N700			急性付属器炎	
H402			急性閉塞隅角緑内障	
K830			急性閉塞性化膿性胆管炎	
J050			急性閉塞性喉頭炎	
J039			急性扁桃炎	
H680			急性扁桃耳管炎	
L580			急性放射線皮膚炎	
R821			急性発作性ミオグロビン尿症	
R21			急性発疹症	
T783			急性本態性浮腫	
N300			急性膀胱炎	
E802			急性ポルフィリン症	
H651			急性ムコイド中耳炎	
H830			急性迷路炎	
B005			急性網膜壊死	
H355			急性網膜色素上皮炎	
H200			急性毛様体炎	
K712			急性薬物性肝炎	
K711			急性薬物性肝不全	
T509			急性薬物中毒	
J702			急性薬物誘発性間質性肺障害	
L282			急性痒疹	
O40			急性羊水過多症	
M5456			急性腰痛症	
N700			急性卵管炎	
N700			急性卵巣炎	
I012			急性リウマチ性心筋炎	
I019			急性リウマチ性心疾患	
I011			急性リウマチ性心内膜炎	
I010			急性リウマチ性心膜炎	
I018			急性リウマチ性汎心炎	
I00			急性リウマチ熱	
I00			急性リウマチ熱性輪状紅斑	
H402			急性緑内障発作	
A540			急性淋菌性尿道炎	
L039			急性リンパ管炎	
A872			急性リンパ性髄膜炎	
C910			急性リンパ性白血病	
L049			急性リンパ節炎	
H040			急性涙腺炎	
H043			急性涙のう炎	
A241			急性類鼻疽	
K600			急性裂肛	
H102			急性濾胞性結膜炎	
G121			球脊髄性筋萎縮症	
T888			急速拡大装置破損	
T888			急速拡大装置不適合	
N019			急速進行性糸球体腎炎	
K054			急速進行性歯周炎	
N016			急速進行性デンスデポジット病	
N014			急速進行性びまん性管内増殖性糸球体腎炎	
N017			急速進行性びまん性半月体形成性糸球体腎炎	
N012			急速進行性びまん性膜性糸球体腎炎	
M161			急速破壊型股関節症	
P035			急速分娩による新生児の障害	
B669			吸虫症	
R430			嗅粘膜性嗅覚障害	
I712			弓部大動脈瘤	
K002			臼傍結節	
K001			臼傍歯	
G122			球麻痺	
R431			嗅盲	
D320			穹隆部髄膜腫	
K112			キュットネル腫瘍	
I10			境界型高血圧症	
F21			境界型統合失調症	
R730			境界型糖尿病	
F603b			境界型パーソナリティ障害	
D229			境界母斑	
Q769			胸郭異常	
Q678			胸郭奇形	
M4139			胸郭原性脊柱側弯症	
G540			胸郭出口症候群	
Q678			胸郭不全症候群	
M954			胸郭変形	
S278			胸管損傷	
S2781			胸管損傷・胸腔に達する開放創合併あり	
S2780			胸管損傷・胸腔に達する開放創合併なし	
R198			胸脇苦満	
T180			頬腔異物	
S279			胸腔内血腫	
S2791			胸腔内血腫・胸腔に達する開放創合併あり	
S2790			胸腔内血腫・胸腔に達する開放創合併なし	
D174			胸腔内脂肪腫	
R222			胸腔内腫瘤	
T914			胸腔内部損傷後遺症	
D174			胸腔内良性脂肪腫	
A154			胸腔内リンパ節結核・菌確認あり	
A154			胸腔内リンパ節結核・組織学的確認あり	
C771			胸腔内リンパ節の悪性腫瘍	
T272			胸腔熱傷	
Q132			狭隅角	
Q894			胸結合体	
A829			狂犬病	
I635			橋梗塞	
I635			橋梗塞・急性期	
I635			橋梗塞・慢性期	
C413			胸骨悪性腫瘍	
S2221			胸骨開放骨折	
S0241			頬骨開放骨折	
M954			胸骨陥凹	
S0240			頬骨弓骨折	
S2220			胸骨亀裂骨折	
R073			胸骨後面痛	
S2220			胸骨骨折	
S0240			頬骨骨折	
D164			頬骨骨腫	
M8698			胸骨骨髄炎	
C413			胸骨骨肉腫	
M7908			胸骨周囲炎	
D480			胸骨腫瘍	
S0271			頬骨上顎骨多発開放骨折	
S0270			頬骨上顎骨多発骨折	
S234			胸骨ストレイン	
C413			胸骨軟骨肉腫	
S234			胸骨捻挫	
Q767			胸骨の先天奇形	
O331			狭骨盤	
Q767			胸骨披裂	
S2220			胸骨不全骨折	
S202			胸骨部挫傷	
S202			胸骨部打撲	
S202			胸骨部打撲挫傷	
R073			胸骨部痛	
S2221			胸骨柄開放骨折	
S2220			胸骨柄骨折	
M8408			頬骨変形治癒骨折	
K449			胸骨傍ヘルニア	
C771			胸骨傍リンパ節転移	
D167			胸骨良性腫瘍	
M202			強剛母趾	
Q740			強剛母指	
S432			胸鎖関節亜脱臼	
M1311			胸鎖関節炎	
S202			胸鎖関節挫傷	
S432			胸鎖関節脱臼	
M2551			胸鎖関節痛	
S202			胸鎖関節部挫傷	
S202			胸鎖関節部打撲	
S202			胸鎖関節部打撲挫傷	
K073			狭窄歯列弓	
M6549			狭窄性腱鞘炎	
M998			狭窄性神経炎	
K830			狭窄性胆管炎	
M6091			胸鎖乳突筋炎	
M7911			胸鎖乳突筋痛	
I613			橋出血	
Q386			頬小帯異常	
Q386			頬小帯短縮症	
C717			橋神経膠腫	
I209			狭心症	
I209			狭心症３枝病変	
F600			狂信的パーソナリティ障害	
R840			胸水ＬＤＨ上昇	
R845			胸水結核菌陽性	
R848			胸水検査異常	
R845			胸水細菌培養陽性	
R846			胸水細胞診陽性	
R848			胸水腫瘍マーカー高値	
R845			胸水真菌陽性	
R848			胸水線維素網析出	
R848			胸水蛋白増加	
J90			胸水貯留	
R843			胸水糖値上昇	
R843			胸水糖値低下	
D434			胸髄腫瘍	
G959			胸髄症	
G543			胸髄神経根障害	
S240			胸髄振盪症	
S241			胸髄損傷	
S241			胸髄不全損傷	
G838			胸髄麻痺	
F843			共生精神病	
E328			胸腺萎縮	
E328			胸腺炎	
C37			胸腺カルチノイド	
C37			胸腺癌	
A188			胸腺結核	
D174			胸腺脂肪腫	
D150			胸腺腫	
G700			胸腺腫合併重症筋無力症	
D384			胸腺腫瘍	
E329			胸腺症	
S278			胸腺損傷	
S2781			胸腺損傷・胸腔に達する開放創合併あり	
S2780			胸腺損傷・胸腔に達する開放創合併なし	
E320			胸腺増殖遺残	
G700			胸腺摘出後重症筋無力症	
E328			胸腺のう胞	
E321			胸腺膿瘍	
E320			胸腺肥大	
D821			胸腺無形成症	
D821			胸腺無形成性免疫不全症	
E328			胸腺リンパ体質	
Q893			鏡像型心房配列	
G372			橋中心髄鞘崩壊症	
R278			協調運動障害	
G403			強直間代発作	
R568			強直性痙攣	
M45-9			強直性脊椎炎	
M45-4			強直性脊椎炎性呼吸器障害	
M4819			強直性脊椎骨増殖症	
M45-9			強直脊椎炎性虹彩毛様体炎	
C412			胸椎悪性腫瘍	
S2200			胸椎圧迫骨折	
M4694			胸椎炎	
M4884			胸椎黄色靱帯骨化症	
G838			胸椎横断麻痺	
S2201			胸椎横突起開放骨折	
S2200			胸椎横突起骨折	
S2201			胸椎開放骨折	
S2201			胸椎開放性脱臼骨折	
M4654			胸椎化膿性脊椎炎	
M4634			胸椎化膿性椎間板炎	
S233			胸椎棘間靱帯損傷	
S2201			胸椎棘突起開放骨折	
S2200			胸椎棘突起骨折	
M8418			胸椎偽関節	
A180			胸椎結核	
M4884			胸椎後縦靱帯骨化症	
S241			胸椎硬膜外血腫	
M4024			胸椎後弯	
S2200			胸椎骨折	
T911			胸椎骨折後遺症	
M4624			胸椎骨髄炎	
C412			胸椎骨肉腫	
D480			胸椎腫瘍	
M4784			胸椎症	
M4894			胸椎障害	
M4714			胸椎症性脊髄症	
S242			胸椎神経根損傷	
S233			胸椎ストレイン	
C412			胸椎脊索腫	
M4884			胸椎前縦靱帯骨化症	
M4194			胸椎側弯症	
S2210			胸椎多発圧迫骨折	
S2210			胸椎多発骨折	
S231			胸椎脱臼	
S2200			胸椎脱臼骨折	
T911			胸椎陳旧性圧迫骨折	
M4644			胸椎椎間板炎	
M519			胸椎椎間板症	
M511			胸椎椎間板症性神経根症	
M510			胸椎椎間板症性脊髄症	
M9972			胸椎椎間板性椎間孔狭窄症	
M512			胸椎椎間板ヘルニア	
M511			胸椎椎間板ヘルニアによる神経根症	
M510			胸椎椎間板ヘルニアによる脊髄症	
M513			胸椎椎間板変性	
S2201			胸椎椎弓開放骨折	
S2200			胸椎椎弓骨折	
S2201			胸椎椎体開放骨折	
S2200			胸椎椎体骨折	
C795			胸椎転移	
C412			胸椎軟骨肉腫	
S233			胸椎捻挫	
S2200			胸椎破裂骨折	
M8448			胸椎病的骨折	
M5324			胸椎不安定症	
S2200			胸椎不顕性骨折	
S204			胸椎部挫傷	
S202			胸椎部打撲	
S202			胸椎部打撲挫傷	
M5464			胸椎部痛	
M4324			胸椎癒合椎	
D166			胸椎良性腫瘍	
M4394			胸椎弯曲症	
R074			胸痛	
Q212			共通房室口	
H570			狭瞳症	
H501			共同性外斜視	
H504			共同性斜視	
H500			共同性内斜視	
H510			共同注視麻痺	
H518			共同偏視	
H520			強度遠視	
H521			強度近視	
R074			胸内苦悶	
K123			頬粘膜炎	
S099			頬粘膜外傷	
C060			頬粘膜癌	
D180			頬粘膜血管腫	
S005			頬粘膜咬傷	
S015			頬粘膜咬創	
D370			頬粘膜腫瘍	
D000			頬粘膜上皮内癌	
D103			頬粘膜乳頭腫	
K116			頬粘膜粘液のう胞	
K099			頬粘膜のう胞	
K132			頬粘膜白板症	
D103			頬粘膜良性腫瘍	
M7918			胸背部筋肉痛	
S202			胸背部挫傷	
M5485			胸背部痛	
F605			強迫観念パーソナリティ障害	
F421			強迫行為	
F420			強迫思考	
F421			強迫神経症	
F429			強迫性障害	
F639			強迫的素行障害	
M349			強皮症	
M348			強皮症腎	
M348			強皮症腎クリーゼ	
M348			強皮症性ミオパチー	
M7918			胸腹部筋痛	
T001			胸腹部挫傷	
I716			胸腹部大動脈瘤	
I715			胸腹部大動脈瘤破裂	
T001			胸腹部打撲傷	
K449			胸腹裂孔ヘルニア	
F409			恐怖症性不安障害	
C433			頬部悪性黒色腫	
C435			胸部悪性黒色腫	
C493			胸部悪性軟部腫瘍	
T71			胸部圧迫による窒息	
S070			頬部圧挫傷	
C445			胸部アポクリン腺癌	
R91			胸部異常陰影	
Q825			胸部いちご状血管腫	
C490			頬部横紋筋肉腫	
S219			胸部汚染創	
R098			胸部音異常	
S014			頬部開放創	
S014			頬部割創	
C151			胸部下部食道癌	
S014			頬部貫通創	
S299			胸部外傷	
S014			頬部外傷性異物	
C761			胸部癌	
S275			胸部気管損傷	
S2751			胸部気管損傷・胸腔に達する開放創合併あり	
S2750			胸部気管損傷・胸腔に達する開放創合併なし	
C443			頬部基底細胞癌	
C445			胸部基底細胞癌	
M7918			胸部筋肉痛	
M7958			胸部筋肉内異物残留	
D171			胸部血管脂肪腫	
D170			頬部血管脂肪腫	
D180			頬部血管腫	
T918			胸部血管損傷後遺症	
C490			頬部血管肉腫	
S244			胸部交感神経損傷	
R234			胸部硬結	
S014			頬部咬創	
R098			胸部鼓音	
T639			胸部昆虫螫	
S008			頬部擦過創	
S208			胸部擦過創	
S008			頬部挫傷	
S202			胸部挫傷	
S014			頬部挫創	
S219			胸部挫創	
S280			胸部挫滅	
S014			頬部刺創	
D171			胸部脂肪腫	
D170			頬部脂肪腫	
R220			頬部腫脹	
R222			胸部腫脹	
D487			頬部腫瘍	
R222			胸部腫瘤	
R220			頬部腫瘤	
C151			胸部食道癌	
S278			胸部食道損傷	
S2781			胸部食道損傷・胸腔に達する開放創合併あり	
S2780			胸部食道損傷・胸腔に達する開放創合併なし	
C761			胸部神経芽腫	
M5414			胸部神経根炎	
D033			頬部上皮内黒色腫	
C151			胸部上部食道癌	
T290			胸部上腕熱傷	
D225			胸部青色母斑	
D223			頬部青色母斑	
M4804			胸部脊柱管狭窄症	
D233			頬部石灰化上皮腫	
D235			胸部石灰化上皮腫	
S219			胸部切創	
S008			頬部切創	
L022			胸部せつ	
S014			頬部創傷	
S299			胸部損傷	
B029			胸部帯状疱疹	
Q825			頬部単純性血管腫	
Q825			胸部単純性血管腫	
T211			胸部第１度熱傷	
T201			頬部第１度熱傷	
T212			胸部第２度熱傷	
T202			頬部第２度熱傷	
T203			頬部第３度熱傷	
T213			胸部第３度熱傷	
I712			胸部大動脈拡張	
S250			胸部大動脈損傷	
I712			胸部大動脈瘤	
I712			胸部大動脈瘤切迫破裂	
I711			胸部大動脈瘤破裂	
T910			胸部打撲後遺症	
S202			胸部打撲傷	
S008			頬部打撲傷	
C151			胸部中部食道癌	
S230			胸部椎間板断裂	
R51			頬部痛	
Q893			胸部内臓逆位	
Q893			胸部内臓転位	
D171			胸部軟性線維腫	
L984			胸部難治性皮膚潰瘍	
T210			胸部熱傷	
D367			頬部のう腫	
K098			頬部のう胞	
L020			頬部膿瘍	
L022			胸部膿瘍	
B354			胸部白癬	
T797			胸部皮下気腫	
S008			頬部皮下血腫	
L984			胸部皮膚潰瘍	
C443			頬部皮膚癌	
C445			胸部皮膚癌	
S219			胸部皮膚欠損創	
S014			頬部皮膚欠損創	
D233			頬部皮膚良性腫瘍	
D235			胸部皮膚良性腫瘍	
R098			胸部不快感	
C493			胸部平滑筋肉腫	
B001			胸部ヘルペス	
D225			胸部扁平母斑	
D223			頬部扁平母斑	
L032			頬部蜂巣炎	
D043			頬部ボーエン病	
D045			胸部ボーエン病	
D225			胸部母斑	
D223			頬部母斑	
D225			胸部母斑細胞母斑	
D223			頬部母斑細胞母斑	
R098			胸部摩擦音	
S243			胸部末梢神経損傷	
C443			頬部メルケル細胞癌	
C445			胸部メルケル細胞癌	
C443			頬部有棘細胞癌	
C445			胸部有棘細胞癌	
L022			胸部よう	
T058			胸部離断	
C443			頬部隆起性皮膚線維肉腫	
C445			胸部隆起性皮膚線維肉腫	
D213			胸部良性軟部腫瘍	
S014			頬部裂創	
M9408			胸部肋軟骨炎	
C493			胸壁悪性線維性組織球腫	
C473			胸壁悪性末梢神経鞘腫	
C493			胸壁横紋筋肉腫	
S219			胸壁開放創	
M954			胸壁陥凹	
C493			胸壁血管肉腫	
S202			胸壁挫傷	
S219			胸壁刺創	
C493			胸壁脂肪肉腫	
D487			胸壁腫瘍	
R222			胸壁腫瘤	
M7928			胸壁神経痛	
C493			胸壁線維肉腫	
Q678			胸壁先天奇形	
S299			胸壁損傷	
C493			胸壁淡明細胞肉腫	
R073			胸壁痛	
L033			胸壁蜂巣炎	
C384			胸膜悪性腫瘍	
T158			強膜異物	
J948			胸膜うっ血	
R091			胸膜炎	
H150			強膜炎	
H150			強膜潰瘍	
Q134			強膜化角膜	
H158			強膜拡張症	
J984			胸膜下のう胞	
S279			胸膜外血腫	
J949			胸膜疾患	
H159			強膜疾患	
C384			胸膜脂肪肉腫	
R091			胸膜周囲炎	
D382			胸膜腫瘍	
J948			胸膜石灰化	
S053			強膜切創	
S053			強膜創傷	
S276			胸膜損傷	
S2761			胸膜損傷・胸腔に達する開放創合併あり	
S2760			胸膜損傷・胸腔に達する開放創合併なし	
C450			胸膜中皮腫	
R073			胸膜痛	
Q340			胸膜の異常	
J188			胸膜肺炎	
C782			胸膜播種	
J929			胸膜斑	
J948			胸膜瘢痕	
T853			強膜バックリング術後の機械的合併症	
T857			強膜バックル感染	
J929			胸膜肥厚	
H158			強膜ぶどう腫	
D314			強膜母斑	
J948			胸膜癒着	
S053			強膜裂傷	
S2761			胸膜裂創	
J860			胸膜瘻	
R761			強陽性ツベルクリン反応	
T0210			胸腰椎圧迫骨折	
M4635			胸腰椎化膿性椎間板炎	
A180			胸腰椎結核	
M4025			胸腰椎後弯	
M4195			胸腰椎側弯症	
T031			胸腰椎脱臼	
T001			胸腰部挫傷	
Q056			胸腰部脊椎破裂	
M1318			胸肋関節炎	
S202			胸肋関節挫傷	
S202			胸肋関節部挫傷	
S202			胸肋関節部打撲	
S202			胸肋関節部打撲挫傷	
M8940			胸肋鎖骨肥厚症	
S468			棘下筋断裂	
Q213			極型ファロー四徴	
B668			棘口吸虫症	
H300			局在性脈絡膜炎	
H300			局在性網膜炎	
H300			局在性網脈絡膜炎	
T141			棘刺創	
R58			局所出血	
S063			局所性外傷性脳圧迫	
S063			局所性外傷性脳内出血	
G400			局所性痙攣	
R610			局所性多汗症	
G401			局所性てんかん	
S063			局所性脳挫傷	
S0631			局所性脳挫傷・頭蓋内に達する開放創合併あり	
S0630			局所性脳挫傷・頭蓋内に達する開放創合併なし	
S063			局所性脳損傷	
S0631			局所性脳損傷・頭蓋内に達する開放創合併あり	
S0630			局所性脳損傷・頭蓋内に達する開放創合併なし	
S063			局所性脳裂傷	
R200			局所知覚消失	
M751			棘上筋症候群	
M753			棘上筋石灰化症	
S468			棘上筋断裂	
P071a			極低出産体重児	
P071a			極低出生体重児	
T08-1			棘突起開放骨折	
T08-0			棘突起骨折	
M4829			棘突起接触症	
T888			局部義歯過高	
T888			局部義歯嵌入	
K062			局部義歯義歯床下粘膜異常	
T888			局部義歯義歯床粘膜面不適合	
T888			局部義歯咬合面不適合	
T888			局部義歯低位	
T888			局部義歯破損	
T888			局部義歯不適合	
L400			局面状乾癬	
L418			局面性類乾癬	
L119			棘融解	
K559			虚血性結腸炎	
H470			虚血性視神経症	
I255			虚血性心筋症	
I259			虚血性心疾患	
K559			虚血性全腸炎	
K559			虚血性腸炎	
K551			虚血性腸狭窄症	
I678			虚血性脳血管障害	
I639			虚血性脳卒中	
I678			虚血性白質脳症	
Q184			巨口症	
C403			距骨悪性腫瘍	
M8797			距骨壊死	
S9211			距骨開放骨折	
S930			距骨下脱臼	
M8417			距骨偽関節	
S9210			距骨骨折	
M8697			距骨骨髄炎	
S9210			距骨骨軟骨損傷	
C403			距骨骨肉腫	
D480			距骨腫瘍	
M926			距骨若年性骨軟骨症	
D163			距骨良性腫瘍	
K068			巨細胞エプーリス	
M316			巨細胞動脈炎	
K101			巨細胞肉芽腫	
H531			巨視症	
Q740			巨指症	
Q742			巨趾症	
K148			鋸歯状舌	
M1317			距踵関節炎	
F508			拒食症	
R53			虚弱	
K918			挙上空腸狭窄	
E220			巨人症	
C61			去勢抵抗性前立腺癌	
D531			巨赤芽球性貧血	
Q382			巨舌症	
T869			拒絶反応	
K593			巨大Ｓ状結腸症	
Q402			巨大胃症	
Q158			巨大角膜	
B663			巨大肝蛭感染症	
Q113			巨大眼球症	
J439			巨大気腫性肺のう胞	
D691			巨大血小板症候群	
D696			巨大血小板性血小板減少症	
K593			巨大結腸	
C480			巨大後腹膜脂肪肉腫	
I517			巨大左心房	
O717			巨大産道血腫	
K002			巨大歯	
D259			巨大子宮筋腫	
K220			巨大食道	
P081			巨大児	
O335			巨大児による骨盤不均衡	
O662			巨大児による分娩停止	
O366			巨大児妊娠	
O335			巨大児分娩	
Q438			巨大十二指腸	
Q278			巨大静脈奇形	
Q278			巨大静脈奇形（頚部口腔咽頭びまん性病変）	
Q633			巨大腎	
T783			巨大じんま疹	
Q048			巨大大槽	
Q438			巨大虫垂	
Q273			巨大動静脈奇形	
Q273			巨大動静脈奇形（頚部顔面病変）	
Q273			巨大動静脈奇形（四肢病変）	
H104			巨大乳頭結膜炎	
N288			巨大尿管	
H162			巨大フリクテン	
Q438			巨大膀胱短小結腸腸管蠕動不全症	
D485			巨大母斑細胞母斑	
Q288			巨大リンパ管奇形（頚部顔面病変）	
R55			虚脱	
Q753			巨頭症	
Q048			巨脳回症	
Q045			巨脳症	
R933			キライディティ症候群	
B005			桐沢型ぶどう膜炎	
I951			起立性眩暈	
N392			起立性蛋白尿	
I951			起立性調節障害	
I499			起立性調律障害	
I951			起立性低血圧症	
L870			キルレ病	
T1420			亀裂骨折	
L309			亀裂性湿疹	
K145			亀裂舌	
D487			季肋部腫瘍	
R073			季肋部痛	
L230			金アレルギー性接触皮膚炎	
M6259			筋萎縮症	
H024			筋萎縮性眼瞼下垂	
G122			筋萎縮性側索硬化症	
M925			近位端脛骨若年性骨軟骨症	
N258			近位尿細管性アシドーシス	
M6099			筋炎	
E740			筋型糖原病	
O821			緊急帝王切開	
M6289			筋強直	
G711			筋強直症候群	
G711			筋強直性ジストロフィー	
G711			筋緊張性障害	
G711			筋緊張性白内障	
M7299			筋筋膜炎	
M5456			筋筋膜性腰痛症	
R252			筋痙縮	
R252			筋痙直	
Q798			筋欠損	
A499			菌血症	
H024			筋原性眼瞼下垂症	
M6249			筋拘縮症	
Q799			筋骨格系先天奇形	
D868			筋サルコイドーシス	
H521			近視	
H353			近視性脈絡膜新生血管	
H350			近視性網膜症	
H522			近視性乱視	
B479			菌腫	
G442			筋収縮性頭痛	
O341			筋腫合併妊娠	
O341			筋腫合併分娩	
D250			筋腫分娩	
G710			筋ジストロフィー	
C840			菌状息肉症	
M6269			筋ストレイン	
K076			筋性開口障害	
M4149			筋性脊柱側弯症	
Q210			筋性部心室中隔欠損	
R193			筋性防御	
T146			筋損傷	
T784			金属アレルギー	
L230			金属アレルギー性接触皮膚炎	
T888			金属歯冠修復過高	
T888			金属歯冠修復粗造	
T888			金属歯冠修復脱離	
T888			金属歯冠修復低位	
T888			金属歯冠修復破損	
T888			金属歯冠修復不適合	
T569			金属中毒	
T568			金属熱	
T569			金属の毒作用	
T888			金属ブラケット脱離	
T888			金属ブラケット破損	
T888			金属ブラケット不適合	
T888			金属ポンティック破損	
T888			金属裏装ポンティック破損	
M6299			筋短縮症	
R298			筋脱力	
T146			筋断裂	
G442			緊張型頭痛	
F202			緊張型統合失調症	
J930			緊張性気胸	
G938			緊張性気頭症	
H570			緊張性瞳孔	
H500			緊張性内斜視	
R941			筋電図異常	
K070			筋突起過長症	
Q818			キンドラー症候群	
A188			筋肉結核	
M6199			筋肉骨化症	
M7919			筋肉痛	
M7959			筋肉内異物残留	
D180			筋肉内血管腫	
T146			筋肉内血腫	
D179			筋肉内脂肪腫	
M6009			筋膿瘍	
M6229			筋の阻血性梗塞	
S444			筋皮神経損傷	
M6269			筋疲労	
M6289			筋ヘルニア	
M7299			筋膜炎	
A188			筋膜結核	
M7289			筋膜膿瘍	
G709			筋無力症	
H024			筋無力性眼瞼下垂症	
E142			キンメルスチール・ウイルソン症候群	
M6209			筋離断	
R298			筋力低下	
I158			偽アルドステロン症	
Q828			偽黄色腫	
G562			ギオン管症候群	
M8419			偽関節	
Z970			義眼	
T888			義歯過高	
T888			義歯嵌入	
T888			義歯咬合面不適合	
K062			義歯床下粘膜異常	
T888			義歯床粘膜面不適合	
T888			義歯床不適合	
H473			偽視神経炎	
K121			義歯性潰瘍	
K121			義歯性口内炎	
K061			義歯性線維腫	
T876			義肢断端不適合	
T888			義歯低位	
T888			義歯破損	
T888			義歯不適合	
H509			偽斜視	
A38			偽猩紅熱	
F21			偽神経症性統合失調症	
A710			疑似トラコーマ	
K567			偽性イレウス	
L638			偽性円形脱毛症	
Q828			偽性黄色腫	
H023			偽性眼瞼下垂症	
H55			偽性眼振	
E201			偽性偽性副甲状腺機能低下症	
E059			偽性甲状腺機能亢進症	
M9135			偽性股関節痛	
A009			偽性コレラ	
F458			偽性斜頚	
G039			偽性髄膜炎	
G961			偽性髄膜瘤	
K37			偽性虫垂炎	
E878			偽性低アルドステロン症	
E871			偽性低アルドステロン症１型	
E875			偽性低アルドステロン症２型	
I729			偽性動脈瘤	
Q778			偽性軟骨無形成症	
I671			偽性脳動脈瘤	
E876			偽性バーター症候群	
E201			偽性副甲状腺機能低下症	
E201			偽性副甲状腺機能低下症１型	
E201			偽性副甲状腺機能低下症２型	
E52			偽性ペラグラ	
G711			偽性ミオトニア	
R202			蟻走感	
E268			ギッテルマン症候群	
M1129			偽痛風	
M7249			偽肉腫性線維腫症	
H473			偽乳頭炎	
H473			偽乳頭浮腫	
H534			偽半盲	
G710			偽肥大性筋ジストロフィー	
L899			ギブス性潰瘍	
A691			偽膜性アンギナ	
J028			偽膜性咽頭炎	
J209			偽膜性気管支炎	
H102			偽膜性結膜炎	
J040			偽膜性喉頭炎	
K121			偽膜性口内炎	
A047			偽膜性大腸炎	
A047			偽膜性腸炎	
J039			偽膜性扁桃炎	
K006			逆生歯	
T749			虐待症候群	
K210			逆流性食道炎	
N110			逆流性腎症	
R412			逆向性健忘	
N508			逆行性射精症	
K830			逆行性胆管炎	
Q897			ギャロウエイ・モワト症候群	
B080			牛痘	
T781			牛乳アレルギー	
T780			牛乳によるアナフィラキシーショック	
K904			牛乳不耐症	
O265			仰臥位低血圧症候群	
D689			凝固因子欠乏症	
O450			凝固障害を伴う常位胎盤早期剥離	
B80			蟯虫症	
B80			蟯虫症性外陰炎	
B80			蟯虫症性腟炎	
T141			魚咬創	
J678			魚粉製造業者肺	
Q809			魚鱗癬症候群	
H118			偽翼状片	
G610			ギラン・バレー症候群	
H400			偽緑内障	
T568			銀沈着症	
T621			銀杏中毒	
L237			銀杏によるアレルギー性接触皮膚炎	
D561			クーリー貧血	
A818			クールー	
T783			クインケ浮腫	
A773			クインスランドまだにチフス	
R481			空間識障害	
F453			空気嚥下症	
F453			空気飢餓感	
T790			空気塞栓症	
K073			空隙歯列弓	
F602			空想嘘言症	
K550			空腸壊死	
C171			空腸カルチノイド	
C171			空腸癌	
J677			空調機肺	
K566			空腸狭窄	
K500			空腸クローン病	
K571			空腸憩室症	
A183			空腸結核	
C171			空腸消化管間質腫瘍	
C171			空腸神経内分泌細胞癌	
C171			空腸神経内分泌腫瘍	
I868			空腸静脈瘤	
Q411b			空腸閉鎖	
K638			空腸ポリープ	
Z434			空腸瘻開口部に対する手当て	
Z934			空腸瘻造設状態	
T090			躯幹擦過創	
B029			躯幹帯状疱疹	
L010			躯幹伝染性膿痂疹	
L011			躯幹膿痂疹性湿疹	
T210			躯幹薬傷	
L419			躯幹類乾癬	
R067			くしゃみ	
C915			くすぶり型白血病	
R065			口呼吸	
M2459			屈曲拘縮	
T1420			屈曲骨折	
G821			屈曲性対麻痺	
L408			屈曲部乾癬	
L208			屈曲部湿疹	
M2129			屈曲変形	
M2457			屈趾症	
M2454			屈指症	
K270			クッシング潰瘍	
E249			クッシング症候群	
E240			クッシング病	
M2589			屈伸困難	
H527			屈折異常	
H530			屈折異常弱視	
H520			屈折性遠視	
H527			屈折性眼精疲労	
H521			屈折性近視	
H522			屈折性乱視	
S908			靴ずれ	
X70			首吊り自殺	
T71			首吊り自殺未遂	
E754			クフス病	
I781			くも状血管腫	
T633			クモ毒	
G039			くも膜炎	
I609			くも膜下出血	
I690			くも膜下出血後遺症	
G062			くも膜下膿瘍	
A170			くも膜結核	
D329			くも膜のう腫	
G930			くも膜のう胞	
G478			クライネ・レヴィン症候群	
Q984			クラインフェルター症候群	
T888			クラウンループ脱離	
T888			クラウンループ破損	
T888			クラウンループ不適合	
T636			クラゲ毒	
T888			クラスプ嵌入	
T888			クラスプ脱離	
T888			クラスプ破損	
T888			クラスプ不適合	
A505			クラットン関節	
E752			クラッベ病	
A564			クラミジア咽頭炎	
A749			クラミジア感染症	
O983			クラミジア感染症合併妊娠	
P002			クラミジア感染母体より出生した児	
A560			クラミジア外陰腟炎	
A560			クラミジア頚管炎	
A740			クラミジア結膜炎	
A560			クラミジア子宮頚管炎	
A561			クラミジア子宮内膜炎	
A561			クラミジア性女性骨盤炎	
A561			クラミジア性前立腺炎	
A561			クラミジア精巣炎	
A561			クラミジア精巣上体炎	
A55			クラミジア性リンパ肉芽腫	
A563			クラミジア直腸炎	
A560			クラミジア尿道炎	
J160			クラミジア肺炎	
A748			クラミジア腹膜炎	
A560			クラミジア膀胱炎	
A561			クラミジア卵管炎	
D891			クリオグロブリン血症	
D891			クリオグロブリン血症性血管炎	
D891			クリオグロブリン血症性呼吸器障害	
D891			クリオグロブリン血症性紫斑病	
D898			クリオピリン関連周期熱症候群	
D891			クリオフィブリノゲン血症	
E805			クリグラー・ナジャー症候群	
Q872			クリッペル・トレノネー・ウェーバー症候群	
Q872			クリッペル・トレノネー症候群	
Q761			クリッペル・ファイル症候群	
B459			クリプトコッカス症	
B451			クリプトコッカス性髄膜炎	
B451			クリプトコッカス性脳髄膜炎	
A072			クリプトスポリジウム下痢症	
A980			クリミヤ・コンゴ出血熱	
F078			クリューバー・ビューシー症候群	
K766			クリュヴリエ・バウムガルテン症候群	
H180			クルーケンベルグ紡錘	
Q751			クルーゾン症候群	
J209			クループ性気管支炎	
C796			クルッケンベルグ腫瘍	
E550			くる病	
E643			くる病後遺症	
T753			車酔い	
P141			クルンプケ麻痺	
R944			クレアチニンクリアランス低下	
M341			クレスト症候群	
E009			クレチン病	
G008			クレブシェラ性髄膜炎	
A498			クレブシェラ属感染	
A048			クレブシェラ腸炎	
I668			クロード症候群	
E614			クローム欠乏症	
K509			クローン病	
K509			クローン病性若年性関節炎	
D518			クローン病によるビタミンＢ１２欠乏性貧血	
A810			クロイツフェルト・ヤコブ病	
L814			黒色素皮症	
E703			クロス症候群	
A048			クロストリジウム・ウェルシュ腸炎	
A047			クロストリジウム・ディフィシル腸炎	
T465			クロニジン中毒	
C749			クロム親和性芽細胞腫	
D350			クロム親和性細胞腫	
T562			クロム中毒	
B439			クロモミコーシス	
H350			クロロキン網膜症	
T535			クロロフルオロカーボン中毒	
T531			クロロホルム中毒	
D139			クロンカイト・カナダ症候群	
E40			クワシオルコル	
T465			グアネチジン中毒	
H215			隅角解離	
H215			隅角後退	
H215			隅角剥離	
H215			隅角癒着	
N391			偶発性蛋白尿	
M310			グッドパスチャー症候群	
N830			グラーフ卵胞のう胞	
T888			グラスアイオノマーセメント過高	
T888			グラスアイオノマーセメント粗造	
T888			グラスアイオノマーセメント脱離	
T888			グラスアイオノマーセメント低位	
T888			グラスアイオノマーセメント破損	
T888			グラスアイオノマーセメント不適合	
H660			グラデニーゴ症候群	
A499			グラム陰性桿菌感染症	
A415			グラム陰性桿菌敗血症	
A499			グラム陰性球菌感染症	
A499			グラム陰性菌感染症	
A415			グラム陰性菌敗血症	
A499			グラム陽性桿菌感染症	
A499			グラム陽性球菌感染症	
A418			グラム陽性菌敗血症	
G938			グリオーシス	
T523			グリコール中毒	
T523			グリコール類の毒作用	
E769			グリコサミノグリカン代謝障害	
E720			グリシン尿症	
D828			グリセリ症候群	
E748			グリセロール尿症	
H653			グルーイヤー	
K861			グルーブ膵炎	
C250			グルーブ膵癌	
D377			グルカゴノーマ	
E743			グルコース・ガラクトース吸収不良症	
E748			グルコーストランスポーター１欠損症	
E258			グルココルチコイド抵抗症	
E723			グルタル酸血症１型	
E713			グルタル酸血症２型	
E723			グルタル酸尿症	
T426			グルテチミド中毒	
E050			グレーブス病	
D691			グレイ血小板症候群	
D180			グロムス腫瘍	
G440			群発頭痛	
Q615			ケーキ様腎	
M924			ケーラー病	
T910			頚開放創後遺症	
O344			頚管熟化不全	
N973			頚管性不妊症	
O441			頚管胎盤	
O620			頚管難産	
N888			頚管粘膜肥厚	
O713			頚管破裂	
L84			鶏眼	
M4633			頚胸椎化膿性椎間板炎	
M7910			頚肩部筋肉痛	
M5312			頚肩腕障害	
M5312			頚肩腕症候群	
R633			経口摂取困難	
C402			脛骨悪性腫瘍	
S8230			脛骨遠位骨端線損傷	
S8231			脛骨遠位端開放骨折	
S8271			脛骨遠位端近位端開放骨折	
S8270			脛骨遠位端近位端骨折	
S8230			脛骨遠位端骨折	
C402			脛骨遠位部悪性骨腫瘍	
D480			脛骨遠位部骨腫瘍	
D162			脛骨遠位部良性骨腫瘍	
S8221			脛骨開放骨折	
S8221			脛骨開放性粉砕骨折	
S8211			脛骨顆開放骨折	
S8211			脛骨顆開放性粉砕骨折	
S8211			脛骨顆間隆起開放骨折	
S8210			脛骨顆間隆起骨折	
S8210			脛骨顆骨折	
S8210			脛骨顆剥離骨折	
S8210			脛骨顆粉砕骨折	
S818			脛骨顆部割創	
S8210			脛骨外顆剥離骨折	
D162			脛骨外骨腫	
D480			脛骨巨細胞腫	
S8210			脛骨近位骨端線損傷	
M939			脛骨近位骨端線離開	
S8211			脛骨近位端開放骨折	
S8211			脛骨近位端開放性粉砕骨折	
S8210			脛骨近位端骨折	
C402			脛骨近位端骨肉腫	
S8210			脛骨近位端不顕性骨折	
S8210			脛骨近位端粉砕骨折	
C402			脛骨近位部悪性骨腫瘍	
D480			脛骨近位部巨細胞腫	
D480			脛骨近位部骨腫瘍	
D162			脛骨近位部良性骨腫瘍	
M8416			脛骨偽関節症	
S859			脛骨血管損傷	
M9486			脛骨結節部痛	
S8210			脛骨結節部剥離骨折	
S8211			脛骨高原開放骨折	
S8210			脛骨高原骨折	
C402			脛骨骨幹部悪性骨腫瘍	
S8221			脛骨骨幹部開放骨折	
S8220			脛骨骨幹部骨折	
D480			脛骨骨幹部骨腫瘍	
D162			脛骨骨幹部良性骨腫瘍	
S8220			脛骨骨折	
M8426			脛骨骨折の遷延癒合	
M8406			脛骨骨折変形治癒	
M939			脛骨骨端線離開	
S898			脛骨骨挫傷	
M8696			脛骨骨髄炎	
C402			脛骨骨肉腫	
M8696			脛骨骨膜炎	
S8210			脛骨膝関節内骨折	
D480			脛骨腫瘍	
S840			脛骨神経損傷	
M8506			脛骨線維性骨異形成症	
M8566			脛骨線維性骨炎	
M7686			脛骨前筋症候群	
S8211			脛骨粗面開放骨折	
S8210			脛骨粗面骨折	
M8986			脛骨痛	
S8231			脛骨天蓋開放骨折	
S8230			脛骨天蓋骨折	
S851			脛骨動脈損傷	
T841			脛骨内固定材の機械的合併症	
D162			脛骨内軟骨腫	
C402			脛骨軟骨肉腫	
M8696			脛骨乳児骨髄炎	
P133			脛骨の分娩損傷	
S8231			脛骨腓骨遠位端開放骨折	
S8231			脛骨腓骨遠位端開放性粉砕骨折	
S8230			脛骨腓骨遠位端骨折	
S8230			脛骨腓骨遠位端粉砕骨折	
S8221			脛骨腓骨開放骨折	
S8211			脛骨腓骨近位端開放骨折	
S8211			脛骨腓骨近位端開放性粉砕骨折	
S8210			脛骨腓骨近位端骨折	
S8210			脛骨腓骨近位端粉砕骨折	
S8221			脛骨腓骨骨幹部開放骨折	
S8221			脛骨腓骨骨幹部開放性粉砕骨折	
S8220			脛骨腓骨骨幹部骨折	
S8220			脛骨腓骨骨幹部粉砕骨折	
S8220			脛骨腓骨骨折	
M8436			脛骨疲労骨折	
S8220			脛骨不顕性骨折	
S8220			脛骨粉砕骨折	
M8666			脛骨慢性化膿性骨髄炎	
M8666			脛骨慢性骨髄炎	
C402			脛骨ユーイング肉腫	
D162			脛骨良性腫瘍	
D162			脛骨類骨骨腫	
F812			計算障害	
C833			形質芽球性リンパ腫	
C903			形質細胞腫	
K130			形質細胞性口唇炎	
C900			形質細胞性骨髄腫	
C901			形質細胞白血病	
K073			傾斜歯	
R471			痙縮性構音障害	
F320			軽症うつ病エピソード	
K519			軽症潰瘍性大腸炎	
D619			軽症再生不良性貧血	
A200			軽症腺ペスト	
O210			軽症妊娠悪阻	
O140			軽症妊娠高血圧症候群	
O140			軽症妊娠高血圧腎症	
F330			軽症反復性うつ病性障害	
N030			軽症慢性腎炎症候群	
Q182			頚耳	
O648			傾軸進入	
S0211			茎状突起開放骨折	
H748			茎状突起過長症	
S0210			茎状突起骨折	
G527			頚静脈孔症候群	
D210			頚静脈小体腫瘍	
Q181			頚耳瘻	
G838			頚髄横断障害	
S141			頚髄硬膜外血腫	
D434			頚髄腫瘍	
G959			頚髄症	
G542			頚髄神経根障害	
S142			頚髄神経根引き抜き損傷	
S140			頚髄振盪	
C720			頚髄星細胞腫	
S141			頚髄損傷	
T913			頚髄損傷後遺症	
S141			頚髄不全損傷	
G838			頚髄不全麻痺	
G838			頚髄麻痺	
K318			痙性胃炎	
K560			痙性イレウス	
H021			痙性眼瞼外反症	
H020			痙性眼瞼内反症	
H521			痙性近視	
H570			痙性散瞳	
G824			痙性四肢麻痺	
R491			痙性失声症	
G243			痙性斜頚	
H570			痙性縮瞳	
H931			頚性耳鳴	
M5422			頚性頭痛	
N486			形成性陰茎硬化症	
G800			痙性脊髄麻痺	
G821			痙性対麻痺	
M2157			痙性内反足	
A521			痙性梅毒性運動失調症	
M163			形成不全性股関節症	
Q665			痙性扁平足	
G811			痙性片麻痺	
R261			痙性歩行	
G839			痙性麻痺	
R42			頚性めまい	
H819			痙性めまい	
F300			軽躁病	
Q723			脛側列欠損	
N815			経腟小腸脱	
F608			軽佻者型パーソナリティ障害	
C412			頚椎悪性腫瘍	
S131			頚椎亜脱臼	
S1290			頚椎圧迫骨折	
M4692			頚椎炎	
M4882			頚椎黄色靱帯骨化症	
S1291			頚椎開放骨折	
S1291			頚椎開放性脱臼骨折	
M4652			頚椎化膿性脊椎炎	
M4632			頚椎化膿性椎間板炎	
Q764			頚椎奇形	
T038			頚椎胸椎捻挫	
S134			頚椎棘間靱帯損傷	
S1291			頚椎棘突起開放骨折	
S1290			頚椎棘突起骨折	
M1128			頚椎偽痛風	
A180			頚椎結核	
M4882			頚椎後縦靱帯骨化症	
M4312			頚椎後方すべり症	
M4022			頚椎後弯	
S1290			頚椎骨折	
M969			頚椎骨移植術後遺症	
M4622			頚椎骨髄炎	
M8168			頚椎骨粗鬆症	
M8098			頚椎骨粗鬆症・病的骨折あり	
M4292			頚椎骨軟骨症	
C412			頚椎骨肉腫	
D480			頚椎腫瘍	
M4782			頚椎症	
G128			頚椎症性筋萎縮症	
M4722			頚椎症性神経根症	
M4712			頚椎症性脊髄症	
S142			頚椎神経根損傷	
S146			頚椎神経挫滅	
S134			頚椎ストレイン	
M4312			頚椎すべり症	
C412			頚椎脊索腫	
Q764			頚椎先天異常	
M4882			頚椎前縦靱帯骨化症	
S141			頚椎損傷	
S1271			頚椎多発開放骨折	
S1270			頚椎多発骨折	
S133			頚椎多発性脱臼	
S131			頚椎脱臼	
T918			頚椎脱臼後遺症	
S1290			頚椎脱臼骨折	
M969			頚椎脱臼術後遺症	
T911			頚椎陳旧性圧迫骨折	
S1291			頚椎椎間関節開放性脱臼骨折	
M4322			頚椎椎間関節骨性強直	
S1290			頚椎椎間関節脱臼骨折	
M4884			頚椎椎間関節のう腫	
M4642			頚椎椎間板炎	
M509			頚椎椎間板症	
M501			頚椎椎間板症性神経根症	
M500			頚椎椎間板症性脊髄症	
M9971			頚椎椎間板性椎間孔狭窄症	
T099			頚椎椎間板損傷	
M502			頚椎椎間板ヘルニア	
M501			頚椎椎間板ヘルニアによる神経根症	
M500			頚椎椎間板ヘルニアによる脊髄症	
S1291			頚椎椎弓開放骨折	
S1290			頚椎椎弓骨折	
S1291			頚椎椎体開放骨折	
S1290			頚椎椎体骨折	
C795			頚椎転移	
S1291			頚椎突起開放骨折	
S1290			頚椎突起骨折	
C412			頚椎軟骨肉腫	
S134			頚椎捻挫	
T918			頚椎捻挫後遺症	
M5322			頚椎不安定症	
S198			頚椎部挫傷	
S108			頚椎部打撲	
S108			頚椎部打撲挫傷	
M4302			頚椎分離症	
M4312			頚椎分離すべり症	
M4392			頚椎変形	
M4312			頚椎変性すべり症	
M4322			頚椎癒合症	
D166			頚椎良性腫瘍	
B019			鶏痘	
M5302			頚頭蓋症候群	
I652			頚動脈硬化症	
C754			頚動脈小体悪性腫瘍	
D355			頚動脈小体腫瘍	
D355			頚動脈小体良性腫瘍	
Z958			頚動脈ステント植え込み状態	
T828			頚動脈ステント狭窄	
S150			頚動脈損傷	
G900			頚動脈洞症候群	
E441			軽度栄養失調症	
H520			軽度遠視	
H521			軽度近視	
P211			軽度新生児仮死	
F70			軽度知的障害	
F700			軽度知的障害・行動機能障害なしか最小限	
F709			軽度知的障害・行動機能障害の言及なし	
F708			軽度知的障害・その他の行動機能障害あり	
F701			軽度知的障害・要治療の行動機能障害あり	
H919			軽度難聴	
F067			軽度認知障害	
M7298			頚背筋筋膜痛	
S16			頚背筋部分断裂	
J65			珪肺結核	
J628			珪肺症	
M5480			頚背部痛	
S831			脛腓関節脱臼	
S836			脛腓関節捻挫	
D044			頚皮膚上皮内癌	
L879			経表皮排除疾患	
C434			頚部悪性黒色腫	
C760			頚部悪性腫瘍	
C490			頚部悪性線維性組織球腫	
C490			頚部悪性軟部腫瘍	
C470			頚部悪性末梢神経鞘腫	
C859			頚部悪性リンパ腫	
T71			頚部圧迫による窒息	
S179			頚部圧挫損傷	
L720			頚部アテローム	
R448			頚部異物感	
M5402			頚部炎症	
C490			頚部横紋筋肉腫	
S119			頚部開放創	
I720			頚部解離性動脈瘤	
C490			頚部滑膜肉腫	
L040			頚部化膿性リンパ節炎	
S199			頚部外傷	
T919			頚部外傷後遺症	
C760			頚部癌	
H55			頚部眼振	
T008			頚部顔面胸部挫傷	
Q189			頚部奇形	
C444			頚部基底細胞癌	
L040			頚部急性リンパ節炎	
M6098			頚部筋炎	
M7298			頚部筋筋膜炎	
M7298			頚部筋筋膜症	
S16			頚部筋挫傷	
D210			頚部筋腫	
M7918			頚部筋肉痛	
R298			頚部痙直	
D170			頚部血管脂肪腫	
D180			頚部血管腫	
S159			頚部血管損傷	
T918			頚部血管損傷後遺症	
C490			頚部血管肉腫	
C760			頚部原発腫瘍	
S145			頚部交感神経損傷	
R298			頚部硬直	
S109			頚部挫傷	
T910			頚部挫傷後遺症	
S119			頚部挫創	
S179			頚部挫滅損傷	
C444			頚部脂腺癌	
D170			頚部脂肪腫	
C490			頚部脂肪肉腫	
R221			頚部腫脹	
D487			頚部腫瘍	
R221			頚部腫瘤	
S112			頚部食道開放創	
C150			頚部食道癌	
S100			頚部食道挫傷	
C760			頚部神経芽腫	
M5412			頚部神経根症	
S146			頚部神経損傷	
M7928			頚部神経痛	
I868			頚部静脈瘤	
D224			頚部青色母斑	
M4802			頚部脊柱管狭窄症	
D234			頚部石灰化上皮腫	
S119			頚部切創	
L021			頚部せつ	
S134			頚部前縦靱帯捻挫	
S199			頚部損傷	
S157			頚部多発性血管損傷	
S117			頚部多発部位開放創	
T201			頚部第１度熱傷	
T202			頚部第２度熱傷	
T203			頚部第３度熱傷	
S109			頚部打撲傷	
T639			頚部虫刺症	
S130			頚部椎間板断裂	
M503			頚部椎間板変性症	
M5422			頚部痛	
C798			頚部転移性腫瘍	
C798			頚部転移性腺癌	
I770			頚部動静脈瘻	
I720			頚部内頚動脈瘤	
D170			頚部軟性線維腫	
L984			頚部難治性皮膚潰瘍	
D481			頚部軟部腫瘍	
L928			頚部肉芽腫	
C490			頚部肉腫	
T200			頚部熱傷	
D367			頚部のう腫	
L089			頚部膿疱	
D181			頚部のう胞性リンパ管腫	
L021			頚部膿瘍	
T331			頚部の表在性凍傷	
B354			頚部白癬	
R221			頚部皮下腫瘤	
C444			頚部皮膚悪性腫瘍	
L309			頚部皮膚炎	
L984			頚部皮膚潰瘍	
C444			頚部皮膚癌	
S119			頚部皮膚欠損創	
D234			頚部皮膚良性腫瘍	
S109			頚部表在損傷	
Q825			頚部表皮母斑	
B001			頚部ヘルペス	
M953			頚部変形	
D224			頚部扁平母斑	
L598			頚部放射線皮膚潰瘍	
L038			頚部蜂巣炎	
D044			頚部ボーエン病	
D224			頚部母斑	
D224			頚部母斑細胞母斑	
S144			頚部末梢神経損傷	
C444			頚部メルケル細胞癌	
D234			頚部毛芽腫	
C444			頚部有棘細胞癌	
L021			頚部よう	
C444			頚部隆起性皮膚線維肉腫	
D210			頚部良性軟部腫瘍	
L040			頚部リンパ節炎	
A182			頚部リンパ節結核	
D487			頚部リンパ節腫	
R590			頚部リンパ節腫脹	
D487			頚部リンパ節腫瘍	
C770			頚部リンパ節転移	
L040			頚部リンパ腺膿瘍	
R400			傾眠症	
T008			頚腰椎挫傷	
L402			稽留性肢端皮膚炎	
L402			稽留性肢端皮膚炎汎発型	
Q068			係留脊髄	
R508			稽留熱	
O021			稽留流産	
R252			痙攣	
G934			痙攣重積型急性脳症	
G934			痙攣重積型二相性急性脳症	
R568			痙攣重積発作	
O624			痙攣陣痛	
K076			痙攣性開口障害	
H024			痙攣性眼瞼下垂症	
J385			痙攣性喉頭気管炎	
J383			痙攣性発声障害	
K590			痙攣性便秘	
R568			痙攣発作	
Q765			頚肋	
Q765			頚肋症候群	
M5412			頚腕神経痛	
T038			頚腕捻挫	
J678			毛皮商人肺	
L232			化粧品アレルギー性接触皮膚炎	
L243			化粧品刺激性接触皮膚炎	
B853			ケジラミ症	
B880			毛だに皮膚炎	
A169			結核	
B909			結核後遺症	
A169			結核腫	
A167			結核初期感染	
A184			結核疹	
A187			結核性アジソン病	
A185			結核性角結膜炎	
A185			結核性角膜炎	
A185			結核性角膜強膜炎	
A162			結核性喀血	
A180			結核性滑膜炎	
A169			結核性咳嗽	
A162			結核性気管支拡張症	
A162			結核性気胸	
A165			結核性胸膜炎	
A156			結核性胸膜炎・菌確認あり	
A156			結核性胸膜炎・組織学的確認あり	
A162			結核性空洞	
A165			結核性血胸	
A180			結核性腱滑膜炎	
A184			結核性瞼板炎	
A183			結核性下痢	
A169			結核性硬化症	
A184			結核性硬結性紅斑	
A185			結核性虹彩炎	
A185			結核性虹彩毛様体炎	
A170			結核性硬膜炎	
A180			結核性骨髄炎	
A188			結核性心筋症	
A181			結核性女性骨盤炎症性疾患	
A183			結核性痔瘻	
A181			結核性腎盂炎	
A181			結核性腎盂腎炎	
A170			結核性髄膜炎	
B900			結核性髄膜炎後遺症	
A181			結核性精管炎	
A180			結核性脊柱後弯症	
A180			結核性脊柱前弯症	
A180			結核性脊柱側弯症	
A169			結核性線維症	
A181			結核性前立腺炎	
A178			結核性多発ニューロパチー	
A186			結核性中耳炎	
A187			結核性低アドレナリン症	
A188			結核性動脈炎	
A188			結核性動脈内膜炎	
A170			結核性軟膜炎	
A165			結核性膿胸	
A181			結核性膿腎症	
A178			結核性脳脊髄炎	
A188			結核性脳動脈炎	
A178			結核性脳膿瘍	
A169			結核性膿瘍	
A162			結核性肺線維症	
A162			結核性肺膿瘍	
A169			結核性発熱	
A188			結核性貧血	
A183			結核性腹水	
A183			結核性腹膜炎	
A185			結核性ぶどう膜炎	
B901			結核性膀胱炎後遺症	
A185			結核性脈絡網膜炎	
A185			結核性網膜炎	
A181			結核性卵管炎	
A181			結核性卵巣炎	
A181			結核性卵巣のう胞	
A182			結核性リンパ節炎	
F453			血管運動神経症	
G909			血管運動神経障害	
I738			血管運動性肢端感覚異常症	
J300			血管運動性鼻炎	
D692			血管拡張性環状紫斑症	
D481			血管芽細胞腫	
Q796			血管型エーラス・ダンロス症候群	
D179			血管筋脂肪腫	
G908			血管緊張低下性失神	
D179			血管脂肪腫	
D180			血管腫	
D481			血管周皮腫	
Q828			血管腫症	
R02			血管神経性壊疽	
T783			血管神経性浮腫	
H405			血管新生緑内障	
D680			血管性血友病	
G441			血管性頭痛	
G951			血管性脊髄症	
L945			血管性多形皮膚萎縮症	
F019			血管性認知症	
H268			血管性白内障	
H164			血管性パンヌス	
Q825			血管性母斑	
T145			血管切断	
D219			血管線維腫	
T145			血管損傷	
T824			血管透析カテーテルの機械的合併症	
C838			血管内大細胞型Ｂ細胞性リンパ腫	
D489			血管内皮腫	
C499			血管肉腫	
D219			血管平滑筋腫	
M352			血管ベーチェット病	
R55			血管迷走神経性失神	
C865			血管免疫芽球性Ｔ細胞リンパ腫	
Q254			血管輪	
D181			血管リンパ管腫	
J942			血気胸	
D763			血球貪食症候群	
D761			血球貪食性リンパ組織球症	
E638			血虚	
J942			血胸	
I978			血行再建症候群	
M8696			血行性脛骨骨髄炎	
M8699			血行性骨髄炎	
K040			血行性歯髄炎	
M8695			血行性大腿骨骨髄炎	
Q738			欠肢症	
T140			血腫	
I615			血腫脳室内穿破	
E880			血漿アルブミン過剰症	
D891			結晶クリオグロブリン血症	
M1199			結晶性関節症	
R829			結晶尿	
R701			血漿粘度異常	
D691			血小板機能異常症	
D691			血小板機能低下	
D696			血小板減少症	
D694			血小板減少性紫斑病	
D691			血小板障害症	
D758			血小板増加症	
D691			血小板放出機構異常症	
D691			血小板無力症	
G411			欠神発作重積状態	
J90			血性胸水	
R749			血清酵素値異常	
R838			血性髄液	
O927			血性乳汁	
M0600			血清反応陰性関節リウマチ	
M0601			血清反応陰性関節リウマチ・肩関節	
M0608			血清反応陰性関節リウマチ・顎関節	
M0608			血清反応陰性関節リウマチ・胸椎	
M0608			血清反応陰性関節リウマチ・頚椎	
M0605			血清反応陰性関節リウマチ・股関節	
M0607			血清反応陰性関節リウマチ・趾関節	
M0604			血清反応陰性関節リウマチ・指関節	
M0606			血清反応陰性関節リウマチ・膝関節	
M0603			血清反応陰性関節リウマチ・手関節	
M0608			血清反応陰性関節リウマチ・脊椎	
M0607			血清反応陰性関節リウマチ・足関節	
M0602			血清反応陰性関節リウマチ・肘関節	
M0608			血清反応陰性関節リウマチ・腰椎	
M0590			血清反応陽性関節リウマチ	
M0591			血清反応陽性関節リウマチ・肩関節	
M0598			血清反応陽性関節リウマチ・顎関節	
M0598			血清反応陽性関節リウマチ・胸椎	
M0598			血清反応陽性関節リウマチ・頚椎	
M0595			血清反応陽性関節リウマチ・股関節	
M0594			血清反応陽性関節リウマチ・指関節	
M0597			血清反応陽性関節リウマチ・趾関節	
M0596			血清反応陽性関節リウマチ・膝関節	
M0593			血清反応陽性関節リウマチ・手関節	
M0598			血清反応陽性関節リウマチ・脊椎	
M0597			血清反応陽性関節リウマチ・足関節	
M0592			血清反応陽性関節リウマチ・肘関節	
M0598			血清反応陽性関節リウマチ・腰椎	
T806			血清病	
J348			血性鼻漏	
R18			血性腹水	
K659			血性腹膜炎	
T806			血清発疹	
N209			結石性腎盂腎炎	
C811			結節硬化型古典的ホジキンリンパ腫	
H209			結節虹彩炎	
H178			結節状角膜混濁	
H185			結節状角膜ジストロフィー	
I700			結節状石灰化大動脈狭窄症	
R02			結節性壊死性皮膚炎	
E782			結節性黄色腫	
K746			結節性肝硬変	
H162			結節性眼炎	
M7249			結節性筋膜炎	
H162			結節性結膜炎	
Q851			結節性硬化症	
E049			結節性甲状腺腫	
L52			結節性紅斑	
L52			結節性紅斑性関節障害	
M300			結節性多発動脈炎	
A162			結節性肺結核	
A664			結節性晩期フランベジア	
E049			結節性非中毒性甲状腺腫	
L281			結節性痒疹	
C810			結節性リンパ球優位型ホジキンリンパ腫	
L670			結節性裂毛症	
K645			血栓性外痔核	
M311			血栓性血小板減少性紫斑病	
I633			血栓性小脳梗塞	
I38			血栓性心内膜炎	
K645			血栓性痔核	
I809			血栓性静脈炎	
K648			血栓性内痔核	
I633			血栓性脳梗塞	
M311			血栓性微小血管症	
I749			血栓塞栓症	
K081			欠損歯	
K081			欠損歯・床適合	
K081			欠損歯・増歯	
K081			欠損歯・ブリッジ	
K081			欠損歯・裏装	
R042			血痰	
R790			血中亜鉛異常	
R780			血中アルコール値上昇	
R790			血中コバルト異常	
R790			血中鉄異常	
R790			血中銅異常	
R781			血中のアヘン薬物の検出	
R783			血中の幻覚剤の検出	
R785			血中の向精神薬の検出	
R782			血中のコカインの検出	
R787			血中の重金属の異常値	
R786			血中のステロイド物質の検出	
R790			血中マグネシウム異常	
R790			血中ミネラル異常	
C859			結腸悪性リンパ腫	
K598			結腸アトニー	
Q433a			結腸回転不全	
K633			結腸潰瘍	
Q438			結腸過長症	
C481			結腸間膜悪性腫瘍	
K458			結腸間膜ヘルニア	
D374			結腸間葉系腫瘍	
C189			結腸癌	
K566			結腸狭窄症	
K573			結腸憩室炎	
K573			結腸憩室症	
K572			結腸憩室穿孔	
D175			結腸脂肪腫	
C189			結腸脂肪肉腫	
D374			結腸腫瘍	
C189			結腸消化管間質腫瘍	
C189			結腸神経内分泌細胞癌	
C189			結腸神経内分泌腫瘍	
D010			結腸上皮内癌	
K631			結腸穿孔	
D126			結腸腺腫症	
S365			結腸損傷	
S3651			結腸損傷・腹腔に達する開放創合併あり	
S3650			結腸損傷・腹腔に達する開放創合併なし	
Q438			結腸転位	
T184			結腸内異物	
D374			結腸粘膜下腫瘍	
K566			結腸閉塞	
N321			結腸膀胱瘻	
K635			結腸ポリープ	
K632			結腸瘻	
Z433			結腸瘻開口部に対する手当て	
R098			血圧異常	
J698			血液嚥下性肺炎	
R798			血液ガス値異常	
O361			血液型不適合	
D689			血液凝固異常	
E877			血液量過多	
E86			血液量減少	
M7979			結合織炎	
M994			結合組織性神経管狭窄症	
M997			結合組織性椎間孔狭窄症	
Q825			結合組織母斑	
Q894			結合体	
S9221			楔状骨開放骨折	
S9220			楔状骨骨折	
N501			血精液症	
R820			血乳び尿症	
R31			血尿	
N029			血尿症候群	
K921			血便	
H118			結膜萎縮	
T151			結膜異物	
H109			結膜炎	
T158			結膜下異物	
H108			結膜潰瘍	
H113			結膜下出血	
H104			結膜化膿性肉芽腫	
H111			結膜乾燥症	
H111			結膜銀症	
A185			結膜結核	
D180			結膜血管腫	
H111			結膜結石	
A512			結膜下疳	
S050			結膜擦過傷	
H118			結膜弛緩症	
H111			結膜色素沈着	
H119			結膜疾患	
H111			結膜脂肪斑	
D487			結膜腫瘍	
H119			結膜腫瘤	
H114			結膜充血	
S053			結膜創傷	
H111			結膜沈着症	
H114			結膜動脈瘤	
D310			結膜乳頭腫	
T261			結膜熱傷	
C690			結膜の悪性腫瘍	
T266			結膜のうアルカリ化学熱傷	
T266			結膜のう酸化学熱傷	
D310			結膜のう腫	
H114			結膜のう胞	
H112			結膜瘢痕	
S050			結膜表在損傷	
H108			結膜びらん	
B749			結膜フィラリア症	
H114			結膜浮腫	
T266			結膜腐蝕	
H111			結膜変性	
D310			結膜母斑	
H111			結膜メラノーシス	
D310			結膜良性腫瘍	
H118			結膜リンパ管拡張症	
S053			結膜裂傷	
H108			結膜濾胞症	
D66			血友病	
D66			血友病Ａ	
D67			血友病Ｂ	
D66			血友病関節炎	
D66			血友病性出血	
E888			ケトーシス	
E872			ケトアシドーシス	
E872			ケトン血性嘔吐症	
E161			ケトン性低血糖症	
R824			ケトン尿症	
T524			ケトン油中毒	
T524			ケトン類の毒作用	
A771			ケニアだにチフス	
B718			ケヌルス感染症	
Q808			ケラチン症性魚鱗癬	
B350			ケルスス禿瘡	
K108			ケルビズム	
L910			ケロイド	
L910			ケロイド拘縮	
L730			ケロイドざ瘡	
L910			ケロイド体質	
L910			ケロイド瘢痕	
T520			ケロシン中毒	
S47			肩圧挫傷	
R51			牽引性頭痛	
H334			牽引性網膜剥離	
T888			牽引装置破損	
T888			牽引装置不適合	
M7799			腱炎	
H028			瞼縁肥厚症	
S410			肩開放創	
A498			嫌気性菌感染	
A414			嫌気性菌敗血症	
M8699			嫌気性骨髄炎	
H112			瞼球間後癒着症	
H112			瞼球間前癒着症	
H112			瞼球癒着	
M7291			肩筋筋膜炎	
Q798			腱欠損	
O644			肩甲位による分娩停止	
S437			肩甲下筋捻挫	
T211			肩甲間部第１度熱傷	
T212			肩甲間部第２度熱傷	
T213			肩甲間部第３度熱傷	
T210			肩甲間部熱傷	
Z892			肩甲胸郭間切断術後	
C400			肩甲骨悪性腫瘍	
S4211			肩甲骨烏口突起開放骨折	
S4210			肩甲骨烏口突起骨折	
S4211			肩甲骨開放骨折	
S4211			肩甲骨関節窩開放骨折	
S4210			肩甲骨関節窩骨折	
D160			肩甲骨外骨腫	
S4211			肩甲骨頚部開放骨折	
S4210			肩甲骨頚部骨折	
S4211			肩甲骨肩峰開放骨折	
S4210			肩甲骨肩峰骨折	
Q740			肩甲骨高位症	
S4210			肩甲骨骨折	
C400			肩甲骨骨肉腫	
M8691			肩甲骨周囲炎	
D480			肩甲骨腫瘍	
S4211			肩甲骨体部開放骨折	
S4210			肩甲骨体部骨折	
M2551			肩甲骨痛	
C400			肩甲骨軟骨肉腫	
C400			肩甲骨ユーイング肉腫	
D160			肩甲骨良性腫瘍	
M758			肩甲周囲炎	
Z000			健康診査	
Z000			健康診断	
M7921			肩甲上神経痛	
G588			肩甲上神経麻痺	
M6251			肩甲上腕筋萎縮	
Z718			健康相談	
G545			肩甲帯神経炎	
T924			肩甲帯末梢神経損傷後遺症	
O660			肩甲難産	
G121			肩甲腓骨型脊髄性筋萎縮症	
S47			肩甲部圧挫傷	
M7291			肩甲部筋筋膜炎	
M7911			肩甲部筋肉痛	
D171			肩甲部血管脂肪腫	
S400			肩甲部挫傷	
D171			肩甲部脂肪腫	
C491			肩甲部脂肪肉腫	
D487			肩甲部腫瘍	
T221			肩甲部第１度熱傷	
T222			肩甲部第２度熱傷	
T223			肩甲部第３度熱傷	
M2551			肩甲部痛	
T220			肩甲部熱傷	
S431			肩鎖関節亜脱臼	
M1311			肩鎖関節炎	
S400			肩鎖関節挫傷	
S499			肩鎖関節損傷	
S431			肩鎖関節脱臼	
M2551			肩鎖関節痛	
S435			肩鎖関節捻挫	
I511			腱索断裂	
I211			腱索断裂・急性心筋梗塞に合併	
K002			犬歯化	
M8900			肩手症候群	
M6599			腱鞘炎	
D219			腱鞘巨細胞腫	
Z000			検診	
A521			顕性神経梅毒	
M200			腱性マレット指	
T146			腱切創	
L941			剣創状強皮症	
T146			腱損傷	
T941			腱損傷後遺症	
R53			倦怠感	
T146			腱断裂	
R410			見当識障害	
S400			腱板挫傷	
H028			瞼板腺分泌過多	
D236			肩皮膚良性腫瘍	
R31			顕微鏡的血尿	
M317			顕微鏡的多発血管炎	
M7799			腱付着部炎	
M7799			腱付着部症	
C436			肩部悪性黒色腫	
C491			肩部悪性線維性組織球腫	
C491			肩部悪性軟部腫瘍	
C471			肩部悪性末梢神経鞘腫	
C491			肩部横紋筋肉腫	
C491			肩部滑膜肉腫	
C446			肩部基底細胞癌	
M7911			肩部筋痛	
M7951			肩部筋肉内異物残留	
D180			肩部血管腫	
G588			肩部絞扼性神経障害	
D236			肩部石灰化上皮腫	
C491			肩部線維肉腫	
C491			肩部淡明細胞肉腫	
T221			肩部第１度熱傷	
T222			肩部第２度熱傷	
T223			肩部第３度熱傷	
M2551			肩部痛	
D172			肩部軟性線維腫	
C446			肩部皮膚癌	
T146			腱部分断裂	
C491			肩部胞巣状軟部肉腫	
D046			肩部ボーエン病	
C446			肩部メルケル細胞癌	
C446			肩部有棘細胞癌	
D211			肩部良性軟部腫瘍	
R413			健忘症	
F196			健忘症候群	
R482			健忘性失行症	
R470			健忘性失語症	
T146			腱裂傷	
H025			瞼裂縮小	
H111			瞼裂斑	
H111			瞼裂斑炎	
B483			ゲオトリクム症	
B483			ゲオトリクム性口内炎	
R451			激越	
E101			劇症１型糖尿病	
B190			劇症肝炎	
A400			劇症型Ａ群連鎖球菌感染症	
K510			劇症型潰瘍性大腸炎	
I408			劇症型心筋炎	
D65			劇症紫斑病	
B029			劇症帯状疱疹	
K921			下血	
F55			下剤乱用	
N926			月経異常	
N946			月経困難症	
N948			月経随伴性気胸	
N948			月経性歯肉炎	
N943			月経前症候群	
N943			月経前浮腫	
N943			月経前片頭痛	
N923			月経中間期出血	
N946			月経痛	
N926			月経不順	
N946			月経モリミナ	
N825			月経瘻	
S6211			月状骨開放骨折	
S6210			月状骨骨折	
S630			月状骨周囲脱臼	
Q743			ゲラン・スターン症候群	
K580			下痢型過敏性腸症候群	
A099			下痢症	
A818			ゲルストマン・ストロイスラー・シャインカー病	
F812			ゲルストマン症候群	
Q505			ゲルトネル管のう胞	
J380			ゲルハルト症候群	
T703			減圧症	
G009			原因菌不明髄膜炎	
R99			原因不明の死亡	
O410			原因不明の羊水過少症	
R443			幻覚	
F229			幻覚妄想状態	
F162			幻覚薬依存	
F160			幻覚薬使用による急性精神・行動障害	
F161			幻覚薬乱用	
K054			限局型若年性歯周炎	
M313			限局型多発血管炎性肉芽腫症	
C450			限局性悪性胸膜中皮腫	
E854			限局性アミロイドーシス	
L930			限局性円板状エリテマトーデス	
H609			限局性外耳道炎	
J47			限局性気管支拡張症	
L940			限局性強皮症	
M6099			限局性筋炎	
H212			限局性虹彩萎縮	
K060			限局性歯肉退縮	
E65			限局性脂肪症	
L280			限局性神経皮膚炎	
H300			限局性滲出性網脈絡膜炎	
K859			限局性膵炎	
C61			限局性前立腺癌	
L298			限局性そう痒症	
L682			限局性多毛症	
K358			限局性虫垂炎	
C459			限局性中皮腫	
K626			限局性直腸潰瘍	
G310			限局性脳萎縮症	
J869			限局性膿胸	
K004			限局性歯の異形成症	
R229			限局性皮下腫脹	
Q048			限局性皮質異形成	
R229			限局性表在性腫脹	
K650			限局性腹膜炎	
R600			限局性浮腫	
R590			限局性リンパ節腫大	
R481			言語失認	
F809			言語障害	
R620			言語遅延	
F809			言語発達遅滞	
R471			言語理解障害	
G547			幻肢	
R441			幻視	
C719			原始神経外胚葉腫瘍	
K090			原始性のう胞	
G546			幻肢痛	
Q914			減数分裂性不分離トリソミー１３	
Q910			減数分裂性不分離トリソミー１８	
Q900			減数分裂性不分離トリソミー２１	
C719			原線維性星細胞腫	
A079			原虫性大腸炎	
R440			幻聴	
H401			原発開放隅角緑内障	
C719			原発性悪性脳腫瘍	
E859			原発性アミロイドーシス	
B602			原発性アメーバ性髄膜脳炎	
E260			原発性アルドステロン症	
R610			原発性腋窩多汗症	
C220			原発性肝癌	
M1909			原発性関節症	
N913			原発性希発月経	
R610			原発性局所性多汗症	
D891			原発性クリオグロブリン血症	
D694			原発性血小板減少症	
N944			原発性月経困難症	
E783			原発性高カイロミクロン血症	
K830			原発性硬化性胆管炎	
E748			原発性高シュウ酸尿症	
E059			原発性甲状腺機能亢進症	
E039			原発性甲状腺機能低下症	
D686			原発性抗リン脂質抗体症候群	
M161			原発性股関節症	
C419			原発性骨腫瘍	
D474			原発性骨髄線維症	
H472			原発性視神経萎縮	
M171			原発性膝関節症	
R610			原発性掌蹠多汗症	
C838			原発性滲出性リンパ腫	
N979			原発性女性不妊症	
O620			原発性陣痛微弱	
E859			原発性全身性アミロイドーシス	
M150			原発性全身性関節症	
R611			原発性全身性多汗症	
G122			原発性側索硬化症	
K743			原発性胆汁性肝硬変	
K743			原発性胆汁性胆管炎	
K743			原発性胆汁性胆管炎に伴う食道静脈瘤	
K743			原発性胆汁性胆管炎に伴う食道静脈瘤出血	
N46			原発性男性不妊症	
I677			原発性中枢神経系血管炎	
M1009			原発性痛風	
E833			原発性低リン血症くる病	
N258			原発性尿細管性アシドーシス	
F03			原発性認知症	
C719			原発性脳腫瘍	
C349			原発性肺癌	
A202			原発性肺ペスト	
G473			原発性肺胞低換気症候群	
L909			原発性斑状皮膚萎縮症	
M894			原発性肥大性骨関節症	
C826			原発性皮膚濾胞中心リンパ腫	
E210			原発性副甲状腺機能亢進症	
K659			原発性腹膜炎	
B002			原発性ヘルペスウイルス性口内炎	
M1909			原発性変形性関節症	
D841			原発性補体欠損症	
M181			原発性母指ＣＭ関節症	
C880			原発性マクログロブリン血症	
N910			原発性無月経	
N46			原発性無精子症	
D848			原発性免疫不全症候群	
E283			原発性卵巣機能低下症	
H409			原発性緑内障	
Q820			原発性リンパ浮腫	
C800			原発不明癌	
H400			原発閉塞隅角症	
H402			原発閉塞隅角緑内障	
Q878			コーエン症候群	
H163			コーガン症候群	
H350			コーツ病	
J678			コーヒー作業者肺	
S5250			コーレス骨折	
A411			コアグラーゼ陰性ぶどう球菌敗血症	
T888			コア脱離	
T888			コア破損	
T888			コア不適合	
R91			コイン状陰影	
C910			高２倍体性Ｂリンパ芽球性白血病	
C910			高２倍体性Ｂリンパ芽球性白血病／リンパ腫	
C835			高２倍体性Ｂリンパ芽球性リンパ腫	
E780			高ＨＤＬ血症	
R771			高ＩｇＡ血症	
R771			高ＩｇＤ血症	
D898			高ＩｇＤ症候群	
R771			高ＩｇＥ血症	
D824			高ＩｇＥ症候群	
R771			高ＩｇＧ血症	
R771			高ＩｇＭ血症	
D805			高ＩｇＭ症候群	
R740			高ＬＤＨ血症	
E780			高ＬＤＬ血症	
D472			抗ＭＡＧ抗体陽性ニューロパチー	
G048			抗ＮＭＤＡ受容体脳炎	
R946			高ＴＳＨ血症	
R748			高アミラーゼ血症	
R829			高アミラーゼ尿症	
E711			高アラニン血症	
R748			高アルカリホスファターゼ血症	
E722			高アルギニン血症	
E269			高アルドステロン症	
R770			高アルブミン血症	
E838			高アルミニウム血症	
T450			抗アレルギー薬中毒	
E722			高アンモニア血症	
F929			行為および情緒の混合性障害	
L304			肛囲間擦疹	
O813			高位鉗子分娩	
B372			肛囲カンジダ症	
K603			高位筋間痔瘻	
K614			高位筋間膿瘍	
R234			肛囲硬結	
Q423b			高位鎖肛	
L709			口囲ざ瘡	
K073			高位歯	
L710			口囲湿疹	
D485			肛囲腫瘍	
O714			高位腟裂傷	
B356			肛囲白癬	
O429			高位破水	
E161			高インスリン血症	
T432			抗うつ薬中毒	
F191			抗うつ薬乱用	
T148			高エネルギー外傷	
C927			好塩基球性白血病	
D758			好塩基球増加症	
E872			高塩素性アシドーシス	
E878			高塩素尿症	
E724			高オルニチン血症	
R471			構音障害	
H919			高音障害型難聴	
E783			高カイロミクロン血症	
K130			口角炎	
K130			口角口唇炎	
R768			抗核抗体陽性	
T636			甲殻動物毒	
K130			口角びらん	
S015			口角部挫創	
S015			口角部裂創	
B001			口角ヘルペス	
I670			後下小脳動脈解離	
I663			後下小脳動脈閉塞症	
I671			後下小脳動脈瘤	
L900			硬化性萎縮性苔癬	
H163			硬化性角膜炎	
D239			硬化性血管腫	
M8539			硬化性骨炎	
M8689			硬化性骨髄炎	
G049			硬化性脊髄炎	
K140			硬化性舌炎	
A162			硬化性肺結核	
T808			硬化性腹膜炎	
N838			硬化性卵巣	
A184			硬化性狼瘡	
R631			口渇症	
E875			高カリウム血症	
G723			高カリウム血性周期性四肢麻痺	
G723			高カリウム性家族性周期性麻痺	
E835			高カルシウム血症	
E835			高カルシウム尿症	
R682			口乾	
G908			交感神経緊張亢進	
D361			交感神経腫	
H499			交感神経性眼筋麻痺	
H024			交感神経性眼瞼下垂症	
D482			交感神経節腫瘍	
H441			交感性眼炎	
H441			交感性ぶどう膜炎	
A181			広間膜結核	
Q506			広間膜欠損	
Q506			広間膜閉鎖	
N838			広間膜裂傷症候群	
T180			口蓋異物	
S099			口蓋外傷	
C059			口蓋癌	
C091			口蓋弓癌	
S0281			口蓋骨開放骨折	
S0280			口蓋骨骨折	
S005			口蓋挫傷	
D370			口蓋腫瘍	
D000			口蓋上皮内癌	
K122			口蓋垂炎	
Q385			口蓋垂過長症	
S099			口蓋垂外傷	
C052			口蓋垂癌	
A188			口蓋垂結核	
Q385			口蓋垂欠損症	
D103			口蓋垂良性腫瘍	
Q357			口蓋垂裂	
S015			口蓋切創	
D103			口蓋多形腺腫	
A512			口蓋軟性下疳	
K136			口蓋乳頭過形成	
K091			口蓋乳頭のう胞	
K116			口蓋粘液のう胞	
K091			口蓋のう胞	
K122			口蓋膿瘍	
Q385			口蓋の先天奇形	
T888			口蓋補綴物破損	
T888			口蓋補綴物不適合	
J392			口蓋ミオクローヌス	
K100			口蓋隆起	
S015			口蓋裂創	
Q359			口蓋裂	
C719			膠芽腫	
E164			高ガストリン血症	
H400			高眼圧症	
T451			抗癌剤漏出性皮膚障害	
D892			高ガンマグロブリン血症	
G244			口顔面ジストニア	
A528			後期潜伏性梅毒	
K911			後期ダンピング症候群	
E752			後期乳児型異染性白質ジストロフィー	
F840			高機能自閉症	
T888			高強度硬質レジンブリッジ過高	
T888			高強度硬質レジンブリッジ粗造	
T888			高強度硬質レジンブリッジ脱離	
T888			高強度硬質レジンブリッジ低位	
T888			高強度硬質レジンブリッジ破損	
T888			高強度硬質レジンブリッジ不適合	
H250			後極白内障	
H158			後極ぶどう膜腫	
S9200			後距踵関節内骨折	
S932			後距腓靱帯損傷	
M6098			咬筋炎	
G248			咬筋ジストニア	
F349			拘禁性抑うつ状態	
F238			拘禁反応	
M628			咬筋肥大症	
Z921			抗凝固剤投与状態	
R198			口苦	
Q870			口腔・顔面・指趾症候群	
C069			口腔悪性黒色腫	
K137			口腔アレルギー症候群	
T180			口腔異物	
B378			口腔咽頭カンジダ症	
S015			口腔開放創	
S015			口腔割創	
B370			口腔カンジダ症	
K121			口腔感染症	
K117			口腔乾燥症	
S005			口腔外傷性異物	
S005			口腔外傷性腫脹	
C069			口腔癌	
R198			口腔機能低下症	
R688			口腔機能発達不全症	
T753			航空機酔い	
A188			口腔結核	
K132			口腔紅板症	
S005			口腔擦過創	
S005			口腔挫傷	
S015			口腔挫創	
S015			口腔刺創	
K137			口腔出血	
D370			口腔腫瘍	
F459			口腔心身症	
J320			口腔上顎洞瘻	
D000			口腔上皮内癌	
K121			口腔褥瘡性潰瘍	
T700			航空性中耳炎	
S005			口腔切創	
C061			口腔前庭癌	
K068			口腔前庭狭小	
S015			口腔創傷	
B029			口腔帯状疱疹	
T280			口腔第１度熱傷	
T280			口腔第２度熱傷	
T280			口腔第３度熱傷	
S005			口腔打撲傷	
T180			口腔底異物	
S099			口腔底外傷	
C049			口腔底癌	
D370			口腔底腫瘍	
D000			口腔底上皮内癌	
D102			口腔底乳頭腫	
K122			口腔底膿瘍	
K122			口腔底蜂巣炎	
D102			口腔底良性腫瘍	
T754			口腔電撃症	
A598			口腔トリコモナス症	
R198			口腔内異常感症	
R198			口腔内感覚異常症	
S005			口腔内血腫	
D177			口腔内脂肪腫	
R51			口腔内灼熱症候群	
K137			口腔内腫瘤	
T888			口腔内装置破損	
T888			口腔内装置不適合	
S099			口腔内損傷	
T280			口腔熱傷	
K123			口腔粘膜炎	
T818			口腔粘膜下気腫	
A188			口腔粘膜結核	
S005			口腔粘膜咬傷	
S015			口腔粘膜咬創	
K137			口腔粘膜色素沈着症	
K099			口腔粘膜のう胞	
K136			口腔粘膜の刺激性過形成	
K122			口腔膿瘍	
K132			口腔白板症	
A513			口腔梅毒	
T285			口腔腐蝕	
B002			口腔ヘルペス	
L439			口腔扁平苔癬	
M352			口腔ベーチェット病	
D103			口腔良性腫瘍	
K098			口腔類皮のう胞	
K098			口腔類表皮のう胞	
S015			口腔裂創	
R748			高クレアチンキナーゼ血症	
E878			高クロール血症	
E725			高グリシン血症	
E163			高グルカゴン血症	
R771			高グロブリン血症	
D890			高グロブリン血性紫斑病	
D596			行軍血色素尿症	
M8437			行軍骨折	
M7686			後脛骨筋腱炎	
M7686			後脛骨筋腱機能不全	
S840			後脛骨神経損傷	
S851			後脛骨動脈損傷	
M530			後頚部交感神経症候群	
R221			後頚部腫瘤	
T426			抗痙攣薬副作用	
P041			抗痙攣薬服用母体より出生した児	
E146			高血糖高浸透圧症候群	
R739			高血糖症	
R81			高血糖性糖尿	
R234			硬結	
I10			高血圧合併高尿酸血症	
I10			高血圧症	
I674			高血圧性悪性脳症	
I110			高血圧性うっ血性心不全	
H350			高血圧性眼底	
I10			高血圧性緊急症	
H208			高血圧性虹彩毛様体炎	
H350			高血圧性視神経網膜症	
P000			高血圧性障害のある母体より出生した児	
I119			高血圧性心疾患	
I139			高血圧性心腎症	
I110			高血圧性心不全	
I129			高血圧性腎硬化症	
I129			高血圧性腎疾患	
I129			高血圧性腎症	
I120			高血圧性腎不全	
I10			高血圧性頭痛	
I674			高血圧性脳症	
I674			高血圧性脳循環障害	
I619			高血圧性脳内出血	
H350			高血圧性網膜症	
I10			高血圧切迫症	
F388			攻撃性気分異常	
G408			光原性てんかん	
M359			膠原病	
M351			膠原病性間質性肺炎	
M359			膠原病性心膜炎	
M359			膠原病に伴う貧血	
Q385			高口蓋	
C050			硬口蓋癌	
Q385			硬口蓋骨異常	
D164			硬口蓋骨腫	
D103			硬口蓋乳頭腫	
K132			硬口蓋白板症	
D103			硬口蓋良性腫瘍	
Q351			硬口蓋裂	
I668			後交通動脈閉塞症	
I671			後交通動脈瘤	
I603			後交通動脈瘤破裂によるくも膜下出血	
G563			後骨間神経麻痺	
E780			高コレステロール血症	
E780			高コレステロール血症性黄色腫	
K824			高コレステロール胆汁症	
K074			咬合異常	
T888			咬合挙上副子破損	
T888			咬合挙上副子不適合	
K062			咬合性外傷	
K072			咬合平面の異常	
K030			咬合面咬耗	
R471			構語障害	
H212			虹彩萎縮症	
H208			虹彩異色	
H208			虹彩異色性毛様体炎	
S055			虹彩異物	
H447			虹彩異物残留	
H209			虹彩炎	
H570			虹彩括約筋麻痺	
Q132			虹彩形成不全症	
H211			虹彩血管新生	
H218			虹彩結節	
Q130			虹彩欠損症	
H215			虹彩後癒着	
H210			虹彩出血	
D487			虹彩腫瘍	
H215			虹彩前癒着	
S052			虹彩脱出	
H213			虹彩のう胞	
H212			虹彩白斑	
H212			虹彩分離	
H212			虹彩変性	
Q130			虹彩脈絡膜欠損症	
H209			虹彩毛様体炎	
H441			虹彩毛様体脈絡膜炎	
H215			虹彩癒着	
H215			虹彩離断	
O624			絞窄輪難産	
K072			交叉咬合	
D728			好酸球減少症	
K528			好酸球性胃腸炎	
J82			好酸球性気管支炎	
M354			好酸球性筋膜炎	
D180			好酸球性血管リンパ球増殖症	
K134			好酸球性口腔粘膜肉芽腫	
K20			好酸球性食道炎	
B832			好酸球性髄膜脳炎	
M301			好酸球性多発血管炎性肉芽腫症	
H654			好酸球性中耳炎	
L010			好酸球性膿疱性毛包炎	
J82			好酸球性肺炎	
D475			好酸球性白血病	
J328			好酸球性副鼻腔炎	
L983			好酸球性蜂巣炎	
M358			好酸球増加・筋痛症候群	
D721			好酸球増加症	
J310			好酸球増多性鼻炎	
O640			高在縦定位	
O441			後在低置胎盤	
T702			高山病	
T888			鉤歯	
D529			高色素性貧血	
N017			抗糸球体基底膜腎炎	
E785			高脂血症	
H350			高脂血症性網膜症	
H531			光視症	
H178			格子状角膜混濁	
H185			格子状角膜変性	
T888			硬質レジンジャケット冠過高	
T888			硬質レジンジャケット冠粗造	
T888			硬質レジンジャケット冠脱離	
T888			硬質レジンジャケット冠低位	
T888			硬質レジンジャケット冠破損	
T888			硬質レジンジャケット冠不適合	
R196			口臭	
R829			高しゅう酸尿症	
F220			口臭ノイローゼ	
T810			後出血	
F402			高所恐怖症	
L081			紅色陰癬	
L740			紅色汗疹	
R238			紅色丘疹	
C430			口唇悪性黒色腫	
K120			口唇アフタ	
K130			口唇炎	
S015			口唇開放創	
K130			口唇潰瘍	
S015			口唇割創	
B370			口唇カンジダ症	
R682			口唇乾燥	
S015			口唇貫通創	
S099			口唇外傷	
S015			口唇外傷性異物	
S005			口唇外傷性腫脹	
S005			口唇外傷性皮下異物	
C009			口唇癌	
C008			口唇境界部癌	
A188			口唇結核	
D180			口唇血管腫	
A512			口唇下疳	
S005			口唇咬傷	
S015			口唇咬創	
S005			口唇擦過創	
S005			口唇挫傷	
S015			口唇挫創	
K130			口唇色素沈着症	
S015			口唇刺創	
D370			口唇腫瘍	
G244			口唇ジスキネジア	
D000			口唇上皮内癌	
D030			口唇上皮内黒色腫	
C002			口唇赤唇部癌	
D230			口唇石灰化上皮腫	
D588			口唇赤血球症	
S005			口唇切創	
S015			口唇創傷	
T201			口唇第１度熱傷	
T202			口唇第２度熱傷	
T203			口唇第３度熱傷	
S005			口唇打撲傷	
S005			口唇虫刺傷	
P081			高身長児	
E140			高浸透圧性非ケトン性昏睡	
D100			口唇乳頭腫	
T200			口唇熱傷	
K116			口唇粘液のう胞	
Q380			口唇の先天奇形	
A513			口唇梅毒	
S005			口唇皮下血腫	
S005			口唇皮下出血	
C440			口唇皮膚悪性腫瘍	
D040			口唇皮膚上皮内癌	
K130			口唇びらん	
K130			口唇部膿瘍	
K131			咬唇癖	
B001			口唇ヘルペス	
D220			口唇母斑細胞母斑	
K130			口唇麻痺	
C440			口唇メルケル細胞癌	
D100			口唇良性腫瘍	
S015			口唇裂創	
K130			口唇瘻	
G518			後耳介神経炎	
F069			高次脳機能障害	
C382			後縦隔悪性腫瘍	
C382			後縦隔脂肪肉腫	
D383			後縦隔腫瘍	
S835			後十字靱帯損傷	
S835			後十字靱帯断裂	
S8210			後十字靱帯付着部剥離骨折	
M4889			後縦靱帯骨化症	
E070			甲状腺Ｃ細胞過形成症	
C884			甲状腺ＭＡＬＴリンパ腫	
C73			甲状腺悪性腫瘍	
C859			甲状腺悪性リンパ腫	
B679			甲状腺エキノコックス	
E069			甲状腺炎	
S111			甲状腺開放創	
E049			甲状腺過形成	
C73			甲状腺癌	
C795			甲状腺癌骨転移	
E059			甲状腺眼症	
E079			甲状腺機能異常	
R946			甲状腺機能検査異常	
E059			甲状腺機能亢進症	
E079			甲状腺機能障害	
E050			甲状腺機能正常型グレーブス病	
E039			甲状腺機能低下症	
E039			甲状腺機能低下に伴う貧血	
E055			甲状腺クリーゼ	
A188			甲状腺結核	
D180			甲状腺血管腫	
E890			甲状腺欠損	
E078			甲状腺梗塞	
E079			甲状腺疾患	
E049			甲状腺腫	
E069			甲状腺周囲炎	
E078			甲状腺出血	
D440			甲状腺腫瘍	
C73			甲状腺髄様癌	
E034			甲状腺切除性悪液質	
D34			甲状腺腺腫	
Q892			甲状腺先天奇形	
E059			甲状腺中毒症	
E059			甲状腺中毒症性関節障害	
E059			甲状腺中毒症性筋無力症候群	
E059			甲状腺中毒症性心筋症	
E059			甲状腺中毒性眼球突出症	
E055			甲状腺中毒性昏睡	
E059			甲状腺中毒性四肢麻痺	
E059			甲状腺中毒性周期性四肢麻痺	
E059			甲状腺中毒性心不全	
E059			甲状腺中毒性ミオパチー	
C73			甲状腺乳頭癌	
D34			甲状腺乳頭腫	
E041			甲状腺のう胞	
S135			甲状腺部ストレイン	
S135			甲状腺部捻挫	
E078			甲状腺ホルモン不応症	
C73			甲状腺未分化癌	
E031			甲状腺無形成	
D34			甲状腺良性腫瘍	
C73			甲状腺濾胞癌	
Q892			甲状舌管遺残	
Q892			甲状舌管のう胞	
Q892			甲状舌管瘻	
K145			溝状舌	
S1281			甲状軟骨開放骨折	
Q318			甲状軟骨欠損	
S1280			甲状軟骨骨折	
C323			甲状軟骨の悪性腫瘍	
Q318			甲状軟骨閉鎖	
Q318			甲状軟骨裂	
O908			後陣痛	
T704			高水圧の作用	
A510			硬性下疳	
R482			構成失行	
T435			抗精神病薬中毒	
F199			向精神薬副作用	
P041			向精神薬服用母体より出生した児	
K521			抗生物質起因性大腸炎	
K521			抗生物質起因性腸炎	
G951			後脊髄動脈症候群	
B700			広節裂頭条虫症	
R779			高線維素血症	
H353			光線黄斑症	
L570			光線角化症	
L238			光線過敏症	
H161			光線眼症	
L810			光線性花弁状色素斑	
L575			光線肉芽腫	
L571			光線類細網症	
G244			口舌ジスキネジア	
F988			咬舌癖	
D559			酵素異常による遺伝性溶血性貧血	
T141			咬創	
T141			溝創	
I425			拘束型心筋症	
I238			梗塞後狭心症	
R942			拘束性換気障害	
M7967			後足部痛	
E880			酵素欠損症	
F600			好訴的パーソナリティ障害	
F228			好訴パラノイア	
R760			抗体価上昇	
T869			抗体関連型拒絶反応	
H531			後退視症	
H501			交代性外斜視	
H501			交代性共同性外斜視	
H500			交代性共同性内斜視	
H505			交代性上斜位	
H500			交代性内斜視	
G255			交代性舞踏病	
G819			交代性片麻痺	
L441			光沢苔癬	
R068			高炭酸ガス血症	
E880			高蛋白血症	
I670			後大脳動脈解離	
I662			後大脳動脈狭窄	
I662			後大脳動脈血栓症	
I662			後大脳動脈症候群	
I662			後大脳動脈塞栓症	
I662			後大脳動脈閉塞症	
I671			後大脳動脈瘤	
I606			後大脳動脈瘤破裂によるくも膜下出血	
R798			高窒素血症	
R829			高窒素尿症	
N816			後腟脱	
J708			高地肺水腫	
D70			好中球Ｇ６ＰＤ欠乏症	
D70			好中球減少症	
D471			好中球性白血病	
D728			好中球増加症	
B769			鉤虫症	
B769			鉤虫性貧血	
R232			紅潮	
E86			高張性脱水症	
R829			高張尿	
E702			高チロシン血症１型	
E702			高チロシン血症２型	
E702			高チロシン血症３型	
F238			交通事故後心因反応	
N432			交通性陰のう水腫	
G910			交通性水頭症	
T180			口底異物	
B088			口蹄疫	
S099			口底外傷	
C049			口底癌	
D370			口底腫瘍	
D000			口底上皮内癌	
D102			口底乳頭腫	
K122			口底膿瘍	
K132			口底白板症	
K122			口底蜂巣炎	
D102			口底良性腫瘍	
E290			高テストステロン症	
E831			高鉄血症	
M8359			抗てんかん薬骨軟化症	
E729			後天性アミノ酸代謝障害	
E230			後天性下垂体機能低下症	
Z895			後天性下腿欠損	
D71			後天性顆粒球機能異常症	
H613			後天性外耳道狭窄	
H55			後天性眼振	
M217			後天性脚長不等	
M6289			後天性筋緊張症	
D684			後天性凝固因子欠乏症	
L850			後天性魚鱗癬	
D841			後天性血管性浮腫	
D691			後天性血小板機能低下	
D684			後天性血友病Ａ	
D684			後天性血友病Ｂ	
L671			後天性限局性白毛症	
E034			後天性甲状腺萎縮	
D71			後天性好中球機能不全症	
M950			後天性後鼻孔狭窄	
M950			後天性後鼻孔閉鎖	
K624			後天性肛門狭窄	
I510			後天性左室右房交通症	
K225			後天性食道憩室	
M2112			後天性上腕骨内反症	
N130			後天性腎盂尿管移行部狭窄を伴う水腎症	
N281			後天性腎のう胞	
N133			後天性水腎症	
L681			後天性生毛性多毛症	
D609			後天性赤芽球ろう	
I770			後天性脊髄硬膜動静脈瘻	
M4049			後天性脊柱前弯症	
D751			後天性赤血球増加症	
E881			後天性全身性脂肪萎縮症	
Z892			後天性前腕欠損	
M670			後天性短アキレス腱	
K831			後天性胆管狭窄症	
D684			後天性第ＸＩＩＩ因子欠乏症	
Z896			後天性大腿欠損	
D684			後天性低プロトロンビン血症	
D641			後天性鉄芽球性貧血	
G409			後天性てんかん	
I770			後天性動静脈瘤	
I770			後天性動静脈瘻	
M203			後天性内反母趾	
G930			後天性脳孔症性のう胞	
I671			後天性脳動静脈瘻	
L123			後天性表皮水疱症	
E881			後天性部分性脂肪萎縮症	
D65			後天性無フィブリノゲン血症	
D748			後天性メトヘモグロビン血症	
D892			後天性免疫グロブリン血症	
B24			後天性免疫不全症候群	
L110			後天性毛包性角化症	
D599			後天性溶血性貧血	
H913			後天性聾唖	
D849			後天的な免疫系障害による免疫不全症	
A539			後天梅毒	
S170			喉頭圧挫損傷	
J387			喉頭アレルギー	
J387			喉頭萎縮	
T173			喉頭異物	
J370			喉頭うっ血	
J387			喉頭壊死	
J040			喉頭炎	
Q310			喉頭横隔膜症	
S1281			喉頭開放骨折	
J387			喉頭潰瘍	
M7928			後頭下神経痛	
J387			喉頭下垂症	
J051			喉頭蓋炎	
S0211			後頭蓋窩開放骨折	
D329			後頭蓋窩くも膜のう腫	
I618			後頭蓋窩血腫	
S064			後頭蓋窩硬膜外血腫	
S0641			後頭蓋窩硬膜外血腫・頭蓋内に達する開放創合併あり	
S0640			後頭蓋窩硬膜外血腫・頭蓋内に達する開放創合併なし	
S0210			後頭蓋窩骨折	
D431			後頭蓋窩腫瘍	
D320			後頭蓋窩髄膜腫	
D332			後頭蓋窩のう腫	
C321			喉頭蓋癌	
S101			喉頭蓋血腫	
Q318			喉頭蓋欠損	
D170			喉頭蓋脂肪腫	
D380			喉頭蓋腫瘍	
S199			喉頭外傷	
C101			喉頭蓋前面癌	
S199			喉頭蓋損傷	
J387			喉頭蓋軟骨膜炎	
J387			喉頭蓋のう胞	
J387			喉頭蓋膿瘍	
Q318			喉頭蓋閉鎖	
C100			喉頭蓋谷癌	
Q318			喉頭蓋裂	
C329			喉頭癌	
Q319			喉頭奇形	
J387			喉頭機能低下	
J386			喉頭狭窄症	
Q312			喉頭形成不全	
J385			喉頭痙攣	
A164			喉頭結核	
D180			喉頭血管腫	
Q318			喉頭欠損	
Q002			後頭孔脳脱出症	
S1280			喉頭骨折	
C410			後頭骨悪性腫瘍	
S0211			後頭骨開放骨折	
S0211			後頭骨開放性陥没骨折	
S0210			後頭骨陥没骨折	
S0210			後頭骨骨折	
D164			後頭骨骨腫	
D480			後頭骨腫瘍	
S0210			後頭骨線状骨折	
D164			後頭骨良性腫瘍	
S170			喉頭挫滅損傷	
J040			喉頭周囲炎	
R041			喉頭出血	
D380			喉頭腫瘍	
D141			喉頭神経鞘腫	
M7928			後頭神経痛	
G248			喉頭ジストニア	
A362			喉頭ジフテリア	
J387			喉頭上皮過形成	
D020			喉頭上皮内癌	
K002			咬頭先鋭	
S199			喉頭損傷	
B838			鉤頭虫症	
O648			後頭頂骨進入	
R070			喉頭痛	
J958			喉頭摘出術後遺症	
T173			喉頭内異物による窒息	
Q315			喉頭軟化症	
J387			喉頭軟骨膜炎	
J387			喉頭肉芽腫	
D141			喉頭乳頭腫	
T270			喉頭熱傷	
Q313			喉頭のう胞	
J387			喉頭白斑症	
A527			喉頭梅毒	
J387			喉頭びらん	
J384			喉頭浮腫	
T274			喉頭腐蝕	
S110			喉頭部開放創	
S010			後頭部割創	
S069			後頭部外傷	
S0691			後頭部外傷・頭蓋内に達する開放創合併あり	
S0690			後頭部外傷・頭蓋内に達する開放創合併なし	
S100			喉頭部血腫	
S000			後頭部挫傷	
S100			喉頭部挫傷	
S010			後頭部挫創	
R220			後頭部腫瘤	
M7928			後頭部神経痛	
D234			後頭部石灰化上皮腫	
S010			後頭部切創	
B029			後頭部帯状疱疹	
S100			喉頭部打撲傷	
S000			後頭部打撲傷	
R51			後頭部痛	
C793			後頭部転移性腫瘍	
G060			後頭部脳膿瘍	
Q012			後頭部脳瘤	
R590			後頭部リンパ節腫脹	
S010			後頭部裂創	
Q318			喉頭閉鎖	
J386			喉頭閉塞	
J387			喉頭蜂巣炎	
J380			喉頭麻痺	
C714			後頭葉悪性腫瘍	
Q283			後頭葉海綿状血管腫	
Q283			後頭葉血管腫	
C714			後頭葉膠芽腫	
D430			後頭葉腫瘍	
C714			後頭葉神経膠腫	
Q283			後頭葉静脈性血管腫	
D141			喉頭良性腫瘍	
E781			高トリグリセライド血症	
R464			行動緩慢	
E830			高銅血症	
H919			高度難聴	
R601			高度浮腫	
I441			高度房室ブロック	
K121			口内炎	
R682			口内乾燥	
R198			口内痛	
E870			高ナトリウム血症	
E870			高ナトリウム血性脳症	
Q355			硬軟口蓋裂	
C719			膠肉腫	
R798			高乳酸血症	
E790			高尿酸血症	
R798			高尿酸尿症	
R509			高熱	
N924			更年期出血	
N951			更年期症候群	
N951			更年期神経症	
N951			更年期性浮腫	
N951			更年期無月経	
E283			更年期卵巣機能低下症	
Z355			高年初妊婦	
Q043			厚脳回症	
H250			後のう下白内障	
Q046			孔脳症	
M7918			項背部筋痛	
M1389			後発性関節炎	
H264			後発白内障	
Z900			広範囲顎骨欠損	
T857			広範囲顎骨支持型装置周囲炎	
T856			広範囲顎骨支持型装置脱離	
T856			広範囲顎骨支持型装置破損	
T856			広範囲顎骨支持型装置不適合	
T859			広範囲顎骨支持型装置迷入	
T888			広範囲顎骨支持型補綴物脱離	
T888			広範囲顎骨支持型補綴物破損	
T888			広範囲顎骨支持型補綴物不適合	
K054			広汎型若年性歯周炎	
L539			紅斑症	
L638			広汎性円形脱毛症	
L304			紅斑性間擦疹	
L309			紅斑性湿疹	
K060			広汎性歯肉退縮	
T144			広汎性神経損傷	
L104			紅斑性天疱瘡	
F849			広汎性発達障害	
R233			広汎性皮下出血	
L039			広汎性フレグモーネ	
M4800			広範脊柱管狭窄症	
E711			高バリン血症	
K132			紅板症	
L539			紅皮症	
L270			紅皮症型薬疹	
E786			高比重リポ蛋白欠乏症	
J348			後鼻孔狭窄	
Q300			後鼻孔閉鎖症	
J330			後鼻孔ポリープ	
R492			高鼻声	
R798			高ビリルビン血症	
J348			後鼻漏	
D682			高フィブリノゲン血症	
E701			高フェニルアラニン血症	
C480			後腹膜悪性腫瘍	
C480			後腹膜悪性線維性組織球腫	
C475			後腹膜悪性末梢神経鞘腫	
K659			後腹膜炎	
C480			後腹膜横紋筋肉腫	
D483			後腹膜奇形腫	
K668			後腹膜気腫	
D177			後腹膜血管筋脂肪腫	
C480			後腹膜血管肉腫	
K661			後腹膜血腫	
D177			後腹膜脂肪腫	
C480			後腹膜脂肪肉腫	
D483			後腹膜腫瘍	
R190			後腹膜腫瘤	
C480			後腹膜神経芽腫	
N135			後腹膜線維症	
C480			後腹膜線維肉腫	
S368			後腹膜損傷	
Q441			後腹膜胆のう	
N289			後腹膜尿貯留	
K650			後腹膜膿瘍	
C480			後腹膜胚細胞腫瘍	
C480			後腹膜平滑筋肉腫	
K458			後腹膜ヘルニア	
D200			後腹膜良性腫瘍	
C772			後腹膜リンパ節転移	
T462			抗不整脈剤副作用	
F71			興奮型痴愚	
R451			興奮状態	
C434			項部悪性黒色腫	
C444			項部基底細胞癌	
M4322			項部強直	
H150			後部強膜炎	
M6098			項部筋炎	
M7298			項部筋筋膜炎	
M7918			項部筋肉痛	
D170			項部血管脂肪腫	
D180			項部血管腫	
R298			項部硬直	
S108			項部挫傷	
D170			項部脂肪腫	
R221			項部腫脹	
D487			項部腫瘍	
R221			項部腫瘤	
H438			後部硝子体剥離	
M7928			項部神経痛	
G244			口部ジスキネジア	
D234			項部石灰化上皮腫	
S108			項部打撲傷	
M5422			項部痛	
D170			項部軟性線維腫	
N359			後部尿道狭窄	
R221			項部皮下腫瘤	
C444			項部皮膚癌	
H158			後部ぶどう腫	
D044			項部ボーエン病	
C444			項部メルケル細胞癌	
H302			後部毛様体炎	
C444			項部有棘細胞癌	
L572			項部菱形皮膚	
D487			項部リンパ節腫	
E221			高プロラクチン血症	
E221			高プロラクチン血症性無月経	
E725			高プロリン血症	
D683			高ヘパリン血症	
G935			鉤ヘルニア	
O640			後方後頭位による分娩停止	
O328			後方後頭位分娩	
T143			後方脱臼	
Q149			後房の先天異常	
G039			硬膜炎	
S065			硬膜下血腫	
S0651			硬膜下血腫・頭蓋内に達する開放創合併あり	
S0650			硬膜下血腫・頭蓋内に達する開放創合併なし	
T905			硬膜下血腫術後後遺症	
G919			硬膜下水腫	
G060			硬膜下肉芽腫	
G062			硬膜下膿瘍	
S064			硬膜外血腫	
S0641			硬膜外血腫・頭蓋内に達する開放創合併あり	
S0640			硬膜外血腫・頭蓋内に達する開放創合併なし	
E882			硬膜外脂肪腫症	
D434			硬膜外脊髄腫瘍	
G060			硬膜外肉芽腫	
G062			硬膜外膿瘍	
S069			硬膜損傷	
S0691			硬膜損傷・頭蓋内に達する開放創合併あり	
S0690			硬膜損傷・頭蓋内に達する開放創合併なし	
I671			硬膜動静脈瘻	
D421			硬膜内髄外脊髄腫瘍	
G062			硬膜内膿瘍	
Q282			硬膜脳動静脈奇形	
S069			硬膜裂傷	
E834			高マグネシウム血症	
H905			後迷路性難聴	
E721			高メチオニン血症	
K030			咬耗症	
C210			肛門悪性黒色腫	
T185			肛門異物	
T980			肛門異物挿入後遺症	
K628			肛門陰窩炎	
K628			肛門炎	
K626			肛門潰瘍	
K614			肛門括約筋内膿瘍	
K628			肛門括約筋不全	
K628			肛門括約筋麻痺	
K628			肛門管炎	
C211			肛門管癌	
B378			肛門カンジダ症	
D013			肛門管上皮内癌	
C210			肛門癌	
K628			肛門機能不全	
K624			肛門狭窄	
K508			肛門クローン病	
K594			肛門痙攣	
A183			肛門結核	
K629			肛門疾患	
L309			肛門湿疹	
K628			肛門周囲痛	
K610			肛門周囲膿瘍	
C445			肛門周囲パジェット病	
D235			肛門周囲皮膚良性腫瘍	
K625			肛門出血	
D377			肛門腫瘍	
F453			肛門神経症	
D013			肛門上皮内癌	
A630			肛門尖圭コンジローマ	
L290			肛門そう痒症	
T211			肛門第１度熱傷	
T212			肛門第２度熱傷	
T213			肛門第３度熱傷	
K622			肛門脱	
K605			肛門直腸瘻	
Q435			肛門転位	
T210			肛門熱傷	
K644			肛門皮垂	
D235			肛門皮膚良性腫瘍	
C435			肛門部悪性黒色腫	
R202			肛門部違和感	
C210			肛門部癌	
C445			肛門部基底細胞癌	
K628			肛門部周囲炎	
R222			肛門部腫瘤	
K628			肛門部痛	
C445			肛門部皮膚癌	
K628			肛門部びらん	
D045			肛門部ボーエン病	
C445			肛門部有棘細胞癌	
A601			肛門ヘルペス	
A513			肛門扁平コンジローマ	
C210			肛門扁平上皮癌	
K620			肛門ポリープ	
K620			肛門ポリポーシス	
A546			肛門淋菌感染	
S318			肛門裂創	
K562			絞扼性イレウス	
K440			絞扼性横隔膜ヘルニア	
K420			絞扼性臍ヘルニア	
K403			絞扼性鼡径ヘルニア	
K413			絞扼性大腿ヘルニア	
G589			絞扼性ニューロパチー	
K430			絞扼性腹壁瘢痕ヘルニア	
K436			絞扼性腹壁ヘルニア	
K450			絞扼性閉鎖孔ヘルニア	
K433			絞扼性傍ストーマヘルニア	
K565			絞扼性癒着性腸閉塞症	
E678			高葉酸血症	
H185			膠様滴状角膜ジストロフィー	
E723			高リジン血症	
E222			抗利尿ホルモン不適合分泌症候群	
E785			高リポ蛋白血症	
E833			高リン血症	
D686			抗リン脂質抗体症候群	
O991			抗リン脂質抗体症候群合併妊娠	
C833			高齢者ＥＢＶ陽性びまん性大細胞型Ｂ細胞性リンパ腫	
Z358			高齢妊娠	
E880			高レニン血症	
I10			高レニン性高血圧症	
E711			高ロイシン・イソロイシン血症	
F142			コカイン依存	
F140			コカイン使用による急性精神・行動障害	
T405			コカイン中毒	
F141			コカイン乱用	
S730			股関節亜脱臼	
M165			股関節亜脱臼二次性変股症	
M2585			股関節異所性骨化	
M2585			股関節インピンジメント症候群	
M1315			股関節炎	
M2595			股関節開排制限	
S7201			股関節開放骨折	
S7201			股関節開放性脱臼骨折	
M7075			股関節滑液包炎	
S710			股関節割創	
D481			股関節滑膜骨軟骨腫症	
S780			股関節外傷性切断	
M2465			股関節強直	
M1125			股関節偽痛風	
B902			股関節結核後遺症	
M2455			股関節拘縮	
S7201			股関節後方開放性脱臼骨折	
S730			股関節後方脱臼	
S7200			股関節後方脱臼骨折	
S7200			股関節骨折	
M7685			股関節周囲炎	
M169			股関節症	
S798			股関節唇損傷	
S730			股関節前方脱臼	
S799			股関節損傷	
S730			股関節脱臼	
T933			股関節脱臼後遺症	
S7200			股関節脱臼骨折	
S700			股関節打撲傷	
S7201			股関節中心性開放性脱臼骨折	
S730			股関節中心性脱臼	
S7200			股関節中心性脱臼骨折	
M2555			股関節痛	
M2495			股関節内障	
M2405			股関節内遊離体	
S731			股関節捻挫	
M2435			股関節病的脱臼	
S770			股関節部圧挫傷	
S710			股関節部開放創	
C492			股関節部滑膜肉腫	
L043			股関節部急性リンパ節炎	
S760			股関節部筋損傷	
R294			股関節部クリック	
S700			股関節部挫傷	
S770			股関節部挫滅傷	
S770			股関節部挫滅創	
D037			股関節部上皮内黒色腫	
L024			股関節部せつ	
D047			股関節部皮膚上皮内癌	
D237			股関節部皮膚良性腫瘍	
M7695			股関節部付着部症	
L031			股関節部蜂巣炎	
L024			股関節部よう	
M2195			股関節変形	
Z896			股関節離断術後	
M932			股関節離断性骨軟骨炎	
B710			小形条虫症	
R262			小刻み歩行	
R942			呼吸機能検査異常	
R060			呼吸困難	
R060			呼吸困難発作	
J841			呼吸細気管支炎関連性間質性肺疾患	
R071			呼吸時の胸痛	
E872			呼吸性アシドーシス	
E873			呼吸性アルカローシス	
R430			呼吸性嗅覚障害	
R000			呼吸性不整脈	
R060			呼吸促迫	
R092			呼吸停止	
M2475			股臼底突出症	
J9699			呼吸不全	
R068			呼吸麻痺	
J633			黒鉛線維症	
B085			コクサッキーウイルス咽頭炎	
B338			コクサッキーウイルス肝炎	
B341			コクサッキーウイルス感染症	
P002			コクサッキーウイルス感染母体より出生した児	
J203			コクサッキーウイルス気管支炎	
B332			コクサッキーウイルス心筋炎	
B332			コクサッキーウイルス心内膜炎	
A870			コクサッキーウイルス髄膜炎	
B332			コクサッキー心炎	
B332			コクサッキー心膜炎	
B363			黒砂毛	
E59			克山病	
B389			コクシジオイデス症	
B384			コクシジオイデス性髄膜炎	
L82			黒色丘疹性皮膚症	
L83			黒色表皮腫	
R195			黒色便	
B508			黒水熱	
B361			黒癬	
H540			黒内障	
H570			黒内障性瞳孔強直	
L811			黒皮症	
K143			黒毛舌	
Q871			コケイン症候群	
H738			鼓室炎	
H959			鼓室形成術後後遺症	
H740			鼓室硬化症	
H71			鼓室真珠腫症	
H669			鼓室内水腫	
R471			固縮性構音障害	
Q665			固縮性扁平足	
O020			枯死卵	
R460			個人衛生の著しいレベル低下	
Q871			コステロ症候群	
K076			コステン症候群	
F220			誇大妄想	
B701			孤虫症	
R14			鼓腸	
M8519			骨格フッ素沈着症	
M8699			骨幹炎	
Q785			骨幹端異形成症	
Q786			骨幹病的組織結合	
T1420			骨折	
T941			骨折後遺症	
M8099			骨折の危険性の高い骨粗鬆症	
M8429			骨折の遷延癒合	
M8919			骨端線成長停止	
H100			コッホ・ウィークス菌性結膜炎	
C419			骨悪性線維性組織球腫	
C859			骨悪性リンパ腫	
Q789			骨異栄養症	
M8989			骨萎縮	
T868			骨移植拒絶反応	
Z946			骨移植後	
Z522			骨移植ドナー	
T868			骨移植不全	
M7965			股痛	
M8799			骨壊死	
M8699			骨炎	
M8699			骨顆炎	
M6159			骨化性筋炎	
C902			骨外性形質細胞腫	
D169			骨芽細胞腫	
K102			骨吸収抑制薬関連顎骨壊死	
M2579			骨棘	
D480			骨巨細胞腫	
B453			骨クリプトコッカス症	
Q780			骨形成不全症	
Q780			骨形成不全症１型	
Q780			骨形成不全症２型	
Q780			骨形成不全症３型	
A180			骨結核	
C419			骨原性肉腫	
Q782			骨硬化症	
Q789			骨硬化性疾患	
M8989			骨拘縮	
D868			骨サルコイドーシス	
D169			骨腫	
M8699			骨周囲炎	
D480			骨腫瘍	
M8999			骨腫瘤	
C928			骨髄異形成関連変化を伴う急性骨髄性白血病	
D469			骨髄異形成症候群	
T860			骨髄移植拒絶反応	
Z523			骨髄移植ドナー	
M8699			骨髄炎	
M8669			骨髄炎後遺症	
D619			骨髄機能低下	
C900			骨髄腫腎	
D361			骨髄神経線維腫	
C929			骨髄性白血病	
C795			骨髄性白血病骨髄浸潤	
D728			骨髄性類白血病反応	
D474			骨髄線維症	
D471			骨髄増殖性疾患	
D471			骨髄増殖性腫瘍	
C931			骨髄単球性白血病	
D619			骨髄低形成	
D694			骨髄低形成血小板減少症	
C795			骨髄転移	
M8689			骨髄肉芽腫	
R937			骨髄浮腫	
K010			骨性完全埋伏歯	
M2469			骨性強直	
M2466			骨性強直膝	
M4362			骨性斜頚	
M993			骨性神経管狭窄症	
M996			骨性椎間孔狭窄症	
M200			骨性マレット指	
D169			骨線維腫	
C419			骨線維肉腫	
M8199			骨粗鬆症	
M8095			骨粗鬆症・骨盤部病的骨折あり	
M8098			骨粗鬆症・脊椎病的骨折あり	
M8093			骨粗鬆症・前腕病的骨折あり	
M8090			骨粗鬆症・多発病的骨折あり	
M8095			骨粗鬆症・大腿部病的骨折あり	
M809			骨粗鬆症・病的骨折あり	
M8589			骨増殖症	
B672			骨単包条虫感染症	
M8989			骨痛	
C795			骨転移癌	
M8999			骨内異物残留	
M674			骨内ガングリオン	
D429			骨内髄膜腫	
M8399			骨軟化症	
D169			骨軟骨腫	
M939			骨軟骨症	
C419			骨軟骨肉腫	
C419			骨肉腫	
M8569			骨のう腫	
M8499			骨の癒合障害	
R628			骨発達障害	
Q788			骨斑紋症	
A527			骨梅毒	
O321			骨盤位	
O830			骨盤位牽出術	
Q742			骨盤異常	
O641			骨盤位による分娩停止	
O321			骨盤位のための母体管理	
O831			骨盤位分娩	
S3281			骨盤開放骨折	
M8695			骨盤化膿性骨髄炎	
A180			骨盤結核	
T918			骨盤血管損傷後遺症	
N732			骨盤結合織炎	
S3280			骨盤骨折	
M8405			骨盤骨折変形治癒	
C414			骨盤骨悪性腫瘍	
D480			骨盤骨腫瘍	
C414			骨盤骨肉腫	
D168			骨盤骨良性腫瘍	
N803			骨盤子宮内膜症	
O333			骨盤出口狭窄	
D487			骨盤腫瘍	
I862			骨盤静脈瘤	
Q632			骨盤腎	
S337			骨盤ストレイン	
Z896			骨盤切断術後	
N819			骨盤臓器脱	
T918			骨盤帯末梢神経損傷後遺症	
S3270			骨盤多発骨折	
K603			骨盤直腸窩痔瘻	
K650			骨盤直腸窩膿瘍	
R102			骨盤痛	
C795			骨盤転移	
C495			骨盤内悪性軟部腫瘍	
N948			骨盤内うっ血症候群	
N739			骨盤内炎症性疾患	
R190			骨盤内腫瘤	
S379			骨盤内臓器損傷	
S3791			骨盤内臓器損傷・骨盤腔に達する開放創合併あり	
S3790			骨盤内臓器損傷・骨盤腔に達する開放創合併なし	
D168			骨盤内軟骨腫	
D215			骨盤内良性軟部腫瘍	
C775			骨盤内リンパ節転移	
C775			骨盤内リンパ節の悪性腫瘍	
C414			骨盤軟骨肉腫	
O332			骨盤入口狭窄	
S337			骨盤捻挫	
M955			骨盤の後天性変形	
S396			骨盤腹腔内臓器損傷	
N735			骨盤腹膜炎	
C495			骨盤部悪性軟部腫瘍	
T814			骨盤部感染性リンパのう胞	
D168			骨盤部骨腫	
S300			骨盤部挫傷	
C763			骨盤部神経芽腫	
S300			骨盤部打撲傷	
D215			骨盤部良性軟部腫瘍	
S310			骨盤部裂創	
K458			骨盤ヘルニア	
O330			骨盤変形	
C414			骨盤ユーイング肉腫	
S3281			骨盤輪開放骨折	
S3280			骨盤輪骨折	
M8899			骨パジェット病	
M8939			骨肥大症	
M8699			骨膜炎	
M8699			骨膜下膿瘍	
M8689			骨膜骨髄炎	
C419			骨膜性骨肉腫	
D169			骨膜性軟骨腫	
M8699			骨膜のう炎	
M960			骨癒合術後偽関節	
M8419			骨癒合不全症	
M8959			骨溶解症	
K100			骨瘤	
T888			固定性歯科矯正装置脱離	
T888			固定性歯科矯正装置破損	
T888			固定性歯科矯正装置不適合	
L858			固定性扁豆状角化症	
T888			固定性保定装置脱離	
T888			固定性保定装置破損	
T888			固定性保定装置不適合	
L271			固定薬疹	
E700			古典的フェニルケトン尿症	
C817			古典的ホジキンリンパ腫	
T402			コデイン中毒	
E711			コハク酸セミアルデヒド脱水素酵素欠損症	
G122			孤発性筋萎縮性側索硬化症	
A810			孤発性クロイツフェルト・ヤコブ病	
G431			孤発性片麻痺性片頭痛	
Q870			コフィン・シリス症候群	
Q898			コフィン・ローリー症候群	
B356			股部頑癬	
R222			股部腫脹	
B356			股部白癬	
H738			鼓膜炎	
T908			鼓膜外傷後遺症	
H721			鼓膜弛緩部穿孔	
H738			鼓膜湿疹	
H738			鼓膜出血	
H738			鼓膜充血	
H729			鼓膜穿孔	
H728			鼓膜全欠損	
S092			鼓膜損傷	
H741			鼓膜癒着症	
S092			鼓膜裂傷	
T781			小麦アレルギー	
T780			小麦によるアナフィラキシーショック	
R252			こむら返り	
K120			孤立性アフタ	
I864			孤立性胃静脈瘤	
K092			孤立性顎骨のう胞	
C903			孤立性骨形質細胞腫	
I401			孤立性心筋炎	
I424			孤立性心筋緻密化障害	
I489			孤立性心房細動	
N281			孤立性腎のう胞	
A288			コリネバクテリウム・ウルセランス感染症	
J158			コリネバクテリウム肺炎	
E740			コリ病	
E880			コリンエステラーゼ欠損症	
T440			コリン作動性クリーゼ	
L505			コリン性じんま疹	
J673			コルク肺	
F106			コルサコフ症候群	
B54			コルシカ熱	
Q165			コルチ器異常	
E278			コルチゾール結合グロブリン異常	
Q871			コルネリアデランゲ症候群	
G527			コレ・シカール症候群	
J90			コレステリン胸膜炎	
H71			コレステリン腫	
H71			コレステリン中耳炎	
H71			コレステリン肉芽腫	
E755			コレステロールエステル蓄積症	
K802			コレステロール結石	
I749			コレステロール塞栓症	
R829			コレステロール尿症	
A009			コレラ	
D369			コロイドのう胞	
Q802			コロジオン児	
B342			コロナウイルス感染症	
B851			ころもじらみ寄生症	
A932			コロラドだに熱	
R208			こわばり	
R208			こわばり感	
K049			根管異常	
K049			根管狭窄	
K049			根管穿孔	
K049			根管側壁穿孔	
T815			根管内異物	
K580			混合型過敏性腸症候群	
C227			混合型肝癌	
K746			混合型肝硬変	
D891			混合型クリオグロブリン血症	
E782			混合型高脂質血症	
E874			混合型酸塩基平衡障害	
B854			混合型しらみ寄生症	
E002			混合型先天性ヨード欠乏症候群	
J458			混合型喘息	
Q262			混合型総肺静脈還流異常症	
F252			混合型統合失調感情障害	
G808			混合型脳性麻痺症候群	
C950			混合型白血病	
H408			混合型緑内障	
C812			混合細胞型古典的ホジキンリンパ腫	
D369			混合腫瘍	
F447			混合性解離性障害	
R942			混合性換気障害	
F380			混合性感情エピソード	
R430			混合性嗅覚障害	
M351			混合性結合組織病	
G448			混合性頭痛	
Q998			混合性性腺異形成症	
E86			混合性脱水	
F447			混合性転換性障害	
F83			混合性特異的発達障害	
H908			混合性難聴	
C809			混合性胚細胞腫瘍	
F412			混合性不安抑うつ障害	
B814			混合腸蠕虫症	
H522			混合乱視	
K028			根充済み	
R402			昏睡	
H521			混性近視	
G570			根性坐骨神経症	
M5446			根性腰痛症	
Q112			痕跡眼	
Q518			痕跡子宮	
Q741			痕跡膝蓋骨	
K048			根尖周囲のう胞	
K047			根尖周囲膿瘍	
K045			根尖性歯周炎	
K045			根尖肉芽腫	
K047			根尖膿瘍	
K090			根側歯周のう胞	
K052			根側歯周膿瘍	
R829			混濁尿	
T140			昆虫咬創	
T140			昆虫刺傷	
T634			昆虫毒	
S069			コントル・クー損傷	
T796			コンパートメント症候群	
K055			根分岐部病変	
T888			コンポジットレジンインレー過高	
T888			コンポジットレジンインレー粗造	
T888			コンポジットレジンインレー脱離	
T888			コンポジットレジンインレー低位	
T888			コンポジットレジンインレー破損	
T888			コンポジットレジンインレー不適合	
T888			コンポジットレジン過高	
T888			コンポジットレジン粗造	
T888			コンポジットレジン脱離	
T888			コンポジットレジン低位	
T888			コンポジットレジン破損	
T888			コンポジットレジン不適合	
R401			昏迷	
T888			根面板脱離	
T888			根面板破損	
T888			根面板不適合	
E752			ゴーシェ病	
E752			ゴーシェ病１型	
E752			ゴーシェ病２型	
E752			ゴーシェ病３型	
Q870			ゴールデンハー症候群	
I701			ゴールドブラット腎	
Q709			合趾症	
Q709			合指症	
J690			誤嚥性肺炎	
O308			五胎妊娠	
P015			五胎妊娠新生児	
P015			五胎妊娠胎児	
O849			五胎分娩	
R81			五炭糖尿症	
L944			ゴットロン丘疹	
E228			ゴナドトロピン依存性思春期早発症	
D352			ゴナドトロピン産生下垂体腺腫	
E230			ゴナドトロピン単独欠損症	
E301			ゴナドトロピン非依存性思春期早発症	
E230			ゴナドトロピン分泌異常	
E539			ゴパラン症候群	
L235			ゴムアレルギー性接触皮膚炎	
A527			ゴム腫	
A664			ゴム腫性フランベジア	
Q870			ゴルリン・シャウドリイ・モス症候群	
B838			ゴンギロネーマ症	
H618			サーファーズイヤー	
R103			臍下部痛	
F488			災害神経症	
T178			細気管支異物	
J47			細気管支拡張症	
C348			細気管支肺胞上皮癌	
H521			最強度近視	
A499			細菌感染症	
D762			細菌関連血球貪食症候群	
L403			細菌疹	
A049			細菌性胃腸炎	
K750			細菌性肝膿瘍	
J90			細菌性胸膜炎	
B99			細菌性結膜炎	
A049			細菌性下痢症	
G009			細菌性硬膜炎	
M8699			細菌性骨髄炎	
A059			細菌性食中毒	
A419			細菌性ショック	
I330			細菌性心内膜炎	
I301			細菌性心膜炎	
G009			細菌性髄膜炎	
A049			細菌性大腸炎	
N760			細菌性腟炎	
N898			細菌性腟症	
A049			細菌性腸炎	
H830			細菌性内耳炎	
L980			細菌性肉芽腫症	
J159			細菌性肺炎	
K658			細菌性腹膜炎	
N308			細菌性膀胱炎	
N390			細菌尿	
C104			鰓原性癌	
Q182			鰓溝奇形	
L089			臍周囲炎	
R103			臍周囲痛	
T868			再植歯不全	
D513			菜食主義者貧血	
Q898			鰓耳腎症候群	
D619			最重症再生不良性貧血	
F73			最重度知的障害	
F730			最重度知的障害・行動機能障害なしか最小限	
F739			最重度知的障害・行動機能障害の言及なし	
F738			最重度知的障害・その他の行動機能障害あり	
F731			最重度知的障害・要治療の行動機能障害あり	
D619			再生不良性貧血	
O692			臍帯圧迫	
P025			臍帯圧迫による新生児の障害	
O699			臍帯異常	
O690			臍帯下垂	
O698			臍帯過捻転	
O695			臍帯血腫	
Z948			臍帯血移植後	
O692			臍帯巻絡	
O692			臍帯真結節	
O690			臍帯脱出	
P024			臍帯脱出による新生児の障害	
P026			臍帯脱落遅延	
P026			臍帯脱落不全	
P501			臍帯破裂からの胎児失血	
O695			臍帯皮下出血	
Q792			臍帯ヘルニア	
O698			臍帯卵膜付着	
P026			臍帯卵膜付着による新生児の障害	
O695			臍帯離断	
K830			細胆管炎	
Q430			臍腸管遺残	
B259			サイトメガロウイルス感染症	
O353			サイトメガロウイルス感染症合併妊娠	
P002			サイトメガロウイルス感染母体より出生した児	
B251			サイトメガロウイルス性肝炎	
B252			サイトメガロウイルス性膵炎	
B271			サイトメガロウイルス性単核症	
B258			サイトメガロウイルス脊髄炎	
B258			サイトメガロウイルス腸炎	
B258			サイトメガロウイルス脳炎	
B258			サイトメガロウイルス脳脊髄炎	
B250			サイトメガロウイルス肺炎	
B258			サイトメガロウイルス網膜炎	
B258			サイトメガロウイルス網脈絡膜炎	
R251			細動性振戦	
I709			細動脈硬化症	
I129			細動脈硬化性萎縮腎	
I728			左胃動脈瘤	
L928			臍肉芽腫	
K519			再燃緩解型潰瘍性大腸炎	
Q180			鰓のう胞	
K120			再発性アフタ	
K257			再発性胃潰瘍	
H188			再発性角膜びらん	
I221			再発性下壁心筋梗塞	
K859			再発性急性膵炎	
I228			再発性後壁心筋梗塞	
I229			再発性心筋梗塞	
H950			再発性真珠腫症術後	
K267			再発性十二指腸潰瘍	
I220			再発性前壁心筋梗塞	
I228			再発性側壁心筋梗塞	
K409			再発性鼡径ヘルニア	
M9410			再発性多発軟骨炎	
K830			再発性胆管炎	
B009			再発性単純ヘルペス	
I220			再発性中隔心筋梗塞	
H669			再発性中耳炎	
K36			再発性虫垂炎	
N342			再発性尿道炎	
I639			再発性脳梗塞	
B002			再発性ヘルペスウイルス性口内炎	
A514			再発第２期梅毒	
H110			再発翼状片	
C56			再発卵巣癌	
T140			採皮創	
C435			臍部悪性黒色腫	
C445			臍部基底細胞癌	
R190			臍部腫瘤	
L022			臍部せつ	
L022			臍部膿瘍	
C445			臍部皮膚癌	
L033			臍部蜂巣炎	
D045			臍部ボーエン病	
C445			臍部有棘細胞癌	
L022			臍部よう	
K429			臍ヘルニア	
K420			臍ヘルニア嵌頓	
E86			細胞外液欠乏症	
R002			臍傍悸	
Q648			臍膀胱瘻	
D848			細胞性免疫不全症	
J81			再膨張性肺水腫	
K439			臍傍ヘルニア	
Z894			サイム切断術後	
D810			細網異形成症	
C859			細網肉腫	
N980			採卵後骨盤内炎症性疾患	
N988			採卵後腹腔内出血	
T593			催涙ガス中毒	
Q180			鰓瘻	
Q898			臍瘻	
T409			サイロシビン中毒	
T409			サイロシン中毒	
Q527			鎖陰	
H544			左眼失明	
I445			左脚後枝ブロック	
I444			左脚前枝ブロック	
I447			左脚ブロック	
I446			左脚ヘミブロック	
Q241			左胸心	
R234			錯角化症	
R431			錯嗅	
N833			索状卵巣	
H932			錯聴	
R432			錯味	
L237			サクラソウによるアレルギー性接触皮膚炎	
R410			錯乱状態	
R410			錯乱発作	
Q423b			鎖肛	
C413			鎖骨悪性腫瘍	
Q740			鎖骨異形成	
S4201			鎖骨遠位端開放骨折	
S4200			鎖骨遠位端骨折	
M8951			鎖骨遠位端骨溶解症	
S4201			鎖骨開放骨折	
S4201			鎖骨開放性粉砕骨折	
I871			鎖骨下静脈狭窄	
S253			鎖骨下静脈損傷	
Q278			鎖骨下動脈起始異常	
I771			鎖骨下動脈狭窄症	
S251			鎖骨下動脈損傷	
G458			鎖骨下動脈盗血症候群	
I748			鎖骨下動脈閉塞症	
I728			鎖骨下動脈瘤	
S4201			鎖骨亀裂開放骨折	
S4200			鎖骨亀裂骨折	
M8411			鎖骨偽関節	
S4201			鎖骨肩峰部開放骨折	
S4200			鎖骨肩峰部骨折	
S4201			鎖骨骨幹部開放骨折	
S4200			鎖骨骨幹部骨折	
S4200			鎖骨骨折	
T921			鎖骨骨折後遺症	
M8421			鎖骨骨折の遷延癒合	
C413			鎖骨骨肉腫	
D480			鎖骨腫瘍	
C770			鎖骨上転移性腫瘍	
R590			鎖骨上リンパ節腫脹	
C770			鎖骨上リンパ節転移	
S498			鎖骨損傷	
M8981			鎖骨痛	
Q870			鎖骨頭蓋骨異形成	
C413			鎖骨軟骨肉腫	
S4200			鎖骨粉砕骨折	
D487			鎖骨部腫瘍	
T842			鎖骨部スクリューの突出	
S408			鎖骨部打撲血腫	
S400			鎖骨部打撲傷	
C445			鎖骨部隆起性皮膚線維肉腫	
D167			鎖骨良性腫瘍	
Q210			左室右房交通症	
Q204			左室型単心室症	
I219			左室自由壁破裂	
I517			左室肥大	
I501			左室不全	
Q208			左室流出路狭窄	
D151			左心室粘液腫	
Q241			左心症	
Q234			左心低形成症候群	
I501			左心不全	
D151			左心房粘液腫	
L608			匙状爪	
R490			嗄声	
Q205			左旋転位	
Q441			左側胆のう	
T632			サソリ毒	
Z765			詐聴	
T140			擦過創	
T140			擦過皮下血腫	
T604			殺鼡剤中毒	
L235			殺虫剤アレルギー性接触皮膚炎	
L245			殺虫剤刺激性接触皮膚炎	
D229			サットン母斑	
F527			サティリアジス	
F655			サディズム	
J671			さとうきび肺	
F655			サドマゾヒズム	
Z765			詐熱	
Z765			詐病	
R238			さめはだ	
Q431			左右結腸型ヒルシュスプルング病	
R481			左右識別不能症	
D569			サラセミア	
D563			サラセミア保因者	
E771			サラ病	
T658			サリン中毒	
D869			サルコイドーシス	
D868			サルコイドーシス性虹彩毛様体炎	
D868			サルコイドーシス性ぶどう膜炎	
D868			サルコイド関節障害	
D868			サルコイド筋炎	
D868			サルコイド心筋炎	
D868			サルコイドミオパチー	
E725			サルコシン血症	
A078			サルコスポリジウム症	
A078			サルコチスティス症	
M6259			サルコペニア	
B04			サル痘	
T486			サルブタモール中毒	
A020			サルモネラ胃腸炎	
A022			サルモネラ関節炎	
A029			サルモネラ感染症	
A022			サルモネラ感染性腎盂腎炎	
A022			サルモネラ血管炎	
A022			サルモネラ骨髄炎	
A020			サルモネラ症	
A029			サルモネラ食中毒	
A022			サルモネラ髄膜炎	
A022			サルモネラ胆のう炎	
A020			サルモネラ腸炎	
A022			サルモネラ肺炎	
A021			サルモネラ敗血症	
E878			酸塩基平衡異常	
M6241			三角筋拘縮	
S6211			三角骨開放骨折	
S6210			三角骨骨折	
Q688			三角骨症候群	
H311			三角症候群	
S932			三角靱帯損傷	
S932			三角靱帯断裂	
S934			三角靱帯捻挫	
Q750			三角頭蓋	
S8280			三果骨折	
O717			産科的会陰血腫	
O717			産科的外陰血腫	
O719			産科的外傷	
O880			産科的空気塞栓症	
O717			産科的骨盤血腫	
O888			産科的脂肪塞栓症	
O860			産科的手術創の感染症	
O902			産科的創傷の血腫	
O882			産科的塞栓症	
O717			産科的腟血腫	
O715			産科的尿道損傷	
O883			産科的膿血性塞栓症	
O883			産科的敗血症性塞栓症	
A34			産科的破傷風	
O716			産科的尾骨損傷	
O715			産科的膀胱損傷	
T430			三環系抗うつ薬中毒	
O992			産後一過性甲状腺機能異常	
O909			産後回復不全	
O992			産後脚気	
O16			産後高血圧症	
N200			珊瑚状結石	
Z001			三歳児健診	
G440			三叉神経・自律神経性頭痛	
G509			三叉神経過敏症	
G500			三叉神経痙攣	
G509			三叉神経障害	
D333			三叉神経鞘腫	
S043			三叉神経損傷	
B022			三叉神経帯状疱疹	
G500			三叉神経痛	
G500			三叉神経痛第１・２・３枝領域	
G500			三叉神経痛第１・２枝領域	
G500			三叉神経痛第１枝領域	
G500			三叉神経痛第２・３枝領域	
G500			三叉神経痛第２枝領域	
G500			三叉神経痛第３枝領域	
G509			三叉神経ニューロパチー	
G509			三叉神経麻痺	
H161			散在性表層角膜炎	
H301			散在性脈絡膜炎	
H301			散在性網膜炎	
H301			散在性網脈絡膜炎	
I453			三枝ブロック	
H160			蚕蝕性角膜潰瘍	
Q242			三心房心	
E038			三次性甲状腺機能低下症	
O878			産褥陰部静脈瘤	
O864			産褥感染症	
F530			産褥期うつ状態	
O994			産褥期心臓合併症	
O990			産褥期鉄欠乏性貧血	
O994			産褥期脳血管疾患合併症	
O990			産褥期貧血	
O879			産褥血栓症	
O85			産褥骨盤腹膜炎	
O152			産褥子癇	
O908			産褥子宮退縮不全	
O85			産褥子宮内膜炎	
O879			産褥静脈炎	
O911			産褥性化膿性乳腺炎	
O912			産褥性間質性乳腺炎	
O920			産褥性陥没乳頭	
O870			産褥性血栓性静脈炎	
M8309			産褥性骨軟化症	
O863			産褥性骨盤膀胱炎	
O85			産褥性子宮感染症	
O861			産褥性子宮傍結合織炎	
O903			産褥性心筋症	
O912			産褥性実質性乳腺炎	
F531			産褥性精神病	
O925			産褥性乳汁分泌抑制	
O912			産褥性乳腺炎	
O921			産褥性乳頭亀裂	
O910			産褥性乳頭膿瘍	
O911			産褥性乳房膿瘍	
O912			産褥性乳房リンパ管炎	
O927			産褥性乳瘤	
O911			産褥性乳輪下膿瘍	
O864			産褥性発熱	
O863			産褥尿路性器感染症	
O85			産褥熱	
O873			産褥脳静脈洞血栓症	
O85			産褥敗血症	
O871			産褥白股症	
O722			産褥晩期出血	
O85			産褥腹膜炎	
O992			産褥卵巣機能低下症	
E755			酸性リパーゼ欠損症	
I072			三尖弁狭窄兼閉鎖不全症	
I070			三尖弁狭窄症	
I088			三尖弁狭窄症兼肺動脈弁閉鎖不全症	
I071			三尖弁逆流	
I079			三尖弁疾患	
I078			三尖弁心内膜炎	
I078			三尖弁不全	
Q224			三尖弁閉鎖症	
I071			三尖弁閉鎖不全症	
I088			三尖弁閉鎖不全症兼肺動脈弁狭窄症	
I088			三尖弁閉鎖不全症兼肺動脈弁閉鎖不全症	
I453			三束ブロック	
O632			三胎などの第２児の遷延分娩双胎	
O301			三胎妊娠	
P015			三胎妊娠新生児	
P015			三胎妊娠胎児	
O849			三胎分娩	
D552			三炭糖リン酸イソメラーゼ欠乏性貧血	
R008			三段脈	
F220			サンデル病	
E713			三頭酵素欠損症	
H570			散瞳	
O717			産道血腫	
A770			サンパウロ熱	
T304			酸腐蝕	
E833			酸ホスファターゼ欠損症	
R748			酸ホスファターゼ値異常	
H001			霰粒腫	
C414			坐骨悪性腫瘍	
S3281			坐骨開放骨折	
M7075			坐骨滑液包炎	
S3280			坐骨結節剥離骨折	
M7075			坐骨結節部滑液包炎	
S300			坐骨結節部打撲傷	
Q894			坐骨結合体	
S3280			坐骨骨折	
M8695			坐骨骨炎	
D480			坐骨腫瘍	
G570			坐骨神経炎	
G570			坐骨神経絞扼症	
M5418			坐骨神経根炎	
S740			坐骨神経損傷	
M5438			坐骨神経痛	
G589			坐骨神経痛性神経圧迫症	
G570			坐骨神経麻痺	
G570			坐骨単神経炎	
M5418			坐骨単神経根炎	
M9105			坐骨恥骨軟骨結合若年性骨軟骨症	
C495			坐骨直腸窩脂肪肉腫	
K603			坐骨直腸窩痔瘻	
K613			坐骨直腸窩膿瘍	
K458			坐骨直腸ヘルニア	
M8435			坐骨疲労骨折	
S300			坐骨部打撲傷	
R102			坐骨部痛	
K458			坐骨ヘルニア	
S731			坐骨包靱帯ストレイン	
S731			坐骨包靱帯捻挫	
D168			坐骨良性腫瘍	
T140			挫傷	
T941			挫傷後遺症	
L709			ざ瘡	
T141			挫創	
L905			ざ瘡瘢痕	
L709			ざ瘡様発疹	
T147			挫滅傷	
T795			挫滅症候群	
T147			挫滅創	
H184			ザルツマン結節性ジストロフィー	
K259			残胃潰瘍	
F205			残遺型統合失調症	
C169			残胃癌	
K644			残遺痔核皮膚弁	
T888			暫間固定装置脱離	
T888			暫間固定装置破損	
T888			暫間固定装置不適合	
T888			暫間被覆冠脱離	
K083			残根	
T690			ざんごう足	
A790			ざんごう熱	
K040			残髄炎	
K048			残存性歯根のう胞	
R398			残尿感	
N998			残留卵巣症候群	
T08-0			シートベルト骨折	
T099			シートベルト損傷	
E230			シーハン症候群	
M926			シーバー病	
C437			趾悪性黒色腫	
S971			趾圧挫傷	
E771			シアリドーシス	
T573			シアン化水素中毒	
T650			シアン化物の毒作用	
L272			しいたけ皮膚炎	
R482			肢運動失行症	
Q871			シェーグレン・ラルソン症候群	
M350			シェーグレン症候群	
M350			シェーグレン症候群性呼吸器障害	
M350			シェーグレン症候群ミオパチー	
R02			趾壊死	
T530			四塩化炭素中毒	
S911			趾開放創	
T857			歯科インプラント周囲炎	
T856			歯科インプラント脱離	
T856			歯科インプラント破損	
T856			歯科インプラント不適合	
T859			歯科インプラント迷入	
T859			歯科インプラント予後不良	
T857			歯科矯正用アンカースクリュー周囲炎	
T856			歯科矯正用アンカースクリュー脱離	
T856			歯科矯正用アンカースクリュー破損	
R481			視覚失認	
H539			視覚障害	
H476			視覚皮質障害	
R941			視覚誘発電位異常	
F402			歯科治療恐怖症	
S911			趾化膿創	
O159			子癇	
B372			指間カンジダ症	
B372			趾間カンジダ症	
B353			趾間汗疱状白癬	
G808			弛緩型脳性麻痺	
T888			歯冠継続歯過高	
T888			歯冠継続歯人工歯脱離	
T888			歯冠継続歯人工歯破損	
T888			歯冠継続歯人工歯不適合	
T888			歯冠継続歯粗造	
T888			歯冠継続歯脱離	
T888			歯冠継続歯低位	
T888			歯冠継続歯破損	
T888			歯冠継続歯不適合	
S903			趾間挫傷	
K053			歯冠周囲炎	
K052			歯冠周囲膿瘍	
O721			弛緩出血	
G823			弛緩性四肢麻痺	
N312			弛緩性神経因性膀胱	
G820			弛緩性対麻痺	
G810			弛緩性片麻痺	
K590			弛緩性便秘症	
G839			弛緩性麻痺	
S618			指間切創	
S913			趾間切創	
M1317			趾関節炎	
M2467			趾関節強直	
M2457			趾関節拘縮	
M1997			趾関節症	
S999			趾関節損傷	
S931			趾関節脱臼	
M2557			趾関節痛	
B352			指間白癬	
B353			趾間白癬	
K038			歯冠破折	
O159			子癇発作	
T888			歯冠補綴物過高	
T888			歯冠補綴物粗造	
T888			歯冠補綴物脱離	
T888			歯冠補綴物低位	
T888			歯冠補綴物破損	
T888			歯冠補綴物不適合	
K073			歯間離開	
S981			趾外傷性切断	
H162			紫外線角結膜炎	
H161			紫外線角膜炎	
A030			志賀菌赤痢	
H535			色覚異常	
L751			色汗症	
H535			色弱	
C401			指基節骨悪性腫瘍	
C403			趾基節骨悪性腫瘍	
S9251			趾基節骨開放骨折	
S9250			趾基節骨骨折	
S9250			趾基節骨骨端線損傷	
D480			指基節骨腫瘍	
D480			趾基節骨腫瘍	
D161			指基節骨内軟骨腫	
D163			趾基節骨内軟骨腫	
S9250			趾基節骨剥離骨折	
D161			指基節骨良性腫瘍	
D163			趾基節骨良性腫瘍	
L819			色素異常症	
Q823			色素失調症	
H355			色素上皮網膜性ジストロフィー	
Q821			色素性乾皮症	
C449			色素性基底細胞癌	
L817			色素性紫斑	
L817			色素性紫斑性皮膚症	
M1229			色素性絨毛結節性滑膜炎	
D229			色素性母斑	
H355			色素性網膜ジストロフィー	
L282			色素性痒疹	
H401			色素性緑内障	
L818			色素斑	
H535			色盲	
O712			子宮圧痕	
N858			子宮萎縮	
N854			子宮位置異常	
N812			子宮下垂	
I728			子宮仮性動脈瘤	
Z907			子宮完全欠損	
C55			子宮癌	
Z124			子宮癌検診	
C795			子宮癌骨転移	
C55			子宮癌再発	
T889			子宮癌術後後遺症	
C549			子宮癌肉腫	
Q519			子宮奇形	
O624			子宮強直	
C540			子宮峡部癌	
D259			子宮筋腫	
D259			子宮筋腫術後	
N998			子宮筋腫摘出後後遺症	
O655			子宮筋腫による分娩停止	
N719			子宮筋層炎	
O008			子宮筋層内妊娠	
N884			子宮頚延長	
N72			子宮頚管炎	
O620			子宮頚管拡張不全	
C530			子宮頚管癌	
N882			子宮頚管狭窄症	
D060			子宮頚管上皮内癌	
T193			子宮頚管内異物	
O008			子宮頚管妊娠	
N841			子宮頚管粘膜ポリープ	
N882			子宮頚管閉鎖症	
N841			子宮頚管ポリープ	
N883			子宮頚管無力症	
O343			子宮頚管無力症のための母体管理	
O713			子宮頚管裂傷	
N72			子宮頚外膜炎	
C539			子宮頚癌	
N72			子宮頚内膜炎	
N888			子宮頚肥大	
N879			子宮頚部異形成	
N888			子宮頚部萎縮	
N86			子宮頚部潰瘍	
O713			子宮頚部環状剥離	
N86			子宮頚部外反症	
C538			子宮頚部境界部癌	
D259			子宮頚部筋腫	
N870			子宮頚部軽度異形成	
N872			子宮頚部高度異形成	
R876			子宮頚部細胞診・ＨＳＩＬを除外できない異型扁平上皮細胞	
R876			子宮頚部細胞診・意義不明な異型扁平上皮細胞	
R876			子宮頚部細胞診・軽度扁平上皮内病変	
R876			子宮頚部細胞診・高度扁平上皮内病変	
D390			子宮頚部腫瘍	
O344			子宮頚部腫瘍合併妊娠	
D069			子宮頚部上皮内癌	
N879			子宮頚部上皮内腫瘍	
D069			子宮頚部上皮内腫瘍・異型度３	
C539			子宮頚部腺癌	
N871			子宮頚部中等度異形成	
A590			子宮頚部トリコモナス症	
N880			子宮頚部白斑症	
N884			子宮頚部肥大性延長症	
C539			子宮頚部微小浸潤癌	
N86			子宮頚部びらん	
N881			子宮頚部癒着	
N858			子宮痙攣	
A181			子宮結核	
O344			子宮口開大不全	
N837			子宮広間膜内血腫	
O008			子宮広間膜内妊娠	
K458			子宮広間膜裂孔ヘルニア	
K450			子宮広間膜裂孔ヘルニア嵌頓	
N854			子宮後屈症	
N854			子宮後傾	
O721			子宮弛緩症	
D175			子宮脂肪腫	
N732			子宮周囲炎	
N732			子宮周囲膿瘍	
O622			子宮収縮不全	
N939			子宮出血	
D390			子宮腫瘍	
O341			子宮腫瘍のための母体管理	
N859			子宮腫瘤	
D073			子宮上皮内癌	
S355			子宮静脈損傷	
D282			子宮靱帯良性腫瘍	
N972			子宮性不妊症	
N912			子宮性無月経	
N993			子宮切除後腟壁脱	
N858			子宮線維症	
N800			子宮腺筋症	
S376			子宮穿孔	
S3761			子宮穿孔・骨盤腔に達する開放創合併あり	
S3760			子宮穿孔・骨盤腔に達する開放創合併なし	
N854			子宮前傾	
Z907			子宮全摘後	
F069			子宮全摘術後愁訴	
S376			子宮損傷	
S3761			子宮損傷・骨盤腔に達する開放創合併あり	
S3760			子宮損傷・骨盤腔に達する開放創合併なし	
C549			子宮体癌	
C549			子宮体癌再発	
N853			子宮退縮不全	
D390			子宮体腫瘍	
N059			糸球体腎炎	
N029			糸球体性血尿	
N069			糸球体性蛋白尿症	
C549			子宮体部悪性腫瘍	
D259			子宮体部筋腫	
R944			糸球体ろ過値低下	
N814			子宮脱	
N812			子宮脱１度	
N812			子宮脱２度	
N813			子宮脱３度	
C538			子宮断端癌	
C531			子宮腟部癌	
D259			子宮腟部筋腫	
N86			子宮腟部偽びらん	
D061			子宮腟部上皮内癌	
N888			子宮腟部肥大	
N86			子宮腟部びらん	
N824			子宮直腸瘻	
C543			子宮底癌	
S355			子宮動脈損傷	
T193			子宮内異物	
O235			子宮内感染症	
P965			子宮内処置の合併症	
O364			子宮内胎児死亡	
O364			子宮内胎児死亡のための母体管理	
P059			子宮内発育遅延	
N855			子宮内反症	
T833			子宮内避妊器具の機械的合併症	
N851			子宮内膜異型増殖症	
N858			子宮内膜萎縮	
N719			子宮内膜炎	
C541			子宮内膜間質肉腫	
C541			子宮内膜癌	
D390			子宮内膜腫瘍	
N809			子宮内膜症	
D070			子宮内膜上皮内癌	
N850			子宮内膜腺様のう胞性増殖症	
N850			子宮内膜増殖症	
N840			子宮内膜ポリープ	
C542			子宮肉腫	
N821			子宮尿管瘻	
T283			子宮熱傷	
N854			子宮捻転	
D250			子宮粘膜下筋腫	
O340			子宮の先天奇形のための母体管理	
Q518			子宮発育不全	
O711			子宮破裂	
N852			子宮肥大	
N825			子宮腹壁瘻	
N921			子宮不正出血	
O712			子宮不全内反症	
O711			子宮不全破裂	
N709			子宮付属器炎	
O348			子宮付属器腫瘍合併妊娠	
N736			子宮付属器癒着	
N853			子宮復古不全	
C542			子宮平滑筋肉腫	
N821			子宮膀胱瘻	
N732			子宮傍組織炎	
N840			子宮ポリープ	
D259			子宮有茎筋腫	
N857			子宮留血症	
N858			子宮留水症	
N719			子宮留膿症	
C541			子宮類内膜腺癌	
N829			子宮瘻	
G238			嗜銀顆粒性認知症	
S968			趾屈筋腱断裂	
K061			シクロスポリン歯肉増殖症	
S959			趾血管損傷	
Z894			趾欠損	
D212			趾腱鞘巨細胞腫	
S969			趾腱断裂	
H530			刺激遮断弱視	
T472			刺激性緩下薬中毒	
L249			刺激物質性接触皮膚炎	
K036			歯垢	
G961			視交叉くも膜炎	
S040			視交叉損傷	
D433			視交叉部腫瘍	
M205			趾拘縮	
T141			刺咬症	
M8407			趾骨折変形治癒	
C401			指骨悪性腫瘍	
C403			趾骨悪性腫瘍	
M8694			指骨炎	
M8697			趾骨炎	
S6261			指骨開放骨折	
S9251			趾骨開放骨折	
S9250			趾骨骨折	
S6260			指骨骨折	
C403			趾骨骨肉腫	
D480			指骨腫瘍	
D480			趾骨腫瘍	
M8694			指骨髄炎	
M8697			趾骨髄炎	
J341			篩骨前頭洞のう胞	
M8987			趾骨痛症	
J322			篩骨洞炎	
S0211			篩骨洞開放骨折	
C311			篩骨洞癌	
S0210			篩骨洞骨折	
D385			篩骨洞腫瘍	
J341			篩骨洞のう胞	
J338			篩骨洞ポリープ	
C401			指骨軟骨肉腫	
C403			趾骨軟骨肉腫	
S0210			篩骨板骨折	
S9250			趾骨不全骨折	
S6260			指骨不全骨折	
D161			指骨良性腫瘍	
D163			趾骨良性腫瘍	
K033			歯根吸収	
K073			歯根近接	
K045			歯根肉芽腫	
K048			歯根のう胞	
K038			歯根破折	
K034			歯根肥大	
K052			歯根膜下膿瘍	
K049			歯根膜ポリープ	
K089			歯根離開	
K088			歯根露出	
K002			歯根弯曲	
S908			趾擦過創	
K032			歯酸蝕症	
S901			趾挫傷	
S911			趾挫創	
P95			死産児	
R298			四肢運動障害	
T940			四肢開放創後遺症	
L409			四肢乾癬	
M6259			四肢筋萎縮	
R252			四肢筋痙攣	
R298			四肢筋力低下	
R252			四肢痙攣	
R252			四肢痙攣発作	
T941			四肢血管損傷後遺症	
M2459			四肢拘縮症	
T006			四肢擦過創	
T009			四肢挫傷	
R208			四肢しびれ	
R233			四肢出血斑	
L208			四肢小児湿疹	
M7929			四肢神経痛	
R251			四肢振戦	
T145			四肢静脈損傷	
L400			四肢尋常性乾癬	
S912			趾刺爪症	
R208			四肢端しびれ	
T291			四肢第１度熱傷	
T292			四肢第２度熱傷	
T293			四肢第３度熱傷	
R298			四肢脱力	
R298			四肢脱力感	
R208			四肢知覚異常	
T634			四肢虫刺症	
E785			脂質異常症	
M7969			四肢痛	
K031			歯質くさび状欠損	
E789			脂質代謝異常	
E756			脂質蓄積障害性ミオパチー	
T145			四肢動脈損傷	
T290			四肢熱傷	
B358			四肢白癬	
R600			四肢浮腫	
G825			四肢不全麻痺	
R21			四肢発疹	
I738			四肢末梢循環障害	
R208			四肢末梢知覚異常	
M7969			四肢末端痛	
G825			四肢麻痺	
M6129			四肢麻痺に伴う骨化性筋炎	
L440			四肢毛孔性紅色粃糠疹	
K053			歯周炎	
K054			歯周症	
T888			歯周治療用装置脱離	
T888			歯周治療用装置破損	
T888			歯周治療用装置不適合	
K052			歯周膿瘍	
F328			思春期うつ病	
N922			思春期月経異常	
N922			思春期月経過多	
E049			思春期甲状腺腫	
N922			思春期出血	
E309			思春期障害	
F989			思春期情緒障害	
K051			思春期性歯肉炎	
N62			思春期性乳房肥大	
E301			思春期早発症	
E300			思春期遅発症	
Q615			思春期ネフロンろう	
D649			思春期貧血	
E233			視床下部機能障害	
D430			視床下部腫瘍	
G938			視床下部症候群	
E038			視床下部性甲状腺機能低下症	
C710			視床下部星細胞腫	
E668			視床下部性肥満	
N911			視床下部性無月経	
E288			視床下部性卵巣機能低下	
I610			視床出血	
D430			視床腫瘍	
G938			視床症候群	
C710			視床星細胞腫	
I662			視床痛	
M6597			趾伸筋腱腱鞘炎	
S968			趾伸筋腱断裂	
H470			視神経圧迫症	
H472			視神経萎縮	
H46			視神経炎	
S0230			視神経管骨折	
S040			視神経管損傷	
C723			視神経膠腫	
H46			視神経周囲炎	
D433			視神経腫瘍	
H46			視神経症	
H46			視神経障害	
H470			視神経鞘内出血	
G039			視神経髄膜炎	
G360			視神経脊髄炎	
S040			視神経損傷	
S949			趾神経損傷	
S949			趾神経断裂	
S040			視神経断裂	
Q078			視神経低形成	
H472			視神経乳頭萎縮	
H46			視神経乳頭炎	
H400			視神経乳頭陥凹拡大	
H473			視神経乳頭陥没	
Q142			視神経乳頭欠損	
H470			視神経乳頭周囲出血	
Q142			視神経乳頭低形成	
Q142			視神経乳頭の先天奇形	
D433			視神経乳頭部腫瘍	
H309			視神経網膜炎	
H350			視神経網膜障害	
D333			視神経良性腫瘍	
G112			歯状核赤核淡蒼球ルイ体萎縮症	
H161			糸状角膜炎	
C964			指状嵌入細胞肉腫	
B49			糸状菌症	
G08			矢状静脈洞血栓症	
D219			糸状線維腫	
S064			矢状洞部硬膜外血腫	
S0641			矢状洞部硬膜外血腫・頭蓋内に達する開放創合併あり	
S0640			矢状洞部硬膜外血腫・頭蓋内に達する開放創合併なし	
B07			糸状疣贅	
K009			歯数異常	
E721			シスタチオニン血症	
E721			シスタチオニン尿症	
E720			シスチン結石	
E720			シスチン症	
E720			シスチン尿症	
K041			歯髄壊死	
K041			歯髄壊疽	
K040			歯髄炎	
K049			歯髄出血	
K040			歯髄充血	
K040			歯髄露出	
R293			姿勢異常	
K102			歯性顎炎	
R51			歯性顔面痛	
G250			姿勢振戦	
H920			歯性耳痛	
J320			歯性上顎洞炎	
M4009			姿勢性脊柱後弯症	
M4049			姿勢性脊柱前弯症	
M4199			姿勢性脊柱側弯症	
J329			歯性副鼻腔炎	
J36			歯性扁桃周囲膿瘍	
H522			視性乱視	
K036			歯石沈着症	
D237			趾石灰化上皮腫	
S935			趾節間関節捻挫	
S6261			指節骨開放骨折	
S9251			趾節骨開放骨折	
S9250			趾節骨骨折	
S6260			指節骨骨折	
F942			施設症候群	
S981			趾切断	
Q709			指節癒合症	
Q709			趾節癒合症	
C449			脂腺癌	
D239			脂腺腫	
L984			指尖難治性皮膚潰瘍	
D239			脂腺のう腫症	
L721			脂腺のう胞	
L984			指尖皮膚潰瘍	
D229			脂腺母斑	
J931			自然気胸	
O801			自然骨盤位分娩	
P95			自然死産	
O601			自然早産	
O800			自然頭位分娩	
O809			自然分娩	
O039			自然流産	
P018			自然流産胎児	
T141			刺創	
K082			歯槽縁萎縮	
K089			歯槽縁異常	
C437			趾爪下悪性黒色腫	
D163			趾爪下外骨腫	
S902			趾爪下血腫	
S971			趾爪下挫滅傷	
S971			趾爪下挫滅創	
T941			刺創感染	
D227			趾爪甲線状母斑	
K082			歯槽骨萎縮	
K088			歯槽骨鋭縁	
K103			歯槽骨炎	
K088			歯槽骨吸収不全	
S0280			歯槽骨骨折	
K102			歯槽骨腐骨	
K103			歯槽骨膜炎	
S912			趾爪刺創	
K082			歯槽突起萎縮	
T180			歯槽突起異物	
S0280			歯槽突起骨折	
K047			歯槽膿瘍	
H470			視束管圧迫	
S935			趾側副靱帯損傷	
S932			趾側副靱帯断裂	
S999			趾損傷	
Z944			死体肝移植後	
G710			肢帯型筋ジストロフィー	
Z940			死体腎移植後	
Z948			死体膵移植後	
F658			屍体性愛	
O302			四胎妊娠	
P015			四胎妊娠新生児	
P015			四胎妊娠胎児	
Z942			死体肺移植後	
Z945			死体皮膚移植後	
O849			四胎分娩	
S9271			趾多発開放骨折	
S9270			趾多発骨折	
S931			趾多発性脱臼	
T451			シタラビン中毒	
M355			肢端硬化症	
I738			肢端紅痛症	
I738			趾端循環障害	
I738			肢端チアノーゼ	
I738			肢端知覚異常	
T251			趾第１度熱傷	
T252			趾第２度熱傷	
T253			趾第３度熱傷	
R02			趾脱疽	
S901			趾打撲傷	
R202			趾知覚異常	
T634			刺虫アレルギー	
T634			刺虫症	
C401			指中節骨悪性腫瘍	
C403			趾中節骨悪性腫瘍	
S9251			趾中節骨開放骨折	
S9250			趾中節骨骨折	
S9250			趾中節骨骨端線損傷	
D480			指中節骨腫瘍	
D480			趾中節骨腫瘍	
D161			指中節骨内軟骨腫	
D163			趾中節骨内軟骨腫	
D161			指中節骨良性腫瘍	
D163			趾中節骨良性腫瘍	
R509			弛張熱	
S859			膝窩血管損傷	
S855			膝窩静脈損傷	
K049			失活歯	
S850			膝窩動脈損傷	
I778			膝窩動脈捕捉症候群	
I724			膝窩動脈瘤	
M7056			膝窩部滑液包炎	
M674			膝窩部ガングリオン	
S818			膝下部挫創	
S810			膝窩部銃創	
M2556			膝窩部痛	
D181			膝窩部のう胞性リンパ管腫	
M6606			膝窩部のう胞破裂	
B07			膝窩疣贅	
T529			シックハウス症候群	
R482			失行	
R488			失算症	
R488			失書	
L309			湿疹	
R55			失神	
L239			湿疹状アレルギー性接触性皮膚炎	
B359			湿疹状白癬	
H010			湿疹性眼瞼炎	
H011			湿疹性眼瞼皮膚炎	
H164			湿疹性パンヌス	
L539			湿疹続発性紅皮症	
L302			湿疹様発疹	
E511			湿性脚気	
J90			湿性胸膜炎	
R491			失声症	
R05			湿性咳	
R098			湿性ラ音	
R260			失調性歩行	
G378			失調と歯牙低形成を伴う髄鞘形成不全症	
F220			嫉妬妄想	
F452			疾病恐怖症	
F449			疾病逃避	
S870			膝圧挫傷	
O321			膝位	
K088			歯痛	
M7967			趾痛	
M2586			膝関節異所性骨化	
M1316			膝関節炎	
S8201			膝関節開放骨折	
S8201			膝関節開放性脱臼骨折	
M7056			膝関節滑液包炎	
M6596			膝関節滑膜炎	
D481			膝関節滑膜骨軟骨腫症	
M2416			膝関節外傷性軟骨欠損症	
S834			膝関節外側側副靱帯損傷	
S834			膝関節外側側副靱帯断裂	
S834			膝関節外側側副靱帯捻挫	
M2466			膝関節強直	
M1126			膝関節偽痛風	
M2456			膝関節屈曲拘縮	
S800			膝関節血腫	
M2506			膝関節血症	
M2456			膝関節拘縮	
S8200			膝関節骨折	
S800			膝関節挫傷	
D480			膝関節腫瘍	
M179			膝関節症	
M2596			膝関節障害	
M2456			膝関節伸展拘縮	
M2546			膝関節水症	
S898			膝関節損傷	
S831			膝関節脱臼	
S8200			膝関節脱臼骨折	
S800			膝関節打撲傷	
M2556			膝関節痛	
M8706			膝関節特発性骨壊死	
S8200			膝関節内骨折	
S834			膝関節内側側副靱帯損傷	
S834			膝関節内側側副靱帯断裂	
S834			膝関節内側側副靱帯捻挫	
M2349			膝関節内遊離体	
M2416			膝関節軟骨欠損症	
S899			膝関節軟骨損傷	
S836			膝関節捻挫	
M2359			膝関節不安定症	
C492			膝関節部滑膜肉腫	
M674			膝関節部ガングリオン	
S808			膝関節部擦過創	
S810			膝関節部挫創	
Z895			膝関節離断術後	
S831			膝関節両側側副靱帯損傷	
M7056			膝蓋下滑液のう炎	
M7946			膝蓋下脂肪体肥大	
C403			膝蓋骨悪性腫瘍	
S830			膝蓋骨亜脱臼	
M924			膝蓋骨一次中枢若年性骨軟骨症	
S8201			膝蓋骨開放骨折	
S8201			膝蓋骨開放性粉砕骨折	
M8696			膝蓋骨化膿性骨髄炎	
M8416			膝蓋骨偽関節	
M7656			膝蓋骨腱炎	
S8200			膝蓋骨骨折	
M8406			膝蓋骨骨折変形治癒	
M8696			膝蓋骨骨髄炎	
D480			膝蓋骨腫瘍	
S830			膝蓋骨脱臼	
S800			膝蓋骨打撲傷	
M924			膝蓋骨軟骨症	
C403			膝蓋骨軟骨肉腫	
M924			膝蓋骨二次中枢若年性骨軟化症	
M229			膝蓋骨の障害	
M223			膝蓋骨不安定症	
S8200			膝蓋骨不顕性骨折	
S8200			膝蓋骨不全骨折	
S8200			膝蓋骨粉砕骨折	
D163			膝蓋骨良性腫瘍	
M7656			膝蓋靱帯炎	
S761			膝蓋靱帯断裂	
S761			膝蓋靱帯部分断裂	
M7046			膝蓋前滑液包炎	
M2336			膝外側半月板石灰化症	
M222			膝蓋大腿関節症	
G969			失外套症候群	
M224			膝蓋軟骨軟化症	
M7056			膝蓋部滑液包炎	
S800			膝蓋部血腫	
S808			膝蓋部擦過創	
S800			膝蓋部挫傷	
S810			膝蓋部挫創	
F078			失語・失行・失認症候群	
S837			膝後外側支持機構損傷	
R470			失語症	
S870			膝挫滅傷	
S870			膝挫滅創	
R488			失象徴	
G511			膝状神経節炎	
Q210			室上稜下部心室中隔欠損	
Q210			室上稜上部心室中隔欠損	
R480			失読症	
M2399			膝内障	
M2333			膝内側半月板石灰化症	
R481			失認	
C437			膝部悪性黒色腫	
C492			膝部悪性線維性組織球腫	
C492			膝部悪性軟部腫瘍	
C472			膝部悪性末梢神経鞘腫	
S810			膝部開放創	
S810			膝部割創	
C447			膝部基底細胞癌	
M7956			膝部筋肉内異物残留	
S800			膝部血腫	
M6596			膝部腱膜炎	
S810			膝部咬創	
S800			膝部挫傷	
S810			膝部挫創	
R224			膝部腫脹	
D487			膝部腫瘍	
D237			膝部石灰化上皮腫	
S810			膝部切創	
C492			膝部淡明細胞肉腫	
T241			膝部第１度熱傷	
T242			膝部第２度熱傷	
T243			膝部第３度熱傷	
S800			膝部打撲傷	
L97			膝部難治性皮膚潰瘍	
D481			膝部軟部腫瘍	
L024			膝部膿瘍	
R224			膝部皮下腫瘤	
L97			膝部皮膚潰瘍	
C447			膝部皮膚癌	
D237			膝部皮膚良性腫瘍	
L031			膝部蜂巣炎	
C492			膝部胞巣状軟部肉腫	
D047			膝部ボーエン病	
C447			膝部メルケル細胞癌	
C447			膝部有棘細胞癌	
D212			膝部良性軟部腫瘍	
S810			膝部裂創	
R488			失文法	
H540			失明	
R470			失名詞症	
F444			失立	
R471			失連句症	
E780			シトステロール血症	
S1211			歯突起開放骨折	
S1210			歯突起骨折	
Q764			歯突起骨	
E722			シトリン欠損症	
E722			シトリン欠損による新生児肝内胆汁うっ滞症	
E722			シトルリン血症	
E722			シトルリン血症１型	
K002			歯内歯	
L97			趾難治性皮膚潰瘍	
D481			趾軟部腫瘍	
T180			歯肉異物	
K051			歯肉炎	
K068			歯肉潰瘍	
K036			歯肉下歯石	
B370			歯肉カンジダ症	
K062			歯肉外傷	
C039			歯肉癌	
S005			歯肉挫傷	
K069			歯肉色素沈着症	
K068			歯肉出血	
D370			歯肉腫瘍	
K036			歯肉上歯石	
D000			歯肉上皮内癌	
S015			歯肉切創	
K061			歯肉線維腫症	
K061			歯肉増殖症	
K060			歯肉退縮	
D103			歯肉乳頭腫	
K090			歯肉のう胞	
K052			歯肉膿瘍	
K132			歯肉白板症	
K061			歯肉肥大	
K068			歯肉ポリープ	
D103			歯肉良性腫瘍	
S015			歯肉裂創	
T250			趾熱傷	
L985			趾粘液のう腫	
S935			趾捻挫	
L024			趾膿瘍	
S911			趾剥皮創	
L270			紫斑型薬疹	
L905			趾瘢痕拘縮	
L817			紫斑性苔癬状皮膚炎	
D692			紫斑病	
D690			紫斑病腎炎	
L97			趾皮膚潰瘍	
D237			趾皮膚良性腫瘍	
L030			趾ひょう疽	
R208			しびれ感	
S981			趾不全切断	
B353			趾部白癬	
R198			しぶり腹	
A772			シベリアだにチフス	
E881			脂肪萎縮症	
E65			脂肪過多症	
K760			脂肪肝	
E713			脂肪酸代謝障害	
M7939			脂肪織炎	
D179			脂肪腫	
E236			脂肪性器ジストロフィー	
T791			脂肪塞栓症	
C499			脂肪肉腫	
R820			脂肪尿症	
K904			脂肪不耐性吸収不良症	
K904			脂肪便	
K031			歯磨剤性歯磨耗症	
C401			指末節骨悪性腫瘍	
C403			趾末節骨悪性腫瘍	
S9251			趾末節骨開放骨折	
S9250			趾末節骨骨折	
D480			指末節骨腫瘍	
D480			趾末節骨腫瘍	
D163			趾末節骨内軟骨腫	
D161			指末節骨内軟骨腫	
D163			趾末節骨良性腫瘍	
D161			指末節骨良性腫瘍	
Q268			シミター症候群	
R400			嗜眠	
A858			嗜眠性脳炎	
D848			シムケ症候群	
C447			趾メルケル細胞癌	
G903			シャイ・ドレーガー症候群	
E760			シャイエ症候群	
O322			斜位のための母体管理	
F401			社会恐怖症	
F401			社会不安障害	
B572			シャガス病	
B573			シャガス病巨大結腸	
B572			シャガス病心筋炎	
B574			シャガス病髄膜炎	
B572			シャガス病性心血管障害	
B574			シャガス病脊髄炎	
B574			シャガス病脳炎	
B574			シャガス病脳脊髄炎	
Q188			斜顔裂	
S562			尺側手根屈筋腱損傷	
S562			尺側手根屈筋腱断裂	
S562			尺側手根屈筋腱不全断裂	
S562			尺側手根屈筋損傷	
S562			尺側手根屈筋断裂	
M6213			尺側手根屈筋不全断裂	
S565			尺側手根伸筋腱損傷	
S565			尺側手根伸筋腱断裂	
S565			尺側手根伸筋損傷	
S565			尺側手根伸筋断裂	
M0684			尺側偏位	
Q713			尺側列欠損	
J635			錫肺症	
M4362			斜頚	
F401			社交不安障害	
T1420			斜骨折	
H509			斜視	
Q681			斜指症	
H530			斜視性弱視	
N509			射精障害	
N46			射精不能症	
T141			射創	
D320			斜台髄膜腫	
C410			斜台部脊索腫	
H530			遮断弱視	
H55			遮断性眼振	
R066			しゃっくり	
C400			尺骨悪性腫瘍	
S5280			尺骨遠位骨端線損傷	
S5281			尺骨遠位端開放骨折	
S5280			尺骨遠位端骨折	
M8693			尺骨遠位部骨髄炎	
S5221			尺骨開放骨折	
M921			尺骨下部若年性骨軟骨症	
S5220			尺骨亀裂骨折	
S5200			尺骨近位骨端線損傷	
S5201			尺骨近位端開放骨折	
S5200			尺骨近位端骨折	
M8413			尺骨偽関節	
S5281			尺骨茎状突起開放骨折	
S5280			尺骨茎状突起骨折	
S559			尺骨血管損傷	
S5201			尺骨鉤状突起開放骨折	
S5200			尺骨鉤状突起骨折	
S5221			尺骨骨幹部開放骨折	
S5220			尺骨骨幹部骨折	
S5220			尺骨骨折	
M8423			尺骨骨折の遷延癒合	
C400			尺骨骨肉腫	
S635			尺骨手根関節捻挫	
D480			尺骨腫瘍	
G562			尺骨神経炎	
S440			尺骨神経上腕部損傷	
S540			尺骨神経切断	
S540			尺骨神経損傷	
S540			尺骨神経断裂	
G562			尺骨神経痛	
S540			尺骨神経不全損傷	
G562			尺骨神経不全麻痺	
G562			尺骨神経麻痺	
S5201			尺骨肘頭開放骨折	
M8983			尺骨突き上げ症候群	
S5281			尺骨頭開放骨折	
S5280			尺骨頭骨折	
S550			尺骨動脈損傷	
S550			尺骨動脈断裂	
D160			尺骨内軟骨腫	
C400			尺骨軟骨肉腫	
P133			尺骨の分娩損傷	
M8433			尺骨疲労骨折	
D160			尺骨良性腫瘍	
Q673			斜頭症	
M950			斜鼻	
K002			シャベル切歯	
H522			斜乱視	
G600			シャルコー・マリー・トゥース病	
K743			シャルコー肝硬変	
G98			シャルコー関節	
H534			視野狭窄	
H534			視野欠損	
H534			視野障害	
S678			手圧挫傷	
O431			周郭胎盤	
F639			習慣および衝動の障害	
L750			臭汗症	
J039			習慣性アンギナ	
R11			習慣性嘔吐	
M2441			習慣性肩関節前方脱臼	
M2441			習慣性肩関節脱臼	
K076			習慣性顎関節亜脱臼	
K076			習慣性顎関節脱臼	
K529			習慣性下痢	
M2445			習慣性股関節脱臼	
M221			習慣性膝蓋骨亜脱臼	
M220			習慣性膝蓋骨脱臼	
K031			習慣性歯磨耗症	
M4362			習慣性斜頚	
R51			習慣性頭痛	
M4199			習慣性脊柱側弯症	
A46			習慣性丹毒	
M2449			習慣性脱臼	
R040			習慣性鼻出血	
J039			習慣性扁桃炎	
K590			習慣性便秘	
N96			習慣流産	
O262			習慣流産妊娠の管理	
H55			周期交代性眼振	
G478			周期嗜眠症	
E270			周期性ＡＣＴＨ・ＡＤＨ放出症候群	
R11			周期性嘔吐症候群	
D696			周期性血小板減少症	
D70			周期性好中球減少症	
R063			周期性呼吸	
L508			周期性再発性じんま疹	
G723			周期性四肢麻痺	
F319			周期性精神病	
N391			周期性蛋白尿症	
R104			周期性腹痛	
T783			周期性浮腫	
F452			醜形恐怖症	
E748			しゅう酸塩尿症	
P250			周産期間質性肺気腫	
P260			周産期に発生した気管気管支出血	
P252			周産期に発生した気縦隔	
P299			周産期に発生した心血管障害	
P261			周産期に発生した大量肺出血	
P780			周産期の腸穿孔	
P279			周産期慢性呼吸器疾患	
E748			しゅう酸症	
I10			収縮期高血圧症	
R011			収縮期雑音	
I311			収縮性心膜炎	
Z518			周術期口腔機能管理中	
S633			舟状月状骨解離	
M8437			舟状骨疲労骨折	
Q750			舟状頭蓋	
Q205			修正大血管転位	
T426			臭素化合物中毒	
L701			集簇性ざ瘡	
F912			集団型素行障害	
Z008			集団検診	
Q668			舟底足	
J310			臭鼻症	
H302			周辺性ぶどう膜炎	
H302			周辺性網脈絡膜炎	
H302			周辺部ぶどう膜炎	
H302			周辺部脈絡膜炎	
H354			周辺部網膜のう胞状変性	
H333			周辺部網膜裂孔	
H531			羞明	
S630			手関節亜脱臼	
M1313			手関節炎	
S6281			手関節開放骨折	
S6281			手関節開放性脱臼骨折	
M7013			手関節滑液包炎	
M2463			手関節強直	
M1123			手関節偽痛風	
M2453			手関節拘縮	
S6280			手関節骨折	
S678			手関節挫滅傷	
S678			手関節挫滅創	
M7723			手関節周囲炎	
M1993			手関節症	
M674			手関節掌側ガングリオン	
S618			手関節掌側部挫創	
S684			手関節切断	
S633			手関節側副靱帯断裂	
S630			手関節脱臼	
S6280			手関節脱臼骨折	
M2553			手関節痛	
S6280			手関節内骨折	
M2403			手関節内遊離体	
S635			手関節捻挫	
M674			手関節背側ガングリオン	
S688			手関節不全切断	
C491			手関節部滑膜肉腫	
M674			手関節部ガングリオン	
M6593			手関節部腱鞘炎	
G569			手関節部絞扼性神経障害	
S608			手関節部擦過創	
S602			手関節部挫傷	
S618			手関節部挫創	
D487			手関節部腫瘍	
S619			手関節部切創	
S618			手関節部創傷	
T231			手関節部第１度熱傷	
T232			手関節部第２度熱傷	
T233			手関節部第３度熱傷	
S602			手関節部打撲傷	
L031			手関節部蜂巣炎	
D211			手関節部良性軟部腫瘍	
S619			手関節部裂創	
Z892			手関節離断術後	
T175			主気管支内異物	
C340			主気管支の悪性腫瘍	
F100			宿酔	
H570			縮瞳	
H212			縮瞳性瞳孔のう胞	
K633			宿便性潰瘍	
S6281			手骨開放骨折	
S6280			手骨骨折	
S6281			手骨多発開放骨折	
S6280			手骨多発骨折	
G560			手根管症候群	
M1994			手根関節症	
S6211			手根骨開放骨折	
S6210			手根骨骨折	
M939			手根骨骨端炎	
S630			手根骨脱臼	
C401			手根骨軟骨肉腫	
S6210			手根中手関節脱臼骨折・手根骨	
S6230			手根中手関節脱臼骨折・中手骨	
M2534			手根不安定症	
L719			しゅさ	
L719			しゅさ性角膜炎	
H010			しゅさ性眼瞼炎	
L719			しゅさ性ざ瘡	
L711			しゅさ鼻	
L719			しゅさ様皮膚炎	
C436			手指悪性黒色腫	
S670			手指圧挫傷	
S610			手指汚染創	
S610			手指開放創	
M1314			手指関節炎	
M2464			手指関節強直	
M2454			手指関節拘縮	
S699			手指関節損傷	
S631			手指関節脱臼	
M2554			手指関節痛	
M674			手指ガングリオン	
Q740			手指奇形	
M2594			手指機能障害	
M8414			手指偽関節	
S561			手指屈筋腱断裂	
S655			手指血管損傷	
Z890			手指欠損症	
M6594			手指腱鞘炎	
L943			手指硬化症	
M200			手指拘縮	
S610			手指咬創	
M8404			手指骨折変形治癒	
M8699			種子骨炎	
T1421			種子骨開放骨折	
T1420			種子骨骨折	
C401			手指骨骨肉腫	
D161			手指骨膜性軟骨腫	
M2584			手指こわばり	
S600			手指挫傷	
S610			手指挫創	
S670			手指挫滅傷	
S670			手指挫滅創	
S610			手指刺創	
L309			手指湿疹	
R223			手指腫脹	
R223			手指腫瘤	
S564			手指伸筋腱損傷	
S564			手指伸筋腱断裂	
M7924			手指神経炎	
S644			手指神経損傷	
S644			手指神経断裂	
R251			手指振戦	
M2454			手指伸展拘縮	
D236			手指石灰化上皮腫	
S610			手指切創	
S681			手指切断	
R208			手指先しびれ	
C436			手指爪下悪性黒色腫	
S636			手指側副靱帯捻挫	
S699			手指損傷	
S6271			手指多発開放骨折	
S6270			手指多発骨折	
S632			手指多発性脱臼	
T230			手指端熱傷	
T231			手指第１度熱傷	
T232			手指第２度熱傷	
T233			手指第３度熱傷	
R02			手指脱疽	
S600			手指打撲傷	
R202			手指知覚異常	
S6261			手指中節骨開放骨折	
S6260			手指中節骨骨折	
M7964			手指痛	
B351			手指爪白癬	
L984			手指難治性皮膚潰瘍	
T230			手指熱傷	
L985			手指粘液のう腫	
S636			手指捻挫	
L024			手指膿瘍	
S610			手指剥皮創	
L905			手指瘢痕拘縮	
S608			手指皮下異物	
S600			手指皮下血腫	
L984			手指皮膚潰瘍	
S610			手指皮膚欠損創	
D236			手指皮膚良性腫瘍	
S609			手指表在損傷	
L030			手指ひょう疽	
S681			手指不全切断	
M200			手指変形	
M1994			手指変形性関節症	
S699			手指巻込損傷	
C446			手指メルケル細胞癌	
M8794			手舟状骨壊死	
S6201			手舟状骨開放骨折	
S6201			手舟状骨開放性脱臼骨折	
M8414			手舟状骨偽関節	
S6200			手舟状骨骨折	
S6200			手舟状骨脱臼骨折	
S6200			手舟状骨不顕性骨折	
Q828			手掌角皮症	
C446			手掌基底細胞癌	
M7954			手掌筋肉内異物残留	
M7204			手掌筋膜拘縮	
D180			手掌血管腫	
S659			手掌血管損傷	
L538			手掌紅斑	
O651			侏小骨盤による分娩停止	
S618			手掌挫創	
S618			手掌刺創	
R223			手掌腫脹	
R223			手掌腫瘤	
S618			手掌切創	
R610			手掌多汗症	
T231			手掌第１度熱傷	
T232			手掌第２度熱傷	
T233			手掌第３度熱傷	
T754			手掌電撃傷	
S659			手掌動脈損傷	
T230			手掌熱傷	
L024			手掌膿瘍	
B352			手掌白癬	
S618			手掌剥皮創	
S608			手掌皮下異物	
C446			手掌皮膚癌	
S618			手掌皮膚欠損創	
D236			手掌皮膚良性腫瘍	
C436			手掌部悪性黒色腫	
S698			手掌部外傷	
M674			手掌部ガングリオン	
D481			手掌部軟部腫瘍	
R223			手掌部皮下腫瘤	
D046			手掌ボーエン病	
Q828			手掌紋異常	
C446			手掌有棘細胞癌	
C446			手指隆起性皮膚線維肉腫	
T818			手術創肉芽腫	
T814			手術創部膿瘍	
T813			手術創離開	
R58			出血	
D699			出血傾向	
K290			出血性胃炎	
K254			出血性胃潰瘍	
K256			出血性胃潰瘍穿孔	
N831			出血性黄体のう胞	
H168			出血性角膜炎	
H603			出血性外耳炎	
K649			出血性外痔核	
K092			出血性顎骨のう胞	
J041			出血性気管炎	
H208			出血性虹彩炎	
K121			出血性口内炎	
R571			出血性ショック	
K649			出血性痔核	
K264			出血性十二指腸潰瘍	
K266			出血性十二指腸潰瘍穿孔	
L508			出血性じんま疹	
A099			出血性大腸炎	
H669			出血性中耳炎	
A099			出血性腸炎	
K649			出血性内痔核	
I638			出血性脳梗塞	
J339			出血性鼻茸	
D500			出血性貧血	
K284			出血性吻合部潰瘍	
N309			出血性膀胱炎	
H350			出血性網膜炎	
H357			出血性網膜色素上皮剥離	
N830			出血性卵胞のう胞	
H405			出血性緑内障	
P581			出血による新生児黄疸	
O441			出血を伴う前置胎盤	
O441			出血を伴う低置胎盤	
P159			出産時児損傷	
K004			出生前エナメル質形成不全	
C848			種痘様水疱症様リンパ腫	
F420			主として強迫思考または反復思考	
D180			手背血管腫	
R223			手背腫脹	
R223			手背腫瘤	
I808			手背静脈炎	
S698			手背損傷	
T231			手背第１度熱傷	
T232			手背第２度熱傷	
T233			手背第３度熱傷	
R202			手背知覚異常	
T354			手背凍傷	
T230			手背熱傷	
L024			手背膿瘍	
C446			手背皮膚癌	
S618			手背皮膚欠損創	
D236			手背皮膚良性腫瘍	
C436			手背部悪性黒色腫	
M674			手背部ガングリオン	
C446			手背部基底細胞癌	
S608			手背部擦過創	
S618			手背部挫創	
S678			手背部挫滅創	
S618			手背部切創	
S602			手背部打撲傷	
M7964			手背部痛	
D046			手背ボーエン病	
C446			手背有棘細胞癌	
L259			主婦湿疹	
C436			手部悪性黒色腫	
C491			手部悪性線維性組織球腫	
C491			手部悪性軟部腫瘍	
C491			手部横紋筋肉腫	
S619			手部汚染創	
C491			手部滑膜肉腫	
C446			手部基底細胞癌	
D180			手部血管腫	
M6594			手部腱鞘炎	
S602			手部挫傷	
S650			手部尺骨動脈損傷	
D236			手部石灰化上皮腫	
Q825			手部単純性血管腫	
C491			手部淡明細胞肉腫	
S602			手部打撲傷	
M7964			手部痛	
S651			手部橈骨動脈損傷	
L984			手部難治性皮膚潰瘍	
L984			手部皮膚潰瘍	
C446			手部皮膚癌	
S609			手部表在損傷	
D046			手部ボーエン病	
C446			手部メルケル細胞癌	
C446			手部有棘細胞癌	
C446			手部隆起性皮膚線維肉腫	
D211			手部良性軟部腫瘍	
C491			手部類上皮肉腫	
M514			シュモール結節	
L731			須毛偽毛包のう炎	
L738			須毛毛瘡	
D489			腫瘍	
C809			腫瘍随伴症候群	
L108			腫瘍随伴性天疱瘡	
C795			腫瘍性胸椎病的骨折	
C795			腫瘍性手指病的骨折	
C795			腫瘍性上腕骨病的骨折	
D377			腫瘍性膵のう胞	
C795			腫瘍性脊椎病的骨折	
C795			腫瘍性仙骨病的骨折	
C795			腫瘍性第１・２胸椎病的骨折	
C795			腫瘍性第２腰椎病的骨折	
C795			腫瘍性第３腰椎病的骨折	
C795			腫瘍性第４腰椎病的骨折	
C795			腫瘍性第５腰椎病的骨折	
C795			腫瘍性大腿骨病的骨折	
C795			腫瘍性恥骨病的骨折	
M8389			腫瘍性低リン血症性骨軟化症	
C795			腫瘍性病的骨折	
C795			腫瘍性腰椎病的骨折	
C795			腫瘍性肋骨病的骨折	
Q258			主要大動脈肺動脈側副血行路	
E888			腫瘍崩壊症候群	
R229			腫瘤	
D868			腫瘤型筋サルコイドーシス	
K658			シュロッフェル腫瘤	
D70			シュワックマン症候群	
G711			シュワルツ・ヤンペル症候群	
H101			春季カタル	
Q402			小胃症	
Q556			小陰茎	
Q527			小陰口奇形	
C511			小陰唇癌	
N764			小陰唇膿瘍	
O700			小陰唇裂傷	
M6599			漿液性滑膜炎	
H200			漿液性虹彩炎	
I308			漿液性心膜炎	
H921			漿液性耳漏	
H358			漿液性網膜炎	
H357			漿液性網膜色素上皮剥離	
H332			漿液性網膜剥離	
B810			消化管アニサキス症	
C269			消化管カルチノイド	
B378			消化管カンジダ症	
K928			消化管狭窄	
S369			消化管血腫	
S3691			消化管血腫・腹腔に達する開放創合併あり	
S3690			消化管血腫・腹腔に達する開放創合併なし	
K922			消化管出血	
K639			消化管障害	
Q458			消化管重複症	
K919			消化管術後後遺症	
T189			消化管内異物	
D379			消化管ホルモン産生腫瘍	
K928			消化管ポリープ	
D139			消化管ポリポーシス	
K070			小下顎症	
D379			消化器腫瘍	
D019			消化器の上皮内癌	
Q134			小角膜	
K20			消化性食道炎	
K221			消化性食道潰瘍	
I668			小窩性卒中	
C753			松果体悪性腫瘍	
C753			松果体芽腫	
E348			松果体機能低下	
D445			松果体細胞腫	
D445			松果体腫瘍	
E348			松果体のう胞	
C753			松果体胚細胞腫瘍	
C753			松果体部膠芽腫	
C753			松果体未分化胚細胞腫	
D354			松果体良性腫瘍	
R101			消化不良症	
R101			消化不良性下痢	
M084			少関節型若年性関節炎	
M0841			少関節型若年性関節炎・肩関節	
M0845			少関節型若年性関節炎・股関節	
M0844			少関節型若年性関節炎・指関節	
M0847			少関節型若年性関節炎・趾関節	
M0846			少関節型若年性関節炎・膝関節	
M0843			少関節型若年性関節炎・手関節	
M0847			少関節型若年性関節炎・足関節	
M0840			少関節型若年性関節炎・多関節	
M0842			少関節型若年性関節炎・肘関節	
K070			小顎症	
Q112			小眼球	
K002			小臼歯化	
D508			小球性低色素性貧血	
D508			小球性貧血	
L413			小局面状類乾癬	
T888			床形態歯周治療用装置脱離	
T888			床形態歯周治療用装置破損	
T888			床形態歯周治療用装置不適合	
K746			小結節性肝硬変	
Q438			小結腸	
Q185			小口症	
G724			症候性炎症性ミオパチー	
M4154			症候性胸椎側弯症	
M4155			症候性胸腰椎側弯症	
D531			症候性巨赤芽球性貧血	
G711			症候性筋強直症	
R568			症候性痙攣発作	
K743			症候性原発性胆汁性肝硬変	
K743			症候性原発性胆汁性胆管炎	
G500			症候性三叉神経痛	
D690			症候性紫斑病	
F069			症候性精神障害	
L299			症候性そう痒症	
M4159			症候性側弯症	
M8735			症候性大腿骨頭壊死	
L659			症候性脱毛症	
G408			症候性てんかん	
G242			症候性捻転ジストニア	
E668			症候性肥満	
D648			症候性貧血	
M4156			症候性腰椎側弯症	
H042			症候性流涙症	
G528			小後頭神経炎	
A38			猩紅熱	
A38			猩紅熱性心筋炎	
A38			猩紅熱性中耳炎	
C403			踵骨悪性腫瘍	
M8697			踵骨炎	
S9201			踵骨開放骨折	
M7747			踵骨滑液包炎	
S9200			踵骨関節内骨折	
D163			踵骨外骨腫	
M7737			踵骨棘	
S9200			踵骨骨折	
T932			踵骨骨折後遺症	
M928			踵骨骨端炎	
M8987			踵骨骨端部痛	
M8697			踵骨骨髄炎	
C403			踵骨骨肉腫	
D480			踵骨腫瘍	
M926			踵骨若年性骨軟骨症	
M8987			踵骨痛	
M8567			踵骨のう腫	
M8437			踵骨疲労骨折	
S9200			踵骨不顕性骨折	
S913			踵骨部挫滅創	
D163			踵骨良性腫瘍	
F190			詳細不明精神作用物質使用による急性精神・行動障害	
C349			小細胞肺癌	
S636			小指ＤＩＰ関節尺側側副靱帯損傷	
S636			小指ＤＩＰ関節側副靱帯損傷	
S636			小指ＤＩＰ関節橈側側副靱帯損傷	
S636			小指ＤＩＰ関節捻挫	
S636			小指ＭＰ関節尺側側副靱帯損傷	
S636			小指ＭＰ関節側副靱帯損傷	
S636			小指ＭＰ関節橈側側副靱帯損傷	
S636			小指ＰＩＰ関節尺側側副靱帯損傷	
S636			小指ＰＩＰ関節側副靱帯損傷	
S634			小指ＰＩＰ関節側副靱帯断裂	
S636			小指ＰＩＰ関節橈側側副靱帯損傷	
S636			小指ＰＩＰ関節捻挫	
C436			小指悪性黒色腫	
S6261			小指開放骨折	
M6504			小指化膿性腱鞘炎	
S636			小指関節捻挫	
S6261			小指基節骨開放骨折	
S6260			小指基節骨骨折	
S6260			小指基節骨骨端線損傷	
C446			小指基底細胞癌	
M2454			小指屈曲拘縮	
M6594			小指屈筋腱腱鞘炎	
S561			小指屈筋腱断裂	
M678			小指屈筋腱癒着	
D180			小指血管腫	
M6594			小指腱鞘炎	
D211			小指腱鞘巨細胞腫	
M200			小指腱性マレット指	
S610			小指咬創	
S6260			小指骨折	
M200			小指骨性マレット指	
S600			小指挫傷	
S610			小指挫創	
S6261			小指指節骨開放骨折	
S6260			小指指節骨骨折	
H531			小視症	
S564			小指伸筋腱損傷	
S564			小指伸筋腱断裂	
M678			小指伸筋腱癒着	
S610			小指切創	
S681			小指切断	
S601			小指爪下血腫	
S636			小指側副靱帯損傷	
S634			小指側副靱帯断裂	
S055			硝子体異物	
H447			硝子体異物残留	
H438			硝子体炎	
H438			硝子体黄斑牽引症候群	
H356			硝子体下出血	
H433			硝子体混濁	
H431			硝子体出血	
Z988			硝子体切除術後	
S058			硝子体切断	
H430			硝子体脱出	
Q140			硝子体動脈遺残	
H432			硝子体内結晶沈着	
H440			硝子体膿瘍	
Q140			硝子体の先天奇形	
H438			硝子体剥離	
S052			硝子体ヘルニア	
H438			硝子体変性	
H355			硝子体網膜性ジストロフィー	
H353			硝子体網膜接面黄斑症	
H438			硝子体融解	
S6231			小指中手骨遠位端開放骨折	
S6230			小指中手骨遠位端骨折	
S6261			小指中節骨開放骨折	
S6260			小指中節骨骨折	
S6260			小指中節骨骨端線損傷	
M7964			小指痛	
L024			小指膿瘍	
S610			小指剥皮創	
M6534			小指ばね指	
C446			小指皮膚癌	
S610			小指皮膚欠損創	
D046			小指ボーエン病	
D226			小指母斑細胞母斑	
S6261			小指末節骨開放骨折	
S6260			小指末節骨亀裂骨折	
S6260			小指末節骨骨折	
S6260			小指末節骨骨端線損傷	
M200			小指マレット指	
E893			照射後下垂体機能低下症	
Q740			小手症	
C446			小指有棘細胞癌	
X76			焼身自殺	
T290			焼身自殺未遂	
Q172			小耳症	
K070			小上顎症	
F09			症状精神病	
Q605			小腎症	
B001			小水疱性皮膚炎	
A791			小水疱性リケッチア症	
L570			掌蹠角化腫	
L851			掌蹠角化症	
R610			掌蹠多汗症	
L403			掌蹠膿疱症	
L403			掌蹠膿疱症性骨関節炎	
Q383			小舌症	
Q668			踵足	
S633			掌側尺骨手根靱帯断裂	
S633			掌側手根間靱帯断裂	
S634			掌側靱帯断裂	
K112			小唾液腺炎	
C069			小唾液腺癌	
C859			小腸悪性リンパ腫	
Z948			小腸移植後	
K566			小腸イレウス	
K550			小腸壊死	
K529			小腸炎	
K633			小腸潰瘍	
C179			小腸カルチノイド	
D372			小腸間葉系腫瘍	
Q431			小腸型ヒルシュスプルング病	
C179			小腸癌	
K566			小腸狭窄	
K500			小腸クローン病	
K571			小腸憩室炎	
K571			小腸憩室症	
K570			小腸憩室穿孔	
A183			小腸結核	
K558			小腸血管形成異常	
K562			小腸絞扼	
D175			小腸脂肪腫	
C179			小腸脂肪肉腫	
K922			小腸出血	
D372			小腸腫瘍	
C179			小腸消化管間質腫瘍	
C179			小腸神経内分泌細胞癌	
C179			小腸神経内分泌腫瘍	
K562			小腸軸捻転症	
K561			小腸重積症	
D014			小腸上皮内癌	
D518			小腸切除によるビタミンＢ１２欠乏性貧血	
K631			小腸穿孔	
D133			小腸腺腫症	
S364			小腸損傷	
S3641			小腸損傷・腹腔に達する開放創合併あり	
S3640			小腸損傷・腹腔に達する開放創合併なし	
K508			小腸大腸クローン病	
N822			小腸腟瘻	
T183			小腸内異物	
K633			小腸びらん	
C179			小腸平滑筋肉腫	
Q419b			小腸閉鎖	
K638			小腸ポリープ	
K560			小腸麻痺	
K632			小腸瘻	
G401			焦点性知覚性発作	
G401			焦点性てんかん	
Q02			小頭症	
R458			衝動	
F603a			衝動型パーソナリティ障害	
R58			小動脈出血	
C845			小児ＥＢＶ陽性Ｔ細胞リンパ増殖性疾患	
L208			小児アトピー性湿疹	
L208			小児アトピー性皮膚炎	
D70			小児遺伝性無顆粒球症	
K759			小児肝炎	
L208			小児乾燥型湿疹	
N768			小児外陰腟炎	
G710			小児型筋ジストロフィー	
E740			小児型ポンペ病	
G403			小児期アブサンスてんかん	
F845			小児期型統合失調症	
F919			小児期素行障害	
F942			小児期脱抑制性愛着障害	
F941			小児期反応性愛着障害	
L444			小児丘疹性先端皮膚炎	
C910			小児急性リンパ性白血病	
C349			小児胸膜肺芽腫	
T749			小児虐待	
R568			小児痙攣性疾患	
G819			小児交互性片麻痺	
F909			小児行動異常	
D467			小児骨髄異形成症候群	
L704			小児ざ瘡	
F845			小児シゾイド障害	
L208			小児湿疹	
D539			小児食事性貧血	
F488			小児神経症	
F459			小児心身症	
F840			小児自閉症	
F654			小児性愛	
F840			小児精神病	
J382			小児声帯結節	
H260			小児性白内障	
M8989			小児性皮質性骨増殖症	
C830			小児節性辺縁帯リンパ腫	
R104			小児仙痛	
C845			小児全身性ＥＢＶ陽性Ｔ細胞リンパ増殖性疾患	
J450			小児喘息	
J450			小児喘息性気管支炎	
M2492			小児肘内障	
E161			小児特発性低血糖症	
N049			小児ネフローゼ症候群	
F432			小児のホスピタリズム	
J189			小児肺炎	
L401			小児汎発性膿疱性乾癬	
Q740			小児ばね指	
E669			小児肥満	
D467			小児不応性血球減少症	
J329			小児副鼻腔炎	
E881			小児腹壁遠心性脂肪萎縮症	
G802			小児片麻痺	
T888			小児保隙装置脱離	
T888			小児保隙装置破損	
T888			小児保隙装置不適合	
B91			小児麻痺後遺症	
I675			小児もやもや病	
R32			小児夜尿症	
E300			小児様子宮	
C827			小児濾胞性リンパ腫	
F919			少年非行	
G319			小脳萎縮	
D320			小脳円蓋部髄膜腫	
Q043			小脳回症	
Q283			小脳海綿状血管腫	
G939			小脳機能障害	
G527			小脳橋角症候群	
C700			小脳橋角部悪性髄膜腫	
Q283			小脳橋角部海綿状血管腫	
D431			小脳橋角部腫瘍	
D320			小脳橋角部髄膜腫	
G930			小脳橋角部類表皮のう胞	
Q043			小脳形成不全	
D431			小脳血管芽腫	
Q283			小脳血管腫	
H814			小脳血管性めまい	
Q043			小脳欠損	
C716			小脳膠芽腫	
I635			小脳梗塞	
I693			小脳梗塞後遺症	
S063			小脳挫傷	
S0631			小脳挫傷・頭蓋内に達する開放創合併あり	
S0630			小脳挫傷・頭蓋内に達する開放創合併なし	
G939			小脳疾患	
I614			小脳出血	
D431			小脳腫瘍	
C716			小脳神経膠腫	
C716			小脳上衣腫	
Q283			小脳静脈性血管腫	
G119			小脳性運動失調症	
R471			小脳性構音障害	
C716			小脳星細胞腫	
R260			小脳性歩行失調	
I663			小脳卒中症候群	
D431			小脳虫部腫瘍	
C700			小脳テント血管周皮腫	
D320			小脳テント髄膜腫	
I663			小脳動脈狭窄	
I663			小脳動脈血栓症	
I663			小脳動脈塞栓症	
I663			小脳動脈閉塞	
D331			小脳のう腫	
G060			小脳脳膿瘍	
G319			小脳変性症	
L089			小膿疱性皮膚炎	
C716			小脳乏突起神経膠腫	
C716			小脳毛様細胞性星細胞腫	
S934			踵腓靱帯損傷	
S932			踵腓靱帯断裂	
S934			踵腓靱帯捻挫	
D65			消費性凝固障害	
R103			小腹急結	
R198			小腹拘急	
R198			小腹硬満	
S854			小伏在静脈損傷	
R198			小腹不仁	
C437			踵部悪性黒色腫	
C447			踵部基底細胞癌	
T251			踵部第１度熱傷	
T252			踵部第２度熱傷	
T253			踵部第３度熱傷	
G255			小舞踏病	
L97			踵部難治性皮膚潰瘍	
L97			踵部皮膚潰瘍	
C447			踵部皮膚癌	
D047			踵部ボーエン病	
C447			踵部有棘細胞癌	
R34			小便不利	
G411			小発作持続状態	
D252			漿膜下子宮平滑筋腫	
Q103			睫毛欠損	
E42			消耗症性クワシオルコル	
H010			睫毛性眼瞼炎	
H027			睫毛脱毛	
H020			睫毛内反症	
H027			睫毛白毛	
H020			睫毛乱生症	
J439			小葉間肺気腫	
Q175			聳立耳	
S6211			小菱形骨開放骨折	
S6210			小菱形骨骨折	
C830			小リンパ球性リンパ腫	
K519			初回発作型潰瘍性大腸炎	
A167			初感染結核	
T678			暑気あたり	
T888			初期う蝕小窩裂溝填塞材脱離	
T888			初期う蝕小窩裂溝填塞材破損	
T888			初期う蝕小窩裂溝填塞材不適合	
A510			初期硬結	
A710			初期トラコーマ	
H269			初期白内障	
A660			初期フランベジア潰瘍	
E871			食塩欠乏性脱水症	
F488			職業神経症	
F488			職業性痙攣	
K032			職業性歯酸蝕症	
K031			職業性歯磨耗症	
H919			職業性聴力損失	
H919			職業性難聴	
L259			職業性皮膚炎	
J450			職業喘息	
R11			食後悪心	
E60			食事性亜鉛欠乏症	
K522			食事性胃腸炎	
K522			食事性下痢	
E784			食事性高脂血症	
E59			食事性セレン欠乏症	
N391			食事性蛋白尿	
R81			食事性糖尿	
D539			食事性貧血	
K590			食事性便秘	
D520			食事性葉酸欠乏性貧血	
K032			食事による歯酸蝕症	
T629			食中毒	
K220			食道アカラシア	
C159			食道悪性間葉系腫瘍	
C159			食道悪性黒色腫	
K222			食道圧迫症	
I859			食道胃静脈瘤	
C158			食道胃接合部癌	
T181			食道異物	
R198			食道異物感	
K20			食道炎	
C159			食道横紋筋肉腫	
K221			食道潰瘍	
K228			食道拡張症	
D130			食道顆粒細胞腫	
C159			食道カルチノイド	
B378			食道カンジダ症	
D377			食道間葉系腫瘍	
C159			食道癌	
C795			食道癌骨転移	
C159			食道癌肉腫	
J980			食道気管支瘻	
J980			食道気管瘻	
C159			食道基底細胞癌	
K222			食道狭窄	
C159			食道偽肉腫	
Q396			食道憩室	
Q398			食道形成不全	
K224			食道痙攣	
A188			食道結核	
D180			食道血管腫	
Q398			食道欠損	
K228			食道弛緩症	
D174			食道脂肪腫	
C159			食道脂肪肉腫	
K228			食道出血	
D377			食道腫瘍	
K228			食道腫瘤	
C159			食道消化管間質腫瘍	
K229			食道障害	
C159			食道小細胞癌	
B488			食道真菌症	
F453			食道神経症	
S244			食道神経叢損傷	
C159			食道神経内分泌細胞癌	
C159			食道神経内分泌腫瘍	
Q398			食道重複	
D001			食道上皮内癌	
I808			食道静脈炎	
I859			食道静脈瘤	
I850			食道静脈瘤出血	
I850			食道静脈瘤破裂	
D130			食道線維腫	
C159			食道腺癌	
K223			食道穿孔	
Q399			食道先天奇形	
C159			食道腺様のう胞癌	
S278			食道損傷	
S2781			食道損傷・胸腔に達する開放創合併あり	
S2780			食道損傷・胸腔に達する開放創合併なし	
K228			食道通過障害	
K228			食道軟化症	
D130			食道乳頭腫	
T281			食道熱傷	
C159			食道粘表皮癌	
D377			食道粘膜下腫瘍	
K228			食道粘膜下腫瘤	
Q396			食道のう	
K228			食道のう胞	
K20			食道膿瘍	
K222			食道瘢痕	
Q394			食道ひだ	
C159			食道表在癌	
K221			食道びらん	
T286			食道腐蝕	
D130			食道平滑筋腫	
C159			食道平滑筋肉腫	
Q390			食道閉鎖	
K222			食道閉塞症	
Q396			食道ヘルニア	
K228			食道ポリープ	
C159			食道未分化癌	
K222			食道良性狭窄	
D130			食道良性腫瘍	
D181			食道リンパ管腫	
K449			食道裂孔ヘルニア	
K228			食道瘻	
T622			植物アルカロイド中毒	
L237			植物アレルギー性接触皮膚炎	
T182			植物胃石	
L247			植物刺激性接触皮膚炎	
R402			植物状態	
K062			食片圧入	
T781			食物アレルギー	
T780			食物依存性運動誘発アナフィラキシー	
J690			食物嚥下性肺炎	
L246			食物刺激性接触皮膚炎	
L272			食物性皮膚炎	
K522			食物蛋白誘発胃腸炎	
T780			食物によるアナフィラキシーショック	
R630			食欲不振	
F488			書痙	
F811			書字障害	
N896			処女膜狭窄症	
N896			処女膜強靱	
S399			処女膜損傷	
Q524			処女膜肥大	
Q523			処女膜閉鎖	
S314			処女膜裂傷	
M969			処置後筋骨格障害	
T817			処置後血管合併症	
N994			処置後骨盤腹膜癒着	
N990			処置後腎不全	
J955			処置後声門下狭窄	
R201			触覚鈍麻	
R579			ショック	
K768			ショック肝	
N170			ショック腎	
J80			ショック肺	
E743			ショ糖イソ麦芽糖分解酵素欠損症	
H269			初発白内障	
I200			初発労作型狭心症	
M1317			ショパール関節炎	
S936			ショパール関節捻挫	
Z894			ショパール関節離断術後	
F03			初老期精神病	
F070			初老期性パーソナリティ障害	
F03			初老期認知症	
F03			初老期妄想状態	
H260			初老性白内障	
B852			しらみ症	
A680			しらみ媒介性回帰熱	
Z968			シリコーンオイル注入眼	
C447			趾隆起性皮膚線維肉腫	
H549			視力障害	
H542			視力低下	
G370			シルダー病	
G930			シルビウス裂くも膜のう胞	
D320			シルビウス裂髄膜腫	
K073			歯列異常	
K072			歯列弓正中偏位	
L82			脂漏性角化症	
L400			脂漏性乾癬	
H010			脂漏性眼瞼炎	
L211			脂漏性乳児皮膚炎	
L219			脂漏性皮膚炎	
H477			視路疾患	
H475			視路障害	
Z480			シロッカー抜去	
E854			心アミロイドーシス	
Z527			心移植ドナー	
F453			心因性あくび	
F453			心因性胃アトニー	
F453			心因性胃液分泌過多症	
F54			心因性胃潰瘍	
F453			心因性胃痙攣	
F458			心因性嚥下困難	
F453			心因性過換気	
F504			心因性過食	
F458			心因性嗅覚障害	
F458			心因性月経困難症	
F453			心因性下痢	
F453			心因性高血圧症	
F59			心因性行動異常	
F453			心因性呼吸困難発作	
F453			心因性鼓腸	
F442			心因性昏迷	
F448			心因性錯乱	
H531			心因性視覚障害	
F488			心因性失神	
F444			心因性失声	
F453			心因性しゃっくり	
F458			心因性視野障害	
F453			心因性消化不良症	
F458			心因性視力障害	
F453			心因性心悸亢進	
F453			心因性心血管障害	
F444			心因性振戦	
F54			心因性じんま疹	
F454			心因性頭痛	
F526			心因性性交疼痛症	
F59			心因性生理的機能低下	
F453			心因性咳	
F454			心因性舌痛症	
J451			心因性喘息	
F458			心因性そう痒症	
F453			心因性多飲症	
F525			心因性腟痙	
F454			心因性疼痛	
F446			心因性難聴	
F453			心因性脳血栓反応	
F453			心因性排尿障害	
F454			心因性背部痛	
F453			心因性発熱	
F99			心因性反応	
F54			心因性皮膚炎	
F453			心因性頻尿	
F453			心因性頻脈	
F454			心因性腹痛	
F453			心因性不整脈	
F453			心因性便秘	
N911			心因性無月経	
F458			心因性めまい	
F233			心因性妄想精神病	
F448			心因性もうろう状態	
F453			心因性幽門痙攣	
F54			心因性リウマチ	
F99			心因反応	
F239			心因反応精神遅滞	
F445			心因発作	
I518			心炎	
R943			心音図異常	
R002			心下悸	
R198			心下急	
I517			心拡大	
R198			心下痞	
R198			心下痞堅	
R198			心下痞硬	
R198			心窩部振水音	
R101			心窩部痛	
R198			心窩部不快	
I319			心外膜炎	
Q379			唇顎口蓋裂	
Q379			唇顎裂	
F452			心気症	
F452			心気障害	
F328			心気性うつ病	
G448			新規発症持続性連日性頭痛	
F220			心気妄想	
I514			心筋炎	
P002			真菌感染母体より出生した児	
I255			心筋虚血	
B470			真菌菌腫	
A188			心筋結核	
B49			真菌血症	
M6629			伸筋腱の特発性断裂	
I219			心筋梗塞	
I241			心筋梗塞後症候群	
I515			心筋疾患	
D487			心筋腫瘍	
I429			心筋症	
B49			真菌症	
B49			真菌症性関節炎	
B49			真菌症性筋炎	
I319			心筋心膜炎	
B49			真菌性角膜潰瘍	
B373			真菌性外陰腟炎	
B49			真菌性眼内炎	
K221			真菌性食道潰瘍	
B49			真菌性髄膜炎	
B470			真菌性足菌腫	
B373			真菌性腟炎	
I514			心筋線維症	
I424			心筋緻密化障害	
I509			心筋不全	
I515			心筋変性症	
F453			神経因性排尿障害	
N319			神経因性膀胱	
H162			神経栄養性角結膜炎	
M7929			神経炎	
R450			神経過敏	
Q079			神経管奇形	
C749			神経芽腫	
E000			神経型先天性ヨード欠乏症候群	
A179			神経系結核	
G98			神経系疾患	
R02			神経原性壊疽	
C719			神経膠腫	
M5419			神経根炎	
T918			神経根損傷後遺症	
T144			神経根ひきぬき損傷	
D369			神経細胞腫	
D489			神経細胞腫瘍	
D868			神経サルコイドーシス	
R941			神経刺激反応異常	
R450			神経質	
D361			神経腫	
F489			神経症	
G98			神経障害性脊椎障害	
G98			神経障害性疼痛	
D361			神経鞘腫	
L981			神経症性掻破	
F928			神経症性非行	
F341			神経症性抑うつ状態	
F453			神経循環疲労症	
F480			神経衰弱	
F54			神経性胃炎	
F453			神経性胃腸炎	
F505			神経性嘔吐症	
F446			神経性眼精疲労	
F458			神経性眼病	
R450			神経性緊張	
F458			神経性口腔異常	
F453			神経性食道通過障害	
F508			神経性食欲異常	
F500			神経性食欲不振症	
N911			神経性食欲不振症無月経	
F453			神経性心悸亢進	
F454			神経性耳痛	
F458			神経性耳鳴	
R53			神経性弱質	
F502			神経性大食症	
F458			神経性多汗症	
H905			神経性難聴	
G834			神経性膀胱機能障害	
C729			神経節芽細胞腫	
D489			神経節膠腫	
D361			神経節細胞腫	
T144			神経切断	
E754			神経セロイドリポフスチン症	
D361			神経線維腫	
Q850			神経線維腫症	
Q850			神経線維腫症１型	
Q850			神経線維腫症２型	
C479			神経線維肉腫	
T144			神経叢損傷	
T144			神経叢不全損傷	
T144			神経損傷	
T941			神経損傷後遺症	
T144			神経断裂	
G908			神経調節性失神	
M7929			神経痛	
G545			神経痛性筋萎縮症	
K049			神経痛性歯痛	
R51			神経痛性頭痛	
C809			神経内分泌細胞癌	
C800			神経内分泌細胞癌・原発部位不明	
C809			神経内分泌腫瘍	
C800			神経内分泌腫瘍・原発部位不明	
G968			神経発育遅延	
A523			神経梅毒	
A521			神経梅毒髄膜炎	
L814			神経皮膚黒色症	
Q859			神経皮膚症候群	
G238			神経フェリチン症	
J390			深頚部膿瘍	
M352			神経ベーチェット病	
Q858			神経母斑症	
E786			神経有棘赤血球症	
T435			神経抑制薬中毒	
A672			心血管性ピンタ	
A520			心血管梅毒	
I634			心原性小脳梗塞	
R570			心原性ショック	
I634			心原性脳塞栓症	
I501			心原性肺水腫	
A521			進行性運動性運動失調症	
G231			進行性核上性麻痺	
H160			進行性角膜潰瘍	
K710			進行性家族性肝内胆汁うっ滞症	
K710			進行性家族性肝内胆汁うっ滞症１型	
K710			進行性家族性肝内胆汁うっ滞症２型	
K710			進行性家族性肝内胆汁うっ滞症３型	
G122			進行性球麻痺	
H521			進行性近視	
G710			進行性筋ジストロフィー	
I673			進行性血管性白質脳症	
Q783			進行性骨幹異形成症	
M6119			進行性骨化性筋炎	
M6119			進行性骨化性線維異形成症	
L817			進行性色素性皮膚病	
L259			進行性指掌角皮症	
C61			進行性前立腺癌	
A812			進行性多巣性白質脳症	
H905			進行性難聴	
I64			進行性脳卒中	
D71			進行性敗血症性肉芽腫症	
G319			進行性白質脳症	
G403			進行性ミオクローヌスてんかん	
Q821			進行性レンズ核性黒色症	
C509			進行乳癌	
A521			進行麻痺	
O039			進行流産	
C006			唇交連癌	
R092			心呼吸不全	
R402			深昏睡	
D868			心サルコイドーシス	
K004			新産線	
L932			深在性エリテマトーデス	
L742			深在性汗疹	
B487			深在性真菌症	
B358			深在性白癬	
B488			深在性皮膚真菌症	
L039			深在性フレグモーネ	
R011			心雑音	
S561			深指屈筋腱断裂	
T141			針刺創	
I519			心疾患	
I493			心室期外収縮	
Q205			心室逆位症	
I490			心室細動	
I493			心室性二段脈	
I490			心室粗動	
Q210			心室中隔欠損症	
Q213			心室中隔欠損を伴う肺動脈閉鎖症	
Q255			心室中隔欠損を伴わない肺動脈閉鎖症	
I212			心室中隔穿孔・急性心筋梗塞に合併	
I253			心室中隔瘤	
I421			心室中部閉塞性心筋症	
I513			心室内血栓症	
I213			心室内血栓症・急性心筋梗塞に合併	
I454			心室内ブロック	
I472			心室頻拍	
I253			心室瘤	
I513			心室瘤内血栓症	
A492			侵襲性インフルエンザ菌感染症	
A399			侵襲性髄膜炎菌感染症	
B440			侵襲性肺アスペルギルス症	
A491			侵襲性肺炎球菌感染症	
H353			滲出型加齢黄斑変性	
J209			滲出性気管支炎	
J90			滲出性胸水	
H213			滲出性虹彩のう胞	
L530			滲出性紅斑型中毒疹	
H213			滲出性前房のう胞	
H659			滲出性中耳炎	
R18			滲出性腹水	
K659			滲出性腹膜炎	
H350			滲出性網膜炎	
H350			滲出性網膜症	
H213			滲出性毛様体のう胞	
S653			深掌動静脈損傷	
R53			心身過労状態	
F459			心身症	
F453			心身症型自律神経失調症	
I513			心耳血栓症	
Q206			心耳相同	
H71			真珠腫	
H71			真珠腫性中耳炎	
C37			浸潤型胸腺腫	
C509			浸潤性乳管癌	
H161			浸潤性表層角膜炎	
H353			新生血管黄斑症	
L910			真性ケロイド	
A000			真性コレラ	
P551			新生児ＡＢＯ不適合溶血性疾患	
P353			新生児Ｂ型肝炎ウイルス感染症	
P360			新生児Ｂ群連鎖球菌敗血症	
P353			新生児Ｃ型肝炎ウイルス感染症	
B24			新生児ＨＩＶ感染症	
P550			新生児Ｒｈ不適合	
P921			新生児胃食道逆流	
P543			新生児胃腸出血	
P708			新生児一過性高血糖症	
P722			新生児一過性甲状腺機能低下症	
P294			新生児一過性心筋虚血	
P221			新生児一過性多呼吸	
P745			新生児一過性チロシン血症	
P704			新生児一過性低血糖症	
P702			新生児一過性糖尿病	
P221			新生児一過性頻呼吸	
P920			新生児溢乳	
P788			新生児胃破裂	
P368			新生児インフルエンザ菌敗血症	
P77			新生児壊死性腸炎	
K004			新生児エナメル質形成不全	
P362			新生児黄色ぶどう球菌敗血症	
P599			新生児黄疸	
P920			新生児嘔吐	
H353			新生児黄斑	
P219			新生児仮死	
P592			新生児肝炎	
P375			新生児カンジダ症	
P399			新生児感染症	
P390			新生児感染性乳腺炎	
P788			新生児肝内胆汁うっ滞症	
P800			新生児寒冷傷害症候群	
E725			新生児型非ケトン性高グリシン血症	
E713			新生児型副腎白質ジストロフィー	
P391			新生児眼炎	
P113			新生児顔面神経損傷	
P251			新生児気胸	
P761			新生児機能性イレウス	
D898			新生児期発症多臓器系炎症性疾患	
P249			新生児吸引症候群	
P838			新生児強皮症	
P152			新生児筋性斜頚	
P948			新生児筋無力症	
P782			新生児偽性メレナ	
P911			新生児くも膜のう胞	
P378			新生児クラミジア感染症	
P391			新生児クラミジア結膜炎	
P368			新生児クレブシエラ敗血症	
P90			新生児痙攣	
P610			新生児血小板減少症	
P391			新生児結膜炎	
P546			新生児月経様出血	
P783			新生児下痢症	
P283			新生児原発性睡眠時無呼吸	
P363			新生児コアグラーゼ陰性ぶどう球菌敗血症	
K091			新生児口蓋のう胞	
P292			新生児高血圧症	
P721			新生児甲状腺機能亢進症	
P720			新生児甲状腺腫	
P838			新生児紅斑	
P228			新生児呼吸障害	
P285			新生児呼吸不全	
P915			新生児昏睡	
P38			新生児臍炎	
P519			新生児臍出血	
P025			新生児臍帯下肢巻絡	
P026			新生児臍帯過短	
P025			新生児臍帯過捻転	
P025			新生児臍帯頚部巻絡	
P025			新生児臍帯結節	
P025			新生児臍帯巻絡	
P025			新生児臍帯上肢巻絡	
P836			新生児臍ポリープ	
P134			新生児鎖骨骨折	
L704			新生児ざ瘡	
K006			新生児歯	
K090			新生児歯肉のう胞	
P545			新生児紫斑	
P549			新生児出血性疾患	
P788			新生児消化性潰瘍	
P291			新生児心調律障害	
P290			新生児心不全	
P599			新生児重症黄疸	
P940			新生児重症筋無力症	
K102			新生児上顎骨骨髄炎	
P960			新生児腎不全	
P838			新生児じんま疹	
Q039			新生児水頭症	
P358			新生児成人Ｔ細胞白血病ウイルス感染症	
P615			新生児性白血球減少症	
P714			新生児性副甲状腺機能低下症	
P599			新生児生理的黄疸	
P559			新生児赤芽球症	
P611			新生児赤血球増加症	
P368			新生児セラチア敗血症	
P599			新生児遷延性黄疸	
P293			新生児遷延性肺高血圧症	
P391			新生児全眼炎	
R80			新生児蛋白尿症	
P364			新生児大腸菌敗血症	
P741			新生児脱水症	
P282			新生児チアノーゼ発作	
P740			新生児遅発代謝性アシドーシス	
H669			新生児中耳炎	
P831			新生児中毒性紅斑	
P769			新生児腸閉塞症	
P542			新生児直腸出血	
P743			新生児低カリウム血症	
P711			新生児低カルシウム血症	
P704			新生児低血糖	
P968			新生児低酸素血症	
P916			新生児低酸素性虚血性脳症	
P808			新生児低体温症	
P742			新生児低ナトリウム血症	
P616			新生児低プロトロンビン血症	
P712			新生児低マグネシウム血症	
P713			新生児テタニー	
P545			新生児点状出血	
L00			新生児天疱瘡	
P749			新生児電解質異常	
P130			新生児頭蓋骨骨折	
P529			新生児頭蓋内出血	
P963			新生児頭蓋縫合開大	
P963			新生児頭蓋ろう	
P120			新生児頭血腫	
P702			新生児糖尿病	
P93			新生児特異的薬物中毒	
P93			新生児特異的薬物反応	
P289			新生児特発呼吸障害	
P220			新生児特発性呼吸窮迫症候群	
P540			新生児吐血	
P710			新生児における牛乳性低カルシウム血症	
P834			新生児乳房腫脹	
P393			新生児尿路感染症	
L010			新生児膿痂疹	
P910			新生児脳虚血	
P912			新生児脳室周囲白質軟化	
P523			新生児脳室内出血	
P524			新生児脳出血	
P112			新生児脳損傷	
A543			新生児膿漏眼	
P743			新生児のカリウム平衡障害	
P949			新生児の筋緊張障害	
P510			新生児の大量臍出血	
P742			新生児のナトリウム平衡障害	
P913			新生児の脳易刺激性	
P914			新生児の脳抑制	
P924			新生児の哺乳過剰	
P929			新生児の哺乳上の問題	
P923			新生児の哺乳不足	
P361			新生児肺炎球菌敗血症	
P369			新生児敗血症	
P269			新生児肺出血	
P60			新生児播種性血管内凝固	
A33			新生児破傷風	
P819			新生児発熱	
P545			新生児斑状出血	
A502			新生児梅毒	
P838			新生児皮下脂肪壊死症	
P545			新生児皮下出血	
P834			新生児非感染性乳腺炎	
L211			新生児皮脂漏	
L309			新生児皮膚炎	
P394			新生児皮膚感染症	
P830			新生児皮膚硬化症	
P53			新生児ビタミンＫ欠乏症	
P288			新生児鼻翼呼吸	
P544			新生児副腎出血	
P781			新生児腹膜炎	
P833			新生児浮腫	
E831			新生児ヘモクロマトーシス	
P122			新生児帽状腱膜下出血	
P149			新生児末梢神経損傷	
P279			新生児慢性肺疾患	
P280			新生児無気肺	
P284			新生児無呼吸発作	
P541			新生児メレナ	
P961			新生児薬物離脱症候群	
P559			新生児溶血性黄疸	
P559			新生児溶血性貧血	
P368			新生児リステリア敗血症	
Q150			新生児緑内障	
P368			新生児緑膿菌敗血症	
P008			新生児ループス	
E41			新生児るいそう	
P391			新生児涙のう炎	
K862			真性膵のう胞	
Q560			真性性腺欠如	
D45			真性赤血球増加症	
Q560			真性半陰陽	
N47			真性包茎	
R34			真性無尿	
R251			振戦	
I513			心尖部血栓症	
I213			心尖部血栓症・急性心筋梗塞に合併	
I422			心尖部肥大型心筋症	
R251			振戦発作	
H163			深層角膜炎	
T888			唇側弧線装置脱離	
T888			唇側弧線装置破損	
T888			唇側弧線装置不適合	
K073			唇側転位歯	
C380			心臓悪性腫瘍	
C859			心臓悪性リンパ腫	
T862			心臓移植拒絶反応	
Z941			心臓移植後	
T862			心臓移植不全	
R931			心臓異常陰影	
D151			心臓横紋筋腫	
C380			心臓横紋筋肉腫	
S269			心臓外傷	
Q262			心臓型総肺静脈還流異常症	
I519			心臓合併症	
Q249			心臓奇形	
I461			心臓急死	
Q249			心臓血管奇形	
F453			心臓血管神経症	
C380			心臓血管肉腫	
S268			心臓挫傷	
S2681			心臓挫傷・胸腔に達する開放創合併あり	
S2680			心臓挫傷・胸腔に達する開放創合併なし	
D174			心臓脂肪腫	
C380			心臓脂肪肉腫	
D487			心臓腫瘍	
F453			心臓神経症	
S244			心臓神経叢損傷	
F453			心臓神経痛	
I971			心臓術後循環異常症	
I501			心臓性呼吸困難	
R55			心臓性失神	
F453			心臓性神経衰弱症	
I500			心臓性浮腫	
D151			心臓線維腫	
C380			心臓線維肉腫	
I501			心臓喘息	
S269			心臓損傷	
S2691			心臓損傷・胸腔に達する開放創合併あり	
S2690			心臓損傷・胸腔に達する開放創合併なし	
Q248			心臓転位症	
T821			心臓電子器具の機械的合併症	
D151			心臓粘液腫	
C380			心臓粘液肉腫	
D151			心臓の良性腫瘍	
I219			心臓破裂	
Z952			心臓弁置換術後	
I38			心臓弁膜症	
F450			身体化障害	
F454			身体型疼痛障害	
R481			身体失認	
R522			身体痛	
T741			身体的虐待	
R628			身体発育遅滞	
F459			身体表現性障害	
F453			身体表現性自律神経機能低下	
R629			身体標準発育不足	
I319			心タンポナーデ	
S750			深大腿動脈損傷	
R012			心濁音界拡大	
R012			心濁音界縮小	
Z027			診断書交付	
R69			診断不明疾患	
Q219			心中隔欠損症	
R931			心超音波検査異常	
R628			身長発育不全	
I469			心停止	
F431			心的外傷後ストレス障害	
M2459			伸展拘縮	
R943			心電図異常	
R943			心電図右軸偏位	
R943			心電図左軸偏位	
H55			振動眼振	
L504			振動性じんま疹	
T752			振動病	
E742			シンドラー病	
F182			シンナー嗜癖	
F182			シンナー中毒	
I513			心内血栓症	
I38			心内膜炎	
A188			心内膜結核	
D487			心内膜腫瘍	
Q212			心内膜床欠損症	
I423			心内膜心筋線維症	
I424			心内膜線維弾性症	
P95			浸軟児	
D392			侵入全胞状奇胎	
D392			侵入部分胞状奇胎	
D392			侵入胞状奇胎	
I213			心破裂・急性心筋梗塞に合併	
R452			心配	
T863			心肺移植拒絶反応	
Z943			心肺移植後	
T863			心肺移植不全	
I469			心肺停止	
R008			心拍異常	
I517			心肥大	
D229			真皮内母斑	
I509			心不全	
A180			深部カリエス	
I802			深部静脈血栓症	
S959			深部足底血管損傷	
I459			心ブロック	
Q878			シンプソン・ゴラビ・ベーメル症候群	
I491			心房期外収縮	
Z988			新膀胱形成状態	
I489			心房細動	
I498			心房静止	
I489			心房粗動	
Q211			心房中隔欠損症	
I212			心房中隔穿孔・急性心筋梗塞に合併	
I513			心房内血栓症	
I213			心房内血栓症・急性心筋梗塞に合併	
I455			心房内ブロック	
I471			心房頻拍	
I517			心房負荷	
I253			心房瘤	
I319			心膜液貯留	
I319			心膜炎	
Q248			心膜腔のう胞	
Q248			心膜憩室	
A188			心膜結核	
I312			心膜血気腫	
I312			心膜血腫	
I213			心膜血腫・急性心筋梗塞に合併	
D487			心膜腫瘍	
I319			心膜水腫	
I311			心膜石灰化	
I970			心膜切開後症候群	
C452			心膜中皮腫	
D151			心膜のう腫	
Q248			心膜のう胞	
T743			心理的虐待	
A950			森林黄熱	
A820			森林狂犬病	
Q369			唇裂	
Q369			唇裂術後	
Q870			耳・口蓋・指症候群	
K700			ジーベ症候群	
T543			次亜塩素酸ナトリウム中毒	
A071			ジアルジア症	
F988			自慰	
C432			耳介悪性黒色腫	
S078			耳介圧挫傷	
T16			耳介異物	
R02			耳介壊疽	
S013			耳介開放創	
S013			耳介割創	
S013			耳介貫通創	
S013			耳介外傷性異物	
L810			耳介外傷性色素沈着	
S004			耳介外傷性腫脹	
S004			耳介外傷性皮下異物	
C442			耳介癌	
C442			耳介基底細胞癌	
Q173			耳介形成異常	
D170			耳介血管脂肪腫	
Q160			耳介欠損	
S013			耳介咬創	
H618			耳介後部腫脹	
H618			耳介後部腫瘤	
S004			耳介擦過創	
S004			耳介挫傷	
S013			耳介挫創	
S078			耳介挫滅傷	
S078			耳介挫滅創	
S013			耳介刺創	
D170			耳介脂肪腫	
H605			耳介周囲湿疹	
R220			耳介周辺腫脹	
D487			耳介腫瘍	
D232			耳介石灰化上皮腫	
S004			耳介切創	
R220			耳介前部腫脹	
S013			耳介創傷	
S004			耳介打撲傷	
S004			耳介虫刺傷	
Q174			耳介低位	
H610			耳介軟骨膜炎	
D232			耳介のう腫	
S004			耳介皮下血腫	
S004			耳介皮下出血	
D232			耳介皮膚良性腫瘍	
D487			耳介部腫瘍	
H618			耳介部腫瘤	
T201			耳介部第１度熱傷	
T202			耳介部第２度熱傷	
T203			耳介部第３度熱傷	
H605			耳介部皮膚炎	
H601			耳介蜂巣炎	
D042			耳介ボーエン病	
D222			耳介母斑細胞母斑	
C442			耳介メルケル細胞癌	
S013			耳介裂創	
H611			耳介瘻	
A928			ジカウイルス感染症	
L302			自家感作性皮膚炎	
K649			痔核	
H931			自覚的耳鳴	
K110			耳下腺萎縮	
T188			耳下腺異物	
K112			耳下腺炎	
K112			耳下腺管炎	
C07			耳下腺癌	
D180			耳下腺血管腫	
R220			耳下腺腫脹	
D370			耳下腺腫瘍	
K118			耳下腺腫瘤	
D110			耳下腺多形腺腫	
K115			耳下腺唾石症	
K116			耳下腺のう胞	
K113			耳下腺膿瘍	
K111			耳下腺肥大	
S008			耳下腺部打撲	
D110			耳下腺良性腫瘍	
K114			耳下腺瘻	
H920			耳下部痛	
C490			耳下部肉腫	
Z948			自家末梢血幹細胞移植後	
H681			耳管圧迫	
H680			耳管炎	
H690			耳管開放症	
C301			耳管癌	
H699			耳管機能低下	
H681			耳管狭窄症	
A186			耳管結核	
Q162			耳管欠損	
H659			耳管鼓室炎	
H681			耳管閉塞症	
F661			自我異和的性の方向づけ	
L951			持久性隆起性紅斑	
T460			ジギタリス中毒	
G370			軸索周囲脳炎	
H521			軸性近視	
H46			軸性視神経炎	
S1210			軸椎横突起骨折	
S1211			軸椎開放骨折	
S1210			軸椎骨折	
M4621			軸椎骨髄炎	
M4881			軸椎歯突起後方偽腫瘍	
C412			軸椎脊索腫	
S1210			軸椎椎弓骨折	
S1210			軸椎椎体骨折	
S1210			軸椎破裂骨折	
T534			ジクロロメタン中毒	
O651			児型骨盤による分娩停止	
A186			耳結核	
H809			耳硬化症	
H612			耳垢栓塞	
A46			耳後部丹毒	
D234			耳後部皮膚良性腫瘍	
F220			自己視線恐怖	
F220			自己臭恐怖	
D692			自己赤血球感作症候群	
G718			自己貪食空胞性ミオパチー	
G934			自己免疫介在性脳炎・脳症	
D763			自己免疫関連血球貪食症候群	
K754			自己免疫性肝炎	
K746			自己免疫性肝硬変	
E063			自己免疫性甲状腺炎	
D70			自己免疫性好中球減少症	
D684			自己免疫性後天性凝固因子欠乏症	
D684			自己免疫性後天性フォンウィルブランド病	
I318			自己免疫性心膜炎	
L508			自己免疫性じんま疹	
K861			自己免疫性膵炎	
E310			自己免疫性多腺性内分泌不全症	
K830			自己免疫性胆管炎	
K908			自己免疫性腸症	
J840			自己免疫性肺胞蛋白症	
E271			自己免疫性副腎炎	
G048			自己免疫性辺縁系脳炎	
D591			自己免疫性溶血性貧血	
D763			自己免疫性リンパ増殖症候群	
X84			自殺	
R458			自殺傾向	
Z915			自殺未遂	
S636			示指ＤＩＰ関節尺側側副靱帯損傷	
S636			示指ＤＩＰ関節側副靱帯損傷	
S636			示指ＤＩＰ関節橈側側副靱帯損傷	
S600			示指ＭＰ関節挫傷	
S636			示指ＭＰ関節尺側側副靱帯損傷	
S636			示指ＭＰ関節側副靱帯損傷	
S636			示指ＭＰ関節橈側側副靱帯損傷	
S636			示指ＰＩＰ関節尺側側副靱帯損傷	
S636			示指ＰＩＰ関節側副靱帯損傷	
S634			示指ＰＩＰ関節側副靱帯断裂	
S636			示指ＰＩＰ関節橈側側副靱帯損傷	
S610			示指ＰＩＰ関節部開放創	
C436			示指悪性黒色腫	
S6261			示指開放骨折	
S610			示指割創	
M6504			示指化膿性腱鞘炎	
S610			示指化膿創	
M674			示指ガングリオン	
S6261			示指基節骨開放骨折	
S6260			示指基節骨骨折	
S6260			示指基節骨骨端線損傷	
C446			示指基底細胞癌	
M2454			示指屈曲拘縮	
M6594			示指屈筋腱腱鞘炎	
S561			示指屈筋腱損傷	
S561			示指屈筋腱断裂	
M678			示指屈筋腱癒着	
D180			示指血管腫	
M6594			示指腱鞘炎	
D211			示指腱鞘巨細胞腫	
M200			示指腱性マレット指	
S6260			示指骨折	
M200			示指骨性マレット指	
S600			示指挫傷	
S610			示指挫創	
S610			示指刺創	
S564			示指伸筋腱損傷	
S564			示指伸筋腱断裂	
M678			示指伸筋腱癒着	
S561			示指深指屈筋腱損傷	
S561			示指深指屈筋腱断裂	
S610			示指切創	
S681			示指切断	
S601			示指爪下血腫	
S636			示指側副靱帯損傷	
S634			示指側副靱帯断裂	
S6261			示指中節骨開放骨折	
S6260			示指中節骨骨折	
S6260			示指中節骨骨端線損傷	
M7964			示指痛	
S636			示指捻挫	
L024			示指膿瘍	
S610			示指剥皮創	
M6534			示指ばね指	
C446			示指皮膚癌	
S610			示指皮膚欠損創	
M200			示指変形	
D046			示指ボーエン病	
D226			示指母斑細胞母斑	
S6261			示指末節骨開放骨折	
S6260			示指末節骨亀裂骨折	
S6260			示指末節骨骨折	
S6260			示指末節骨骨端線損傷	
M200			示指マレット指	
H922			耳出血	
C446			示指有棘細胞癌	
Z915			自傷	
H743			耳小骨固着	
Q163			耳小骨の先天奇形	
H743			耳小骨部分欠損	
Q163			耳小骨融合	
H920			耳神経痛	
Q179			耳珠異常	
H938			耳茸	
Q178			耳垂裂	
G249			ジスキネジア	
G803			ジスキネジア性脳性麻痺	
G249			ジストニア	
H932			自声強調	
G918			耳性水頭症	
H813			耳性めまい	
C433			耳前部悪性黒色腫	
C443			耳前部基底細胞癌	
S013			耳前部挫創	
R220			耳前部腫瘤	
D033			耳前部上皮内黒色腫	
D233			耳前部石灰化上皮腫	
C443			耳前部皮膚癌	
D043			耳前部ボーエン病	
C443			耳前部有棘細胞癌	
H534			耳側半盲	
K032			持続性嘔吐による歯酸蝕症	
F349			持続性気分障害	
N029			持続性血尿	
R103			持続性臍仙痛	
L539			持続性色素異常性紅斑	
I472			持続性心室頻拍	
R251			持続性振戦	
F454			持続性身体表現性疼痛障害	
I481			持続性心房細動	
H921			持続性耳漏	
N391			持続性蛋白尿	
G405			持続性部分てんかん	
G432			持続性片頭痛	
G448			持続性片側頭痛	
F229			持続性妄想性障害	
R522			持続痛	
A499			持続的菌血症	
R508			持続熱	
R104			持続腹痛	
N483			持続勃起症	
H163			実質性角膜炎	
R58			実質性臓器出血	
H920			耳痛症	
O640			児頭回旋異常	
O339			児頭骨盤不均衡	
Q182			耳頭症	
F939			児童期青年期特殊感情障害	
F88			児童期発達適応障害	
F840			児童精神病	
F432			児童のホスピタリズム	
H938			耳内腫瘤	
B49			耳内真菌症	
T463			ジピリダモール中毒	
T450			ジフェンヒドラミン中毒	
A369			ジフテリア	
B948			ジフテリア後麻痺	
A368			ジフテリア性結膜炎	
A368			ジフテリア性心筋炎	
A368			ジフテリア性多発ニューロパチー	
A368			ジフテリア腹膜炎	
A46			耳部丹毒	
R448			耳閉感	
F840			自閉症	
F849			自閉症スペクトラム障害	
F848			自閉性精神発達遅滞	
F845			自閉的精神病質	
F841			自閉的特徴を伴う知的障害	
L42			ジベルばら色粃糠疹	
D222			耳母斑細胞母斑	
H931			耳鳴症	
H530			弱視	
H55			弱視眼振	
G838			ジャクソン症候群	
G401			ジャクソンてんかん	
Q433b			ジャクソン膜	
E11			若年２型糖尿病	
H184			若年環	
E751			若年型ＧＭ１ガングリオシドーシス	
E750			若年型ＧＭ２ガングリオシドーシス	
E752			若年型異染性白質ジストロフィー	
G700			若年型重症筋無力症	
G10			若年型ハンチントン病	
I10			若年高血圧症	
M922			若年者キーンベック病	
Z356			若年初妊婦	
G403			若年性アブサンスてんかん	
G122			若年性一側性上肢筋萎縮症	
M0890			若年性関節炎	
M0800			若年性関節リウマチ	
I10			若年性境界型高血圧症	
M0810			若年性強直性脊椎炎	
D219			若年性血管線維腫	
E039			若年性甲状腺機能低下症	
M4209			若年性後弯症	
D229			若年性黒色腫	
C933			若年性骨髄単球性白血病	
M8159			若年性骨粗鬆症	
M805			若年性骨粗鬆症・病的骨折あり	
M929			若年性骨軟骨症	
M8899			若年性骨パジェット病	
H350			若年性再発性網膜硝子体出血	
N938			若年性子宮機能出血	
N922			若年性子宮出血	
K054			若年性歯周炎	
G121			若年性進行性球麻痺	
A504			若年性進行麻痺	
L705			若年性女子表皮剥離性ざ瘡	
A504			若年性脊髄ろう	
M4209			若年性脊椎骨軟骨症	
M0830			若年性多発性関節炎	
M302			若年性多発性動脈炎	
L648			若年性脱毛症	
M089			若年性特発性関節炎	
M0891			若年性特発性関節炎・肩関節	
M0895			若年性特発性関節炎・股関節	
M0894			若年性特発性関節炎・指関節	
M0897			若年性特発性関節炎・趾関節	
M0896			若年性特発性関節炎・膝関節	
M0893			若年性特発性関節炎・手関節	
M0897			若年性特発性関節炎・足関節	
M0890			若年性特発性関節炎・多関節	
M0892			若年性特発性関節炎・肘関節	
M4119			若年性特発性脊柱側弯症	
N62			若年性乳房肥大	
Q615			若年性ネフロンろう	
H260			若年性白内障	
G20			若年性パーキンソン症候群	
G20			若年性パーキンソン病	
G20			若年性パーキンソン病Ｙａｈｒ３	
G20			若年性パーキンソン病Ｙａｈｒ４	
G20			若年性パーキンソン病Ｙａｈｒ５	
M330			若年性皮膚筋炎	
M330			若年性皮膚筋炎性間質性肺炎	
L122			若年性ヘルペス状皮膚炎	
D126			若年性ポリープ	
D126			若年性ポリポーシス	
I620			若年性慢性硬膜下血腫	
G403			若年性ミオクローヌスてんかん	
Z358			若年妊娠	
H903			若年発症型両側性感音難聴	
Q141			若年網膜分離症	
L812			雀卵斑	
T888			ジャケット冠過高	
T888			ジャケット冠粗造	
T888			ジャケット冠脱離	
T888			ジャケット冠低位	
T888			ジャケット冠破損	
T888			ジャケット冠不適合	
F488			ジャネー病	
M7056			ジャンパー膝	
Q772			ジューヌ症候群	
L130			ジューリング病	
F658			獣愛	
C859			縦隔悪性リンパ腫	
J985			縦隔炎	
C383			縦隔癌	
J984			縦隔気管支のう胞	
D383			縦隔奇形腫	
J982			縦隔気腫	
R091			縦隔胸膜炎	
A168			縦隔結核	
S278			縦隔血腫	
S2781			縦隔血腫・胸腔に達する開放創合併あり	
S2780			縦隔血腫・胸腔に達する開放創合併なし	
C852			縦隔原発大細胞型Ｂ細胞性リンパ腫	
E049			縦隔甲状腺腫	
D174			縦隔脂肪腫	
C383			縦隔脂肪肉腫	
D383			縦隔腫瘍	
C383			縦隔神経芽腫	
D383			縦隔神経腫瘍	
C383			縦隔絨毛癌	
C383			縦隔セミノーマ	
J985			縦隔線維症	
J985			縦隔退縮	
J853			縦隔膿瘍	
C383			縦隔胚細胞腫瘍	
Q341			縦隔皮様のう胞	
J985			縦隔ヘルニア	
R938			縦隔偏位	
C383			縦隔卵黄のう腫瘍	
R590			縦隔リンパ節腫脹	
C771			縦隔リンパ節転移	
N143			重金属誘発性腎症	
B659			住血吸虫症	
B659			住血吸虫症性門脈圧亢進症	
B653			住血吸虫性皮膚炎	
T1420			縦骨折	
C882			重鎖病	
K510			重症潰瘍性大腸炎	
B99			重症感染症	
U049			重症急性呼吸器症候群	
K859			重症急性膵炎	
I743			重症虚血肢	
G700			重症筋無力症	
M8099			重症骨粗鬆症	
D619			重症再生不良性貧血	
F791			重症心身障害	
P210			重症新生児仮死	
K754			重症自己免疫性肝炎	
E230			重症成人成長ホルモン分泌不全	
D70			重症先天性好中球減少症	
O362			重症胎児水腫のための母体管理	
L518			重症多形滲出性紅斑・急性期	
S099			重症頭部外傷	
O211			重症妊娠悪阻	
O141			重症妊娠高血圧症候群	
O141			重症妊娠高血圧腎症	
A938			重症熱性血小板減少症候群	
D819			重症複合免疫不全症	
K590			重症便秘症	
X74			銃自殺	
T149			銃自殺未遂	
C259			充実性偽乳頭状腫瘍	
D391			充実性卵巣腫瘍	
T141			銃創	
T888			充填物過高	
T888			充填物粗造	
T888			充填物脱離	
T888			充填物低位	
T888			充填物破損	
T888			充填物不適合	
E43			重度栄養失調	
H541			重度視力低下	
F439			重度ストレス反応	
F72			重度知的障害	
F720			重度知的障害・行動機能障害なしか最小限	
F729			重度知的障害・行動機能障害の言及なし	
F728			重度知的障害・その他の行動機能障害あり	
F721			重度知的障害・要治療の行動機能障害あり	
C170			十二指腸悪性ガストリノーマ	
C170			十二指腸悪性ソマトスタチノーマ	
C859			十二指腸悪性リンパ腫	
Q402			十二指腸異所性胃粘膜	
T183			十二指腸異物	
K298			十二指腸炎	
K269			十二指腸潰瘍	
K267			十二指腸潰瘍瘢痕	
C170			十二指腸カルチノイド	
D372			十二指腸ガストリノーマ	
C170			十二指腸癌	
K269			十二指腸球後部潰瘍	
K315			十二指腸球部変形	
K315			十二指腸狭窄症	
K500			十二指腸クローン病	
K571			十二指腸憩室炎	
K571			十二指腸憩室出血	
K571			十二指腸憩室症	
K570			十二指腸憩室穿孔	
A183			十二指腸結核	
D180			十二指腸血管腫	
D175			十二指腸脂肪腫	
K298			十二指腸周囲炎	
D372			十二指腸腫瘍	
K318			十二指腸腫瘤	
C170			十二指腸消化管間質腫瘍	
C170			十二指腸神経内分泌細胞癌	
D372			十二指腸神経内分泌腫瘍	
D014			十二指腸上皮内癌	
I868			十二指腸静脈瘤	
D132			十二指腸線維腫	
K265			十二指腸穿孔	
K650			十二指腸穿孔腹膜炎	
D132			十二指腸腺腫	
Q268			十二指腸前門脈	
K830			十二指腸総胆管炎	
D372			十二指腸ソマトスタチノーマ	
S364			十二指腸損傷	
S3641			十二指腸損傷・腹腔に達する開放創合併あり	
S3640			十二指腸損傷・腹腔に達する開放創合併なし	
B760			十二指腸虫症	
B760			十二指腸虫貧血	
K298			十二指腸乳頭炎	
C241			十二指腸乳頭癌	
K838			十二指腸乳頭狭窄	
C241			十二指腸乳頭部癌	
D376			十二指腸乳頭部腫瘍	
D135			十二指腸乳頭部腺腫	
D132			十二指腸粘液腫	
D372			十二指腸粘膜下腫瘍	
K318			十二指腸破裂	
K269			十二指腸びらん	
D132			十二指腸ブルンネル腺腫	
D132			十二指腸平滑筋腫	
C170			十二指腸平滑筋肉腫	
Q410b			十二指腸閉鎖	
K315			十二指腸閉塞	
K317			十二指腸ポリープ	
D132			十二指腸ポリポーシス	
Q453			十二指腸迷入膵	
D132			十二指腸良性腫瘍	
K316			十二指腸瘻	
D485			獣皮様母斑	
C809			重複癌	
T1420			重複骨折	
Q512			重複子宮	
Q511			重複子宮・重複腟	
Q625			重複腎盂尿管	
Q272			重複腎動脈	
G803			重複性アテトーシス	
Q554			重複精管	
S3271			重複性垂直骨盤開放骨折	
S3270			重複性垂直骨盤骨折	
Q238			重複僧帽弁口	
Q445			重複胆管	
Q441			重複胆のう	
Q445			重複胆のう管	
Q254			重複大動脈弓	
Q521			重複腟	
Q846			重複爪	
Q625			重複尿管	
Q647			重複尿道	
D572			重複ヘテロ接合型鎌状化障害	
Q647			重複膀胱	
Q691			重複母指	
Q402			重複幽門	
C58			絨毛癌	
O028			絨毛血管腫	
O019			絨毛性疾患	
O208			絨毛膜下血腫	
O411			絨毛膜羊膜炎	
B005			樹枝状角膜炎	
B005			樹枝状角膜潰瘍	
Q120			樹枝状白内障	
R234			樹枝状皮斑	
X71			入水自殺	
T751			入水自殺未遂	
K250			術後胃潰瘍	
K270			術後胃十二指腸潰瘍	
T815			術後異物体内遺残	
K913			術後イレウス	
K918			術後嚥下障害	
T814			術後横隔膜下膿瘍	
K910			術後悪心	
E893			術後下垂体機能低下症	
K918			術後肝炎	
K918			術後肝障害	
T814			術後感染症	
I971			術後冠動脈攣縮症	
T818			術後合併症	
H598			術後眼内炎	
T812			術後顔面神経麻痺	
K912			術後吸収不良	
M8139			術後吸収不良性骨粗鬆症	
M803			術後吸収不良性骨粗鬆症・病的骨折あり	
M8329			術後吸収不良性骨軟化症	
B179			術後急性肝炎	
K210			術後逆流性食道炎	
T817			術後空気塞栓症	
T812			術後頚髄損傷	
T810			術後血腫	
H598			術後結膜炎	
L910			術後ケロイド瘢痕	
Z900			術後口蓋欠損	
H598			術後高眼圧症	
H209			術後虹彩炎	
E890			術後甲状腺機能低下症	
K918			術後肛門狭窄	
J958			術後呼吸不全	
M8699			術後骨髄炎	
T847			術後骨弁感染	
T812			術後三叉神経痛	
K297			術後残胃胃炎	
K060			術後歯肉退縮	
T811			術後出血性ショック	
T810			術後漿液腫	
T811			術後消化管出血性ショック	
K20			術後食道炎	
K449			術後食道裂孔ヘルニア	
T811			術後ショック	
F488			術後神経症	
I489			術後心房細動	
J985			術後縦隔タンポナーデ	
J985			術後縱隔洞炎	
K260			術後十二指腸潰瘍	
I979			術後循環異常症	
N12			術後腎盂腎炎	
K858			術後膵炎	
T814			術後髄膜炎	
Z900			術後性下顎顎欠損	
K112			術後性耳下腺炎	
Z900			術後性上顎顎欠損	
J341			術後性上顎のう胞	
H669			術後性中耳炎	
G978			術後性反回神経麻痺	
H669			術後性慢性中耳炎	
M964			術後脊柱前弯症	
T818			術後穿孔	
T814			術後創部感染	
T888			術後即時顎補綴装置破損	
T888			術後即時顎補綴装置不適合	
K918			術後胆管炎	
K918			術後胆管狭窄	
K918			術後胆のう炎	
I971			術後タンポナーデ	
N992			術後腟癒着	
E232			術後中枢性尿崩症	
K918			術後腸管癒着	
E891			術後低インスリン血症	
E778			術後低蛋白血症	
G408			術後てんかん	
T888			術後疼痛	
T812			術後動眼神経麻痺	
K210			術後難治性逆流性食道炎	
C509			術後乳癌	
T812			術後乳び胸	
N991			術後尿道狭窄	
T814			術後膿瘍	
J958			術後肺炎	
J959			術後肺合併症	
T814			術後敗血症	
N998			術後排尿障害	
R509			術後発熱	
L905			術後瘢痕	
T818			術後瘢痕狭窄	
T818			術後皮下気腫	
D62			術後貧血	
T814			術後腹腔内膿瘍	
E892			術後副甲状腺機能低下症	
E896			術後副腎皮質機能低下症	
T814			術後腹壁膿瘍	
K659			術後腹膜炎	
T818			術後閉塞	
K590			術後便秘	
N319			術後膀胱機能低下	
I978			術後房室ブロック	
J958			術後無気肺	
K311			術後幽門狭窄	
T818			術後癒着	
K913			術後癒着性イレウス	
D594			術後溶血性貧血	
T889			術後腰痛	
T812			術後リンパ漏	
T818			術後瘻孔形成	
T888			術創部痛	
T818			術中異常高血圧症	
T811			術中ショック	
T818			術中心室性不整脈	
T818			術中低血圧	
T818			術中頻脈発作	
T818			術中不整脈	
F608			受動攻撃型性格障害	
O927			授乳異常	
O927			授乳困難	
N858			授乳性子宮萎縮	
N911			授乳性無月経	
Q043			ジュベール症候群	
Q048			ジュベール症候群関連疾患	
F802			受容性言語障害	
F318			循環型躁うつ病	
R571			循環血液量減少性ショック	
D683			循環性抗凝血因子症	
Q255			純型肺動脈閉鎖	
Q220			純型肺動脈弁閉鎖症	
G819			純粋運動性片麻痺	
Q991			純粋性腺形成異常症	
G231			純粋無動症	
D432			上衣下巨細胞性星細胞腫	
D432			上衣下腫	
C719			上衣芽細胞腫	
S241			上位胸髄損傷	
S141			上位頚髄損傷	
C719			上衣腫	
O459			常位胎盤早期剥離	
C119			上咽頭悪性腫瘍	
J029			上咽頭炎	
C119			上咽頭癌	
C111			上咽頭後壁癌	
C119			上咽頭脂肪肉腫	
C110			上咽頭上壁癌	
C113			上咽頭前壁癌	
C112			上咽頭側壁癌	
D106			上咽頭良性腫瘍	
S0271			上下顎骨開放骨折	
S0270			上下顎骨骨折	
K071			上下顎前突症	
G728			上下肢筋不全麻痺	
I890			上下肢リンパ浮腫	
C410			上顎悪性エナメル上皮腫	
K071			上顎右側偏位	
C410			上顎エナメル上皮癌	
D164			上顎エナメル上皮腫	
D164			上顎エナメル上皮腫・骨外型／周辺型	
D164			上顎エナメル上皮腫・単のう胞型	
D164			上顎エナメル上皮線維腫	
C310			上顎癌	
C062			上顎結節部癌	
D103			上顎結節部良性腫瘍	
C410			上顎幻影細胞性歯原性癌	
D164			上顎原始性歯原性腫瘍	
C410			上顎原発性骨内癌	
C410			上顎硬化性歯原性癌	
K071			上顎後退症	
C410			上顎骨悪性腫瘍	
K102			上顎骨炎	
S0241			上顎骨開放骨折	
S0240			上顎骨骨折	
K102			上顎骨骨髄炎	
C410			上顎骨骨肉腫	
K102			上顎骨骨膜炎	
K102			上顎骨骨膜下膿瘍	
D480			上顎骨腫瘍	
D164			上顎骨線維腫	
C410			上顎骨軟骨肉腫	
D164			上顎骨良性腫瘍	
K071			上顎左側偏位	
S008			上顎擦過創	
S008			上顎挫傷	
D164			上顎歯牙腫	
D164			上顎歯牙腫・集合型	
D164			上顎歯牙腫・複雑型	
K090			上顎歯原性角化のう胞	
D164			上顎歯原性線維腫	
C410			上顎歯原性肉腫	
D164			上顎歯原性粘液腫	
K103			上顎歯槽骨炎	
S0241			上顎歯槽部開放骨折	
S0240			上顎歯槽部骨折	
C030			上顎歯肉癌	
C061			上顎歯肉頬移行部癌	
D480			上顎腫瘍	
R220			上顎腫瘤	
S0241			上顎水平開放骨折	
S0240			上顎水平骨折	
D164			上顎石灰化歯原性のう胞	
D164			上顎石灰化上皮性歯原性腫瘍	
S008			上顎切創	
D164			上顎セメント芽細胞腫	
D164			上顎セメント質骨形成線維腫	
D164			上顎セメント質腫	
D164			上顎腺腫様歯原性腫瘍	
D164			上顎腺様歯原性腫瘍	
K071			上顎前突症	
D164			上顎象牙質形成性幻影細胞腫	
D164			上顎象牙質腫	
K070			上顎大顎症	
S008			上顎打撲傷	
T170			上顎洞異物	
J320			上顎洞炎	
C310			上顎洞癌	
D385			上顎洞腫瘍	
D023			上顎洞上皮内癌	
J338			上顎洞性後鼻孔ポリープ	
J338			上顎洞性中咽頭ポリープ	
T818			上顎洞穿孔	
D140			上顎洞乳頭腫	
J341			上顎洞のう胞	
J338			上顎洞ポリープ	
S008			上顎皮下血腫	
D487			上顎部腫瘍	
S018			上顎部裂創	
D164			上顎扁平歯原性腫瘍	
C410			上顎明細胞性歯原性癌	
H498			上眼窩裂症候群	
C431			上眼瞼悪性黒色腫	
C441			上眼瞼基底細胞癌	
D180			上眼瞼血管腫	
D221			上眼瞼青色母斑	
S002			上眼瞼切創	
C441			上眼瞼皮膚癌	
D231			上眼瞼皮膚良性腫瘍	
D221			上眼瞼扁平母斑	
H000			上眼瞼蜂巣炎	
D041			上眼瞼ボーエン病	
D221			上眼瞼母斑	
D221			上眼瞼母斑細胞母斑	
C441			上眼瞼有棘細胞癌	
R048			上気道出血	
Q348			上気道閉塞症	
H151			上強膜炎	
G500			上下眼窩神経痛	
H502			上下斜視	
I712			上行胸部大動脈瘤	
Q438			上行結腸過長症	
C182			上行結腸カルチノイド	
C182			上行結腸癌	
K566			上行結腸狭窄症	
K573			上行結腸憩室	
K573			上行結腸憩室炎	
K573			上行結腸憩室出血	
K572			上行結腸憩室穿孔	
D374			上行結腸腫瘍	
C182			上行結腸神経内分泌細胞癌	
C182			上行結腸神経内分泌腫瘍	
D122			上行結腸腺腫	
K573			上行結腸多発憩室	
D374			上行結腸粘膜下腫瘍	
C182			上行結腸平滑筋肉腫	
K635			上行結腸ポリープ	
I679			上交叉性片麻痺	
C430			上口唇悪性黒色腫	
C440			上口唇基底細胞癌	
D180			上口唇血管腫	
S005			上口唇挫傷	
D220			上口唇青色母斑	
D485			上口唇皮下腫瘍	
C440			上口唇皮膚癌	
D230			上口唇皮膚良性腫瘍	
D220			上口唇扁平母斑	
D040			上口唇ボーエン病	
D220			上口唇母斑	
D220			上口唇母斑細胞母斑	
C440			上口唇有棘細胞癌	
H472			上行性視神経萎縮	
H46			上行性視神経炎	
K040			上行性歯髄炎	
N12			上行性腎盂腎炎	
I712			上行大動脈拡張	
G522			上喉頭神経痛	
H738			上鼓室炎	
H662			上鼓室化膿症	
H721			上鼓室穿孔	
B744			常在糸状虫症	
C436			上肢悪性黒色腫	
C764			上肢悪性腫瘍	
T118			上肢圧挫損傷	
T113			上肢一過性伝導障害	
M7260			上肢壊死性筋膜炎	
T10-1			上肢開放骨折	
T111			上肢開放創	
T920			上肢開放創後遺症	
T068			上肢下肢損傷	
T929			上肢外傷後遺症	
I742			上肢急性動脈閉塞症	
M6259			上肢筋萎縮	
M7919			上肢筋肉痛	
R298			上肢筋力低下	
R252			上肢痙縮	
Q279			上肢血管異常	
I808			上肢血栓性静脈炎	
I868			上肢血栓性静脈瘤	
T10-0			上肢骨折	
T921			上肢骨折後遺症	
T110			上肢擦過創	
T110			上肢挫傷	
R208			上肢しびれ	
R223			上肢腫脹	
T113			上肢神経損傷	
M7929			上肢神経痛	
D046			上肢上皮内癌	
I808			上肢静脈炎	
I828			上肢静脈血栓症	
T116			上肢切断	
T119			上肢損傷	
T0260			上肢多発骨折・下肢骨折合併	
Q825			上肢単純性血管腫	
G832			上肢単麻痺	
T221			上肢第１度熱傷	
T222			上肢第２度熱傷	
T223			上肢第３度熱傷	
O644			上肢脱出	
R298			上肢脱力	
T110			上肢打撲傷	
R208			上肢知覚異常	
M7969			上肢痛	
I494			上室期外収縮	
I471			上室頻拍	
L010			上肢伝染性膿痂疹	
I721			上肢動脈瘤	
T220			上肢熱傷	
L011			上肢膿痂疹性湿疹	
L042			上肢の急性リンパ節炎	
Q719			上肢の減形成	
D036			上肢の上皮内黒色腫	
C446			上肢皮膚癌	
T113			上肢皮膚知覚神経損傷	
R600			上肢浮腫	
G832			上肢不全麻痺	
P149			上肢分娩麻痺	
T924			上肢末梢神経損傷後遺症	
G832			上肢麻痺	
I742			上肢慢性動脈閉塞症	
H505			上斜位	
H506			上斜筋腱鞘症候群	
H491			上斜筋不全麻痺	
H491			上斜筋麻痺	
H502			上斜視	
F453			常習性吃逆	
I663			上小脳動脈閉塞症	
I671			上小脳動脈瘤	
R223			上肢瘤	
G830			上肢両側麻痺	
I898			上肢リンパうっ滞	
I890			上肢リンパ浮腫	
C003			上唇癌	
Q386			上唇小帯異常	
Q386			上唇小帯短縮症	
S015			上唇小帯裂創	
C000			上唇赤唇部癌	
D100			上唇良性腫瘍	
F984			常性痙攣	
Q999			常染色体異常	
D800			常染色体性劣性無ガンマグロブリン血症	
Q929			常染色体トリソミー	
Q939			常染色体モノソミー	
Q612			常染色体優性多発性のう胞腎	
Q808			常染色体劣性先天性魚鱗癬	
Q611			常染色体劣性多発性のう胞腎	
H001			上尖性霰粒腫	
S3230			上前腸骨棘剥離骨折	
Q268			上大静脈欠損	
I871			上大静脈症候群	
S252			上大静脈損傷	
S250			上大動脈損傷	
B689			条虫症	
I728			上腸間膜動脈解離	
K315			上腸間膜動脈症候群	
I728			上腸間膜動脈瘤	
H490			上直筋不全麻痺	
H490			上直筋麻痺	
R458			情緒障害	
R457			情緒性ショック	
R451			情緒不安定状態	
F603d			情緒不安定性パーソナリティ障害	
F984			常同性運動障害	
F39			情動精神病	
R81			情動性糖尿	
T291			上半身第１度熱傷	
T292			上半身第２度熱傷	
T293			上半身第３度熱傷	
T210			上半身熱傷	
C809			上皮腫	
K098			上皮真珠	
K092			上皮性顎骨のう胞	
D099			上皮内癌	
D039			上皮内黒色腫	
L720			上皮のう胞	
D487			上腹部腫瘍	
R190			上腹部腫瘤	
R101			上腹部痛	
K439			上腹壁ヘルニア	
K922			上部消化管出血	
C153			上部食道癌	
Q262			上部心臓型総肺静脈還流異常症	
C240			上部胆管癌	
K458			上膀胱窩ヘルニア	
I871			静脈圧迫	
I809			静脈炎	
I870			静脈炎後症候群	
I872			静脈機能不全症	
I871			静脈狭窄	
I878			静脈結石	
I829			静脈血栓症	
I636			静脈血栓性脳梗塞	
Q279			静脈欠損	
I809			静脈周囲炎	
R58			静脈出血	
D180			静脈性血管腫	
I636			静脈性脳梗塞	
I829			静脈塞栓症	
Q211			静脈洞欠損症	
I809			静脈内膜炎	
Q278			静脈閉鎖	
I839			静脈瘤	
I770			静脈瘤性動脈瘤	
I831			静脈瘤性皮膚炎	
C341			上葉小細胞肺癌	
C341			上葉肺癌	
C341			上葉肺腺癌	
C341			上葉肺大細胞癌	
C341			上葉肺扁平上皮癌	
C341			上葉非小細胞肺癌	
J981			上葉無気肺	
C491			上腕悪性線維性組織球腫	
C491			上腕悪性軟部腫瘍	
C471			上腕悪性末梢神経鞘腫	
S47			上腕圧挫傷	
C491			上腕横紋筋肉腫	
S411			上腕汚染創	
C491			上腕滑膜肉腫	
M6082			上腕過労性筋炎	
S411			上腕貫通銃創	
C446			上腕基底細胞癌	
M6092			上腕筋炎	
M7292			上腕筋筋膜炎	
S469			上腕筋挫傷	
M7912			上腕筋肉痛	
M7952			上腕筋肉内異物残留	
D172			上腕血管脂肪腫	
D180			上腕血管腫	
S459			上腕血管損傷	
I808			上腕血栓性静脈炎	
M8792			上腕骨頭壊死	
C400			上腕骨悪性腫瘍	
S4240			上腕骨遠位骨端線損傷	
M939			上腕骨遠位骨端線離開	
S4241			上腕骨遠位端開放骨折	
S4241			上腕骨遠位端開放性粉砕骨折	
S4240			上腕骨遠位端骨折	
S4240			上腕骨遠位端粉砕骨折	
C400			上腕骨遠位部悪性骨腫瘍	
D480			上腕骨遠位部骨腫瘍	
D160			上腕骨遠位部良性骨腫瘍	
S4231			上腕骨開放骨折	
S4231			上腕骨開放性脱臼骨折	
S4231			上腕骨開放性粉砕骨折	
S4221			上腕骨解剖頚開放骨折	
S4220			上腕骨解剖頚骨折	
S4241			上腕骨顆開放性粉砕骨折	
S4241			上腕骨顆間開放骨折	
S4240			上腕骨顆間骨折	
S4241			上腕骨顆上開放骨折	
S4240			上腕骨顆上骨折	
S4240			上腕骨滑車骨折	
S4240			上腕骨顆粉砕骨折	
S4241			上腕骨顆部開放骨折	
S4240			上腕骨顆部骨折	
S4241			上腕骨外顆開放骨折	
S4240			上腕骨外顆骨折	
S4241			上腕骨外上顆開放骨折	
S4240			上腕骨外上顆骨折	
D480			上腕骨巨細胞腫	
S4220			上腕骨近位骨端線損傷	
M939			上腕骨近位骨端線離開	
S4221			上腕骨近位端開放骨折	
S4221			上腕骨近位端開放性粉砕骨折	
S4220			上腕骨近位端骨折	
M8442			上腕骨近位端病的骨折	
S4220			上腕骨近位端粉砕骨折	
C400			上腕骨近位部悪性骨腫瘍	
D480			上腕骨近位部巨細胞腫	
D480			上腕骨近位部骨腫瘍	
D160			上腕骨近位部良性骨腫瘍	
M8412			上腕骨偽関節症	
S4221			上腕骨頚部開放骨折	
S4220			上腕骨頚部骨折	
M8402			上腕骨頚部変形治癒骨折	
S4221			上腕骨外科頚開放骨折	
S4221			上腕骨外科頚開放性脱臼骨折	
S4220			上腕骨外科頚骨折	
S4220			上腕骨外科頚脱臼骨折	
C400			上腕骨骨幹部悪性骨腫瘍	
S4231			上腕骨骨幹部開放骨折	
S4230			上腕骨骨幹部骨折	
D480			上腕骨骨幹部骨腫瘍	
M8442			上腕骨骨幹部病的骨折	
D160			上腕骨骨幹部良性骨腫瘍	
S4230			上腕骨骨折	
M8422			上腕骨骨折の遷延癒合	
S4221			上腕骨骨頭開放骨折	
S4220			上腕骨骨頭骨折	
M920			上腕骨骨頭若年性骨軟骨症	
M8692			上腕骨骨髄炎	
C400			上腕骨骨肉腫	
D480			上腕骨腫瘍	
S4220			上腕骨小結節骨折	
S4241			上腕骨小頭開放骨折	
S4240			上腕骨小頭骨折	
M920			上腕骨小頭若年性骨軟骨症	
Z966			上腕骨人工骨頭置換術後	
M8502			上腕骨線維性骨異形成症	
S499			上腕骨損傷	
S4221			上腕骨大結節開放骨折	
S4220			上腕骨大結節骨折	
S4220			上腕骨大結節剥離骨折	
S4230			上腕骨脱臼骨折	
S4241			上腕骨通顆開放骨折	
S4240			上腕骨通顆骨折	
S4241			上腕骨内顆開放骨折	
S4240			上腕骨内顆骨折	
T841			上腕骨内固定材の機械的合併症	
S4241			上腕骨内上顆開放骨折	
S4240			上腕骨内上顆骨折	
D160			上腕骨内軟骨腫	
Q688			上腕骨内反症	
C400			上腕骨軟骨肉腫	
M8562			上腕骨のう腫	
P133			上腕骨の分娩損傷	
M8442			上腕骨病的骨折	
S4230			上腕骨粉砕骨折	
M8402			上腕骨変形治癒骨折	
C400			上腕骨ユーイング肉腫	
S4230			上腕骨らせん骨折	
D160			上腕骨良性腫瘍	
S408			上腕擦過創	
S468			上腕三角筋部分断裂	
M6092			上腕三頭筋筋炎	
M6592			上腕三頭筋腱鞘炎	
S463			上腕三頭筋断裂	
M7912			上腕三頭筋痛	
S463			上腕三頭筋不全断裂	
S411			上腕挫創	
S47			上腕挫滅傷	
S47			上腕挫滅創	
D172			上腕脂肪腫	
C491			上腕脂肪肉腫	
R223			上腕腫瘤	
G545			上腕神経根炎	
G540			上腕神経叢圧迫症	
G540			上腕神経叢下位型麻痺	
G540			上腕神経叢完全麻痺	
G540			上腕神経叢症候群	
G540			上腕神経叢上位型麻痺	
Q078			上腕神経叢転位	
G540			上腕神経叢麻痺	
M7922			上腕神経痛	
G568			上腕神経麻痺	
I808			上腕静脈炎	
I828			上腕静脈血栓症	
S452			上腕静脈損傷	
D226			上腕青色母斑	
D236			上腕石灰化上皮腫	
S481			上腕切断	
T873			上腕切断端神経腫	
C491			上腕線維肉腫	
T0221			上腕前腕開放骨折	
T0220			上腕前腕骨折	
S499			上腕損傷	
Q711			上腕単独欠損	
C491			上腕淡明細胞肉腫	
T221			上腕第１度熱傷	
T222			上腕第２度熱傷	
T223			上腕第３度熱傷	
S400			上腕打撲傷	
M7962			上腕痛	
S451			上腕動脈損傷	
I721			上腕動脈瘤	
D172			上腕軟性線維腫	
D481			上腕軟部腫瘍	
M6092			上腕二頭筋筋炎	
M752			上腕二頭筋腱炎	
M752			上腕二頭筋腱鞘炎	
S462			上腕二頭筋腱断裂	
S461			上腕二頭筋損傷	
S462			上腕二頭筋断裂	
S461			上腕二頭筋長頭腱断裂	
M7912			上腕二頭筋痛	
T220			上腕熱傷	
L024			上腕膿瘍	
S411			上腕剥皮創	
S400			上腕皮下血腫	
C446			上腕皮膚癌	
S411			上腕皮膚欠損創	
D236			上腕皮膚良性腫瘍	
R600			上腕浮腫	
C436			上腕部悪性黒色腫	
S411			上腕部開放創	
S400			上腕部挫傷	
R223			上腕部腫脹	
Q825			上腕部単純性血管腫	
C491			上腕平滑筋肉腫	
D226			上腕扁平母斑	
L031			上腕蜂巣炎	
C491			上腕胞巣状軟部肉腫	
D046			上腕ボーエン病	
D226			上腕母斑	
D226			上腕母斑細胞母斑	
C446			上腕メルケル細胞癌	
C446			上腕有棘細胞癌	
C446			上腕隆起性皮膚線維肉腫	
D211			上腕良性軟部腫瘍	
C491			上腕類上皮肉腫	
L899			褥瘡	
L899			褥瘡・ＤＴＩ	
L890			褥瘡・ステージＩ	
L891			褥瘡・ステージＩＩ	
L892			褥瘡・ステージＩＩＩ	
L893			褥瘡・ステージＩＶ	
L899			褥瘡感染	
L899			褥瘡性潰瘍	
F527			女子色情症	
L659			女子慢性びまん性脱毛症	
E345			女性化症	
Q562			女性仮性半陰陽	
N62			女性化乳房症	
E259			女性化副腎腫瘍	
Q529			女性外生殖器先天異常	
N730			女性急性骨盤蜂巣炎	
G710			女性ジストロフィン異常症	
Q529			女性性器異常	
C579			女性性器癌	
Q529			女性性器奇形	
N819			女性性器脱	
Q529			女性性器発育異常	
N810			女性尿道瘤	
N979			女性不妊症	
N731			女性慢性骨盤蜂巣炎	
T603			除草剤中毒	
R298			除脳硬直	
G408			徐波睡眠期持続性棘徐波を示すてんかん性脳症	
R298			除皮質硬直	
R001			徐脈	
R001			徐脈性失神	
I489			徐脈性心房細動	
R001			徐脈性不整脈	
I495			徐脈頻脈症候群	
R001			徐脈発作	
G908			自律神経炎	
G904			自律神経過敏症	
G909			自律神経失調症	
G909			自律神経症	
G909			自律神経障害	
G909			自律神経性ニューロパチー	
G401			自律神経てんかん	
G904			自律神経反射性疼痛	
F445			自律神経発作	
N312			自律性神経因性膀胱	
Q178			耳輪埋没症	
F952			ジル・ドゥ・ラ・トゥーレット症候群	
E804			ジルベール症候群	
H921			耳漏	
K603			痔瘻	
C211			痔瘻癌	
H618			耳瘻孔	
K628			痔瘻術後肛門周囲炎	
C64			腎悪性腫瘍	
E850			腎アミロイドーシス	
Q614			腎異形成	
T861			腎移植急性拒絶反応	
T861			腎移植拒絶反応	
Z940			腎移植後	
Z524			腎移植ドナー	
T861			腎移植不全	
T861			腎移植慢性拒絶反応	
N288			腎位置異常	
E054			人為的甲状腺中毒症	
N133			腎盂拡張	
C65			腎盂癌	
N200			腎盂結石症	
D411			腎盂腫瘍	
N12			腎盂腎炎	
C65			腎盂腺癌	
D301			腎盂乳頭腫	
C65			腎盂乳頭状癌	
C65			腎盂尿路上皮癌	
C65			腎盂扁平上皮癌	
N289			腎盂ポリープ	
D301			腎盂良性腫瘍	
N059			腎炎	
N288			腎下垂症	
C64			腎カルチノイド	
N159			腎感染症	
S370			腎外傷	
R392			腎外性尿毒症	
N138			腎外尿溢流	
C64			腎芽腫	
C64			腎癌	
C795			腎癌骨転移	
Q639			腎奇形	
R944			腎機能検査異常	
N289			腎機能低下	
N280			腎虚血	
A181			腎結核	
D177			腎血管筋脂肪腫	
D177			腎血管脂肪腫	
D180			腎血管腫	
I150			腎血管性高血圧症	
S354			腎血管損傷	
N200			腎結石症	
N200			腎結石自排	
N132			腎結石性閉塞を伴う水腎症	
Z905			腎欠損症	
R31			腎血尿	
R944			腎血流量低下	
N258			腎原性続発性副甲状腺機能亢進症	
N26			腎硬化症	
T845			人工肩関節感染	
M966			人工肩関節周囲骨折	
Z966			人工肩関節置換術後	
T840			人工肩関節の破損	
T840			人工肩関節のゆるみ	
Z966			人工関節	
T845			人工関節感染	
M966			人工関節周囲骨折	
T840			人工関節の破損	
T840			人工関節のゆるみ	
S270			人工気胸	
Z958			人工血管移植後	
K914			人工肛門狭窄	
Z933			人工肛門形成状態	
K914			人工肛門部腸管脱出	
T818			人工肛門部腸管脱出・術後早期	
L309			人工肛門部皮膚炎	
K914			人工肛門部びらん	
T845			人工股関節感染	
M966			人工股関節周囲骨折	
T840			人工股関節脱臼	
Z966			人工股関節置換術後	
T840			人工股関節の破損	
T840			人工股関節のゆるみ	
J958			人工呼吸器関連肺炎	
Z991			人工呼吸器装着状態	
P278			人工呼吸器肺新生児	
T840			人工骨頭移動	
T840			人工骨頭破損	
T847			人工骨感染	
T888			人工歯根アバットメント脱離	
T888			人工歯根アバットメント破損	
T888			人工歯根アバットメント不適合	
T888			人工歯根上部構造脱離	
T888			人工歯根上部構造破損	
T888			人工歯根上部構造不適合	
T888			人工歯根脱離	
T888			人工歯根破損	
T888			人工歯根不適合	
T888			人工歯脱離	
T845			人工膝関節感染	
M966			人工膝関節周囲骨折	
T840			人工膝関節脱臼	
Z966			人工膝関節置換術後	
T840			人工膝関節の破損	
T840			人工膝関節のゆるみ	
T888			人工歯破損	
T888			人工歯不適合	
T888			人工歯磨耗	
T820			人工心臓弁の機械的合併症	
N980			人工授精後骨盤内炎症性疾患	
T846			人工靱帯感染	
T844			人工靱帯断裂	
T844			人工靱帯のゆるみ	
L503			人工じんま疹	
O603			人工早産	
N280			腎梗塞	
Z437			人工腟に対する手当て	
T845			人工肘関節感染	
M966			人工肘関節周囲骨折	
Z966			人工肘関節置換術後	
T840			人工肘関節の破損	
T840			人工肘関節のゆるみ	
Z962			人工聴覚器植え込み状態	
H212			人工的虹彩欠損	
N953			人工的閉経後症候群	
Z900			人工的無眼球	
M8389			人工透析性骨軟化症	
Z962			人工内耳植え込み状態	
T857			人工内耳感染	
O049			人工妊娠中絶	
O074			人工妊娠中絶の不成功	
O755			人工破膜後遷延分娩	
L981			人工皮膚炎	
T826			人工弁感染	
T828			人工弁血栓	
T820			人工弁不全	
Z936			人工膀胱	
H270			人工無水晶体眼	
N280			腎コレステロール塞栓症	
R31			腎後性血尿	
N391			腎後性蛋白尿症	
C64			腎細胞癌	
N200			腎砂状結石	
D868			腎サルコイドーシス	
S370			腎挫傷	
N289			腎疾患	
D177			腎脂肪腫	
C480			腎周囲脂肪肉腫	
N288			腎周囲出血	
N151			腎周囲膿瘍	
N288			腎腫大	
N288			腎出血	
D410			腎腫瘍	
N288			腎腫瘤	
N289			腎障害	
A985			腎症候性出血熱	
I151			腎実質性高血圧症	
L400			尋常性乾癬	
Q800			尋常性魚鱗癬	
L700			尋常性ざ瘡	
L100			尋常性天疱瘡	
L80			尋常性白斑	
L738			尋常性毛瘡	
B07			尋常性疣贅	
A184			尋常性狼瘡	
I823			腎静脈血栓症	
I823			腎静脈塞栓症	
S354			腎静脈損傷	
N172			腎髄質壊死	
E729			腎性アミノ酸尿	
N250			腎性くる病	
N029			腎性血尿	
I151			腎性高血圧症	
N250			腎性骨異栄養症	
N250			腎性骨ジストロフィー	
N250			腎性骨軟化症	
E720			腎性シスチン症	
N391			腎性蛋白尿	
E798			腎性低尿酸血症	
E748			腎性糖尿	
N251			腎性尿崩症	
N19			腎性貧血	
R609			腎性浮腫	
N19			腎性無尿	
N185			腎性網膜症	
N288			腎石灰化症	
D300			腎腺腫	
N391			腎前性蛋白尿症	
R392			腎前性尿毒症	
S370			腎損傷	
S3701			腎損傷・骨盤腔に達する開放創合併あり	
S3700			腎損傷・骨盤腔に達する開放創合併なし	
D300			腎臓のう腫	
M7799			靱帯炎	
M2429			靱帯骨化症	
M2429			靱帯弛緩	
M2429			靱帯障害	
T143			靱帯ストレイン	
T143			靱帯損傷	
T146			靱帯断裂	
T143			靱帯捻挫	
T143			靱帯裂傷	
S370			腎打撲傷	
Z905			腎摘出術後	
T809			腎透析合併症	
I770			腎動静脈瘻	
I701			腎動脈アテローム硬化症	
I778			腎動脈過形成	
I701			腎動脈狭窄症	
N280			腎動脈血栓症	
Q272			腎動脈先天奇形	
N280			腎動脈塞栓症	
S354			腎動脈損傷	
N280			腎動脈閉塞症	
I722			腎動脈瘤	
C64			腎肉腫	
N172			腎乳頭壊死	
N202			腎尿管結石	
N281			腎のう胞	
N151			腎膿瘍	
S370			腎破裂	
S3701			腎破裂・骨盤腔に達する開放創合併あり	
S3700			腎破裂・骨盤腔に達する開放創合併なし	
A527			腎梅毒	
N288			腎杯憩室	
J65			塵肺結核	
J64			塵肺症	
N19			腎不全	
L509			じんま疹	
Q602			腎無形成	
C64			腎明細胞肉腫	
C64			腎ラブドイド腫瘍	
D300			腎良性腫瘍	
N288			腎瘻	
Z436			腎瘻開口部に対する手当て	
Z936			腎瘻造設状態	
L982			スイート症候群	
L982			スイート病	
K868			膵萎縮	
T868			膵移植拒絶反応	
Z948			膵移植後	
Z528			膵移植ドナー	
T868			膵移植不全	
K868			膵うっ血	
B301			水泳プール結膜炎	
K868			膵液瘻	
K868			膵壊死	
K859			膵炎	
K868			膵管拡張	
C253			膵管癌	
K868			膵管狭窄	
Q445			膵管胆管合流異常	
D377			膵管内管状腫瘍	
C253			膵管内管状腺癌	
D136			膵管内管状腺腫	
D377			膵管内乳頭粘液性腫瘍	
C253			膵管内乳頭粘液性腺癌	
D136			膵管内乳頭粘液性腺腫	
Q453			膵管癒合不全	
S362			膵外傷	
K868			膵外分泌機能不全	
D377			膵外分泌腫瘍	
C259			膵芽腫	
C259			膵癌	
K869			膵機能異常	
K868			膵機能不全	
J948			水胸	
T561			水銀中毒	
T561			水銀中毒性振戦	
C257			膵頚部癌	
D180			膵血管腫	
K868			膵硬変	
K868			膵コレステロール塞栓症	
T543			水酸化カリウム中毒	
T543			水酸化ナトリウム中毒	
K869			膵疾患	
D175			膵脂肪腫	
C259			膵脂肪肉腫	
R02			水腫性壊疽	
R933			膵腫大	
D377			膵腫瘍	
K868			膵腫瘤	
D377			膵漿液性のう胞腫瘍	
C259			膵漿液性のう胞腺癌	
D136			膵漿液性のう胞腺腫	
H271			水晶体亜脱臼	
S055			水晶体異物	
H447			水晶体異物残留	
T818			水晶体核落下	
H441			水晶体過敏性眼内炎	
H270			水晶体欠損	
H202			水晶体原性虹彩毛様体炎	
H405			水晶体原性緑内障	
Q122			水晶体コロボーマ	
H271			水晶体脱臼	
S057			水晶体摘出	
H278			水晶体のう胞	
H278			水晶体膿瘍	
S052			水晶体ヘルニア	
H271			水晶体偏位	
H405			水晶体融解緑内障	
Q02			水小頭症	
L741			水晶様汗疹	
D377			膵神経内分泌腫瘍	
Q175			垂耳	
R53			衰弱	
I728			膵十二指腸動脈瘤	
N133			水腎症	
O268			水腎症合併妊娠	
N135			水腎症を伴わない後天性腎盂尿管移行部狭窄	
N133			水腎水尿管症	
Q059			水髄膜瘤	
E13			膵性糖尿病	
E133			膵性糖尿病・眼合併症あり	
E131			膵性糖尿病・ケトアシドーシス合併あり	
E130			膵性糖尿病・昏睡合併あり	
E134			膵性糖尿病・神経学的合併症あり	
E132			膵性糖尿病・腎合併症あり	
E137			膵性糖尿病・多発糖尿病性合併症あり	
E136			膵性糖尿病・糖尿病性合併症あり	
E139			膵性糖尿病・糖尿病性合併症なし	
E135			膵性糖尿病・末梢循環合併症あり	
K868			膵性脳症	
R18			膵性腹水	
K868			膵石	
Q064			水脊髄症	
K868			膵石灰化症	
K868			膵線維症	
C259			膵腺房細胞癌	
E891			膵全摘後二次性糖尿病	
S362			膵損傷	
S3621			膵損傷・腹腔に達する開放創合併あり	
S3620			膵損傷・腹腔に達する開放創合併なし	
C795			膵臓癌骨転移	
K650			膵臓性腹膜炎	
S362			膵臓破裂	
S3621			膵臓破裂・腹腔に達する開放創合併あり	
S3620			膵臓破裂・腹腔に達する開放創合併なし	
H355			錐体杆体ジストロフィー	
G259			錐体外路系疾患	
G259			錐体外路症候群	
D320			錐体斜台部髄膜腫	
H355			錐体ジストロフィー	
H702			錐体尖端炎	
C258			膵体尾部癌	
Q450			膵体尾部欠損	
D377			膵体尾部腫瘍	
C251			膵体部癌	
G259			錐体路障害	
H55			垂直眼振	
Q668			垂直距骨	
H510			垂直性注視麻痺	
B019			水痘	
P002			水痘・帯状疱疹ウイルス感染母体より出生した児	
B018			水痘後急性扁桃炎	
B011			水痘後脊髄炎	
B011			水痘後脳脊髄炎	
G919			水頭症	
Q043			水頭症性無脳症	
K868			膵頭十二指腸切除後膵液瘻	
B010			水痘髄膜炎	
B018			水痘性角結膜炎	
B018			水痘性角膜炎	
B011			水痘脳炎	
B012			水痘肺炎	
C250			膵頭部カルチノイド	
C250			膵頭部癌	
D377			膵頭部腫瘍	
K868			膵頭部腫瘤	
R688			水毒	
C240			膵内胆管癌	
E169			膵内分泌障害	
N134			水尿管症	
D377			膵粘液性のう胞腫瘍	
C259			膵粘液性のう胞腺癌	
D136			膵粘液性のう胞腺腫	
D136			膵のう腫	
K862			膵のう胞	
K859			膵膿瘍	
Q019			水脳瘤	
K868			膵発育不全症	
C252			膵尾部癌	
E86			水分欠乏症	
H55			水平性眼振	
H510			水平性注視麻痺	
K073			水平智歯	
K073			水平埋伏歯	
K073			水平埋伏智歯	
L139			水疱症	
B085			水疱性咽頭炎	
H181			水疱性角膜症	
K130			水疱性口唇炎	
K121			水疱性口内炎	
A938			水疱性口内炎ウイルス病	
H730			水疱性鼓膜炎	
L511			水疱性多形紅斑	
H660			水疱性中耳炎	
L00			水疱性膿痂疹	
B359			水疱性白癬	
L431			水疱性扁平苔癬	
L120			水疱性類天疱瘡	
T427			睡眠剤中毒	
G479			睡眠障害	
G448			睡眠時頭痛	
G253			睡眠時ミオクローヌス	
G473			睡眠時無呼吸症候群	
T888			睡眠時無呼吸症候群用口腔内装置破損	
T888			睡眠時無呼吸症候群用口腔内装置不適合	
G472			睡眠相後退症候群	
G405			睡眠喪失てんかん	
F132			睡眠薬依存	
X61			睡眠薬自殺	
T427			睡眠薬自殺未遂	
T887			睡眠薬副作用	
G472			睡眠リズム障害	
J348			水様性鼻漏	
D136			膵良性腫瘍	
H183			皺襞デスメ膜	
B882			スカラベ病	
N368			スキーン腺のう胞	
N340			スキーン腺膿瘍	
C169			スキルス胃癌	
J301			スギ花粉症	
E888			スクシニル−ＣｏＡリガーゼ欠損症	
E743			スクラーゼ欠損症	
T888			スクリューポスト脱離	
T888			スクリューポスト破損	
T888			スクリューポスト不適合	
B488			スケドスポリウム症	
T888			スケレトンタイプ拡大装置破損	
T888			スケレトンタイプ拡大装置不適合	
T888			スケレトンタイプ急速拡大装置破損	
T888			スケレトンタイプ急速拡大装置不適合	
T566			錫中毒	
Q858			スタージ・ウェーバ症候群	
Q178			スタール耳	
T828			スチール症候群	
B083			スチッケル病	
F988			スチューデントアパシー	
M0820			スチル病	
L511			スティーブンス・ジョンソン症候群	
Q875			スティックラー症候群	
G258			スティフ・マン症候群	
J156			ステノトロフォモナス・マルトフィリア肺炎	
K519			ステロイド依存性潰瘍性大腸炎	
K509			ステロイド依存性クローン病	
J459			ステロイド依存性喘息	
N049			ステロイド依存性ネフローゼ症候群	
K254			ステロイド潰瘍	
K255			ステロイド潰瘍穿孔	
F55			ステロイド剤乱用	
L708			ステロイドざ瘡	
L718			ステロイドしゅさ	
M8149			ステロイド性骨粗鬆症	
M804			ステロイド性骨粗鬆症・病的骨折あり	
F195			ステロイド精神病	
M8048			ステロイド性脊椎圧迫骨折	
M8715			ステロイド性大腿骨頭壊死	
K519			ステロイド抵抗性潰瘍性大腸炎	
M329			ステロイド抵抗性全身性エリテマトーデス	
N049			ステロイド抵抗性ネフローゼ症候群	
E13			ステロイド糖尿病	
E133			ステロイド糖尿病・眼合併症あり	
E131			ステロイド糖尿病・ケトアシドーシス合併あり	
E130			ステロイド糖尿病・昏睡合併あり	
E134			ステロイド糖尿病・神経学的合併症あり	
E132			ステロイド糖尿病・腎合併症あり	
E137			ステロイド糖尿病・多発糖尿病性合併症あり	
E136			ステロイド糖尿病・糖尿病性合併症あり	
E139			ステロイド糖尿病・糖尿病性合併症なし	
E135			ステロイド糖尿病・末梢循環合併症あり	
H263			ステロイド白内障	
L270			ステロイド皮膚炎	
G720			ステロイドミオパチー	
K853			ステロイド誘発性膵炎	
L270			ステロイド誘発性皮膚症	
E273			ステロイド離脱症候群	
H406			ステロイド緑内障	
Z958			ステント植え込み状態	
I459			ストークス・アダムス症候群	
L986			ストーマ粘膜皮膚侵入	
H910			ストマイ難聴	
Q764			ストレートバック症候群	
T143			ストレイン	
K270			ストレス潰瘍	
K250			ストレス性胃潰瘍	
K260			ストレス性十二指腸潰瘍	
D751			ストレス赤血球増加症	
G405			ストレスてんかん	
A488			ストレプトトリックス病	
T365			ストレプトマイシン中毒	
D434			砂時計腫	
B881			スナノミ症	
F984			スパスムス・ヌータンス	
E754			スピルマイヤー・フォークト病	
A699			スピロヘータ感染症	
A698			スピロヘータ性気管支炎	
A698			スピロヘータ肺炎	
B701			スピロメトラ症	
E753			スフィンゴリピドーシス	
T888			スプリングリテーナー破損	
T888			スプリングリテーナー不適合	
K901			スプルー	
Q681			スペード様手	
I517			スポーツ心臓	
B429			スポロトリクム症	
B428			スポロトリクム症関節炎	
Q938			スミス・マギニス症候群	
Q871			スミス・レムリ・オピッツ症候群	
S5250			スミス骨折	
K137			スモーカーメラニン沈着症	
G620			スモン	
T888			スライディングプレート脱離	
T888			スライディングプレート破損	
T888			スライディングプレート不適合	
B222			スリム病	
G448			スルーダー神経痛	
E752			スルファターゼ欠損症	
D748			スルフヘモグロビン血症	
A819			スローウイルス感染症	
M200			スワンネック変形	
M2449			随意性脱臼	
R830			髄液ＬＤＨ上昇	
R835			髄液ウイルス陽性	
R835			髄液クリプトコッカス陽性	
R838			髄液グロブリン反応陽性	
R835			髄液結核菌陽性	
R836			髄液好中球数増加	
R838			髄液混濁	
R835			髄液細菌培養陽性	
R836			髄液細胞数増加	
G960			髄液耳漏	
R838			髄液線維素網析出	
R838			髄液蛋白細胞数解離	
R838			髄液蛋白増加	
R833			髄液糖値上昇	
R833			髄液糖値低下	
G960			髄液鼻漏	
C716			髄芽腫	
K049			髄室側壁穿孔	
K049			髄床底穿孔	
G039			髄膜炎	
A399			髄膜炎菌感染症	
A394			髄膜炎菌血症	
A398			髄膜炎菌性関節炎	
A398			髄膜炎菌性球後視神経炎	
A398			髄膜炎菌性結膜炎	
A395			髄膜炎菌性心炎	
A395			髄膜炎菌性心筋炎	
A395			髄膜炎菌性心疾患	
A395			髄膜炎菌性心内膜炎	
A395			髄膜炎菌性心膜炎	
A390			髄膜炎菌性髄膜炎	
A398			髄膜炎菌性脊髄炎	
A398			髄膜炎菌性脳炎	
A398			髄膜炎菌性脳脊髄炎	
A394			髄膜炎菌性敗血症	
G09			髄膜炎後遺症	
G09			髄膜炎罹患後精神障害	
C793			髄膜癌腫症	
A171			髄膜結核腫	
D329			髄膜腫	
I608			髄膜出血	
D429			髄膜腫瘍	
R291			髄膜症	
G961			髄膜障害	
G961			髄膜浸潤	
G049			髄膜脊髄炎	
G049			髄膜脳炎	
Q019			髄膜脳瘤	
C793			髄膜白血病	
G961			髄膜癒着	
Q059			髄膜瘤	
Q054			髄膜瘤を伴う水頭症	
D329			髄膜良性腫瘍	
R51			頭重感	
R51			頭痛	
M8909			ズデック症候群	
R869			精液異常	
N508			精液のう腫	
N434			精液瘤	
H535			青黄色盲	
K090			正角化性歯原性のう胞	
F688			性格障害	
F609			性格神経症	
F609			性格反応	
F629			性格変化	
G723			正カリウム血性周期性四肢麻痺	
N508			精管萎縮	
F520			性感異常	
N491			精管炎	
N508			精管狭窄症	
F662			性関係障害	
S3780			精管損傷	
Q553			精管閉鎖	
L270			制癌剤皮膚炎	
F988			性器いじり	
A181			性器結核	
A510			性器下疳	
O324			正期産における児頭陥入不全のための母体管理	
R31			性器出血	
F453			性器神経症	
F529			性機能低下	
Q969			性器発育異常	
F522			性器反応不全	
A600			性器ヘルペス	
D649			正球性正色素性貧血	
D649			正球性貧血	
T814			生検後感染	
T810			生検後出血	
A64			性行為感染症	
G448			性行為に伴う一次性頭痛	
N930			性交後出血	
N941			性交痛	
N941			性交疼痛症	
F522			性交不能症	
C719			星細胞腫	
N508			精索萎縮	
N491			精索炎	
D489			性索間質性腫瘍	
N508			精索狭窄症	
A181			精索結核	
N501			精索血腫	
Q554			精索欠損	
D176			精索脂肪腫	
C631			精索脂肪肉腫	
N508			精索腫瘤	
I861			精索静脈瘤	
N433			精索水瘤	
C631			精索肉腫	
N44			精索捻転	
N508			精索肥大	
N508			精索浮腫	
F55			制酸剤乱用	
R869			精子異常	
D649			正色素性貧血	
N46			精子減少症	
F659			性嗜好の障害	
F656			性嗜好の多重障害	
K007			生歯困難	
R251			静止時振戦	
K100			静止性骨空洞	
F488			青春期内閉神経症	
S399			生殖器外傷	
Q135			青色強膜	
S098			青色鼓膜	
D229			青色母斑	
T439			精神安定剤中毒	
F132			精神安定薬依存	
F131			精神安定薬乱用	
Z004			精神医学的検査	
R458			精神運動興奮状態	
G402			精神運動発作	
G412			精神運動発作重積症	
F621			精神科疾患後の持続的人格変化	
Z046			精神鑑定	
T439			精神作用薬中毒	
F152c			精神刺激薬依存	
R51			精神疾患による頭痛	
F99			精神障害	
F489			精神神経症	
F608			精神神経症的パーソナリティ障害	
F488			精神衰弱	
N911			精神性無月経	
F454			精神痛	
F604			精神的幼児性パーソナリティ障害	
F29			精神病	
F609			精神病質	
F602			精神病質的パーソナリティ障害	
F323			精神病症状を伴う重症うつ病エピソード	
F302			精神病症状を伴う躁病	
F322			精神病症状を伴わない重症うつ病エピソード	
F301			精神病症状を伴わない躁病	
H258			成熟白内障	
C920			成熟を伴う急性骨髄性白血病	
C920			成熟を伴わない急性骨髄性白血病	
G912			正常圧水頭症	
H161			星状角膜炎	
G723			正常カリウム血症性四肢麻痺	
G723			正常カリウム性家族性周期性麻痺	
C719			星状芽細胞腫	
H401			正常眼圧緑内障	
R81			正常血糖性糖尿	
H432			星状硝子体症	
S244			星状神経節損傷	
Z349			正常妊娠	
H350			星状網膜症	
P002			成人Ｔ細胞白血病ウイルス感染母体より出生した児	
C795			成人Ｔ細胞白血病骨髄浸潤	
C915			成人Ｔ細胞白血病リンパ腫	
C915			成人Ｔ細胞白血病リンパ腫・急性型	
C915			成人Ｔ細胞白血病リンパ腫・くすぶり型	
C915			成人Ｔ細胞白血病リンパ腫・慢性型	
C915			成人Ｔ細胞白血病リンパ腫・リンパ腫型	
L208			成人アトピー性皮膚炎	
E751			成人型ＧＭ１ガングリオシドーシス	
E750			成人型ＧＭ２ガングリオシドーシス	
E752			成人型異染性白質ジストロフィー	
E752			成人型クラッベ病	
D801			成人型原発性無ガンマグロブリン血症	
I700			成人型大動脈縮窄症	
C349			成人型肺芽腫	
E740			成人型ポンペ病	
G710			成人偽肥大性筋ジストロフィー	
T749			成人虐待	
A740			成人クラミジア結膜炎	
B019			成人水痘	
M0610			成人スチル病	
K090			成人性歯肉のう胞	
E230			成人成長ホルモン分泌不全	
M4219			成人脊椎骨軟骨症	
E722			成人発症ＩＩ型シトルリン血症	
D848			成人発症型免疫不全症	
K311			成人肥厚性幽門狭窄症	
I675			成人もやもや病	
F660			性成熟障害	
Q998			性染色体異常	
Q969			性腺発育不全	
C629			精巣悪性腫瘍	
C859			精巣悪性リンパ腫	
S380			精巣圧挫傷	
N500			精巣萎縮	
N459			精巣炎	
C629			精巣横紋筋肉腫	
S313			精巣開放創	
N508			精巣過敏症	
S399			精巣外傷	
C629			精巣癌	
C629			精巣奇形癌	
C629			精巣奇形腫	
E290			精巣機能亢進症	
E291			精巣機能不全症	
Q551			精巣形成不全	
A181			精巣結核	
Q550			精巣欠損	
S302			精巣挫傷	
S380			精巣挫滅傷	
S380			精巣挫滅創	
N508			精巣腫脹	
D401			精巣腫瘍	
C629			精巣絨毛癌	
N459			精巣上体炎	
C630			精巣上体癌	
A181			精巣上体結核	
D407			精巣上体腫瘍	
N508			精巣上体腫瘤	
D293			精巣上体腺腫様腫瘍	
N44			精巣上体捻転症	
D293			精巣上体のう腫	
N450			精巣上体膿瘍	
D293			精巣上体平滑筋腫	
D293			精巣上体良性腫瘍	
E895			精巣除去後機能低下症	
D401			精巣性索間質性腫瘍	
E345			精巣性女性化症候群	
N459			精巣精巣上体炎	
S382			精巣切断	
C629			精巣セミノーマ	
D401			精巣セルトリ細胞腫	
S399			精巣損傷	
C629			精巣胎児性癌	
S302			精巣打撲傷	
N508			精巣痛	
C629			精巣肉腫	
T210			精巣熱傷	
N44			精巣捻転症	
N450			精巣膿瘍	
C629			精巣胚細胞腫瘍	
E291			精巣発育障害	
Q551			精巣発育不全	
S313			精巣破裂	
N450			精巣蜂巣炎	
Q551			精巣癒合	
D401			精巣ライディック細胞腫	
C629			精巣卵黄のう腫瘍	
D292			精巣良性腫瘍	
J383			声帯萎縮	
J382			声帯炎	
Z944			生体肝移植後	
J380			声帯外転筋麻痺	
J383			声帯機能不全	
J382			声帯結節症	
J383			声帯溝症	
Z946			生体骨移植後	
R041			声帯出血	
D380			声帯腫瘍	
Z948			生体小腸移植後	
J383			声帯上皮過形成	
Z940			生体腎移植後	
J383			声帯肉芽腫	
D141			声帯乳頭腫	
J383			声帯粘膜線維症	
J383			声帯のう胞	
J383			声帯膿瘍	
Z942			生体肺移植後	
J383			声帯白斑症	
J383			声帯瘢痕形成	
Z945			生体皮膚移植後	
J380			声帯不全麻痺	
J381			声帯ポリープ	
J380			声帯麻痺	
D141			声帯良性腫瘍	
K011			正中過剰埋伏歯	
C040			正中型口腔底癌	
C040			正中型口底癌	
Q188			正中顔面のう胞	
Q188			正中顔面瘻	
Q188			正中顔裂	
Q892			正中頚のう胞	
Q188			正中頚部瘻	
K091			正中口蓋のう胞	
K001			正中歯	
S541			正中神経傷害	
G561			正中神経神経痛	
S441			正中神経上腕部損傷	
S541			正中神経損傷	
S541			正中神経断裂	
G561			正中神経不全麻痺	
G561			正中神経麻痺	
Q361			正中唇裂	
K439			正中腹壁ヘルニア	
Q825			正中部母斑	
K073			正中離開	
K142			正中菱形舌炎	
L651			成長期性脱毛	
R628			成長障害	
R298			成長痛	
D352			成長ホルモン産生下垂体腺腫	
E230			成長ホルモン単独欠損症	
E230			成長ホルモン分泌不全	
E230			成長ホルモン分泌不全性低身長症	
F659			性的逸脱	
T742			性的虐待	
F659			性的倒錯	
F659			性的偏倚	
F521			性的無快楽症	
F640			性転換症	
F649			性同一性障害	
E831			青銅性糖尿病	
H260			青年性白内障	
B07			青年性疣贅	
B07			青年扁平疣贅	
N508			精のう萎縮	
N501			精のううっ血	
N490			精のう炎	
C637			精のう癌	
A181			精のう結核	
D407			精のう腺腫瘍	
N508			精のう腺のう腫	
N508			精のう腺発育不全	
S3780			精のう損傷	
C637			精のう肉腫	
A58			性病性肉芽腫	
A55			性病性リンパ肉芽腫	
A831			西部馬脳炎	
T96			生物学製剤中毒後遺症	
Q560			性分化疾患	
C629			精母細胞性セミノーマ	
Q842			生毛遺残	
J370			声門うっ血	
C322			声門下癌	
J384			声門下浮腫	
S112			声門外傷	
C320			声門癌	
Q318			声門欠損	
C321			声門上癌	
J384			声門上浮腫	
J384			声門浮腫	
Q318			声門閉鎖	
F529			性欲異常	
F520			性欲欠如または性欲喪失	
H522			正乱視	
N391			生理的蛋白尿	
H433			生理的飛蚊症	
B768			セイロン鉤虫症	
G241			瀬川病	
R05			咳	
H168			石化性角膜炎	
H268			赤外線白内障	
D609			赤芽球減少症	
E800			赤芽球増殖性プロトポルフィリン症	
D610			赤芽球ろう	
C809			脊索腫	
R05			咳失神	
L309			赤色湿疹	
G952			脊髄圧迫症	
Q061			脊髄異形成	
G958			脊髄萎縮	
G049			脊髄炎	
G09			脊髄炎後遺症	
G958			脊髄円錐症候群	
G838			脊髄横断障害	
T093			脊髄横断損傷	
G838			脊髄横断不全麻痺	
Q281			脊髄海綿状血管腫	
G959			脊髄過敏症	
Q069			脊髄奇形	
G950			脊髄空洞症	
T060			脊髄くも膜下血腫	
G968			脊髄くも膜下出血	
G961			脊髄くも膜のう胞	
G961			脊髄くも膜癒着症	
Q061			脊髄形成不全	
G958			脊髄係留症候群	
A178			脊髄結核	
A178			脊髄結核腫	
D434			脊髄血管芽腫	
D180			脊髄血管腫	
T093			脊髄血腫	
G951			脊髄梗塞	
G951			脊髄硬膜下出血	
T093			脊髄硬膜外血腫	
G951			脊髄硬膜外出血	
D361			脊髄硬膜外神経鞘腫	
D321			脊髄硬膜外髄膜腫	
G061			脊髄硬膜外膿瘍	
Q273			脊髄硬膜動静脈瘻	
D434			脊髄硬膜内髄外血管芽腫	
D321			脊髄硬膜内髄外神経鞘腫	
D321			脊髄硬膜内髄外髄膜腫	
T093			脊髄挫傷	
G959			脊髄疾患	
D177			脊髄脂肪腫	
Q059			脊髄脂肪髄膜瘤	
G951			脊髄出血	
D434			脊髄腫瘍	
G959			脊髄症	
G112			脊髄小脳失調症３１型	
G112			脊髄小脳失調症６型	
G319			脊髄小脳変性症	
C720			脊髄神経膠腫	
M5419			脊髄神経根症	
T094			脊髄神経根損傷	
D334			脊髄神経鞘腫	
T913			脊髄神経叢損傷後遺症	
T093			脊髄振盪	
C720			脊髄上衣腫	
Q273			脊髄髄内動静脈奇形	
G049			脊髄髄膜炎	
D321			脊髄髄膜腫	
D421			脊髄髄膜腫瘍	
Q059			脊髄髄膜瘤	
G111			脊髄性運動失調	
G951			脊髄性間欠性跛行	
G122			脊髄性筋萎縮症	
G120			脊髄性筋萎縮症Ｉ型	
G121			脊髄性筋萎縮症ＩＩ型	
G121			脊髄性筋萎縮症ＩＩＩ型	
G121			脊髄性筋萎縮症ＩＶ型	
H540			脊髄性黒内障	
C720			脊髄星細胞腫	
A803			脊髄性小児麻痺	
T093			脊髄性ショック	
G961			脊髄性髄膜癒着	
R200			脊髄性片側感覚消失	
G838			脊髄性片麻痺	
G958			脊髄性膀胱機能障害	
T093			脊髄損傷	
T913			脊髄損傷後遺症	
G35			脊髄多発性硬化症	
D321			脊髄多発性神経鞘腫	
D321			脊髄多発性髄膜腫	
G959			脊髄中心管周囲症候群	
G825			脊髄中心症候群	
G959			脊髄痛	
Q273			脊髄動静脈奇形	
I770			脊髄動静脈瘻	
G951			脊髄動脈症候群	
G958			脊髄軟化症	
G061			脊髄膿瘍	
C793			脊髄播種	
Q062			脊髄披裂	
G951			脊髄浮腫	
T093			脊髄不全損傷	
G838			脊髄不全麻痺	
Q273			脊髄辺縁部動静脈瘻	
G039			脊髄膜炎	
A170			脊髄膜結核	
D321			脊髄膜良性腫瘍	
G838			脊髄麻痺	
Q062			脊髄離開	
Q059			脊髄瘤	
A521			脊髄ろう	
A521			脊髄ろう性関節炎	
J459			咳喘息	
M4809			脊柱管狭窄症	
D434			脊柱管内奇形腫	
G951			脊柱管内出血	
D434			脊柱管内腫瘍	
M419			脊柱後側弯症	
M4029			脊柱後弯	
M5399			脊柱障害	
M4199			脊柱前側弯症	
M4059			脊柱前弯	
M4199			脊柱側弯症	
M4399			脊柱弯曲症	
R700			赤沈促進	
C412			脊椎悪性腫瘍	
T08-0			脊椎圧迫骨折	
M4889			脊椎萎縮	
Q764			脊椎異常	
R02			脊椎壊疽	
M4699			脊椎炎	
T08-1			脊椎開放骨折	
M4889			脊椎過敏症	
B902			脊椎カリエス後遺症	
M4329			脊椎関節強直	
M4799			脊椎関節症	
M5489			脊椎関節痛	
G061			脊椎管内肉芽腫	
Q764			脊椎奇形	
Q764			脊椎形成異常	
A180			脊椎結核	
D180			脊椎血管腫	
M5389			脊椎硬直症	
T08-1			脊椎後方開放骨折	
T08-0			脊椎後方骨折	
M4319			脊椎後方すべり症	
T08-0			脊椎骨折	
T911			脊椎骨折後遺症	
Q777			脊椎骨端骨異形成症	
M4629			脊椎骨髄炎	
M8168			脊椎骨粗鬆症	
M8098			脊椎骨粗鬆症・病的骨折あり	
M8398			脊椎骨軟化症	
M4299			脊椎骨軟骨症	
T842			脊椎固定スクリューの脱転	
T842			脊椎固定スクリューの突出	
T842			脊椎固定スクリューのゆるみ	
M4899			脊椎疾患	
M4699			脊椎周囲炎	
D480			脊椎腫瘍	
M4799			脊椎症	
M4899			脊椎障害	
M4719			脊椎症性ミエロパチー	
M4319			脊椎すべり症	
G970			脊椎穿刺からの脳脊髄液漏	
T099			脊椎損傷	
T092			脊椎脱臼	
T090			脊椎打撲傷	
M5499			脊椎痛	
C795			脊椎転移	
T092			脊椎捻挫	
Q059			脊椎披裂症	
M4849			脊椎疲労骨折	
M8448			脊椎病的骨折	
M5329			脊椎不安定症	
M4309			脊椎分離症	
M4319			脊椎分離すべり症	
M4319			脊椎変性すべり症	
T885			脊椎麻酔後頭痛	
D166			脊椎良性腫瘍	
H158			赤道ぶどう腫	
C940			赤白血病	
J628			石粉症	
J920			石綿関連びまん性胸膜肥厚	
F401			赤面恐怖症	
J920			石綿性胸膜斑	
J61			石綿肺	
T520			石油エーテル中毒	
T520			石油スピリット中毒	
T520			石油製品の毒作用	
A039			赤痢	
M0219			赤痢後関節障害	
H535			赤緑色弱	
H535			赤緑色盲	
T888			セクショナルアーチ脱離	
T888			セクショナルアーチ破損	
T888			セクショナルアーチ不適合	
J678			セコイア症	
C841			セザリー症候群	
I630			セスタン−シュネ症候群	
D219			石灰化腱膜線維腫	
D239			石灰化上皮腫	
K828			石灰化胆のう	
M6529			石灰性腱炎	
E835			石灰沈着症	
M6528			石灰沈着性頚長筋腱炎	
I700			石灰沈着性大動脈狭窄症	
D559			赤血球酵素欠乏性貧血	
D751			赤血球増加症	
P583			赤血球増加症による新生児黄疸	
N185			赤血球造血刺激因子製剤低反応性貧血	
R71			赤血球大小不同症	
D594			赤血球破砕症候群	
Q302			切痕性鼻	
K002			切歯口蓋側溝	
F653			窃視症	
S025			切歯破折	
H011			接触眼瞼皮膚炎	
R198			摂食機能障害	
F509			摂食障害	
L506			接触じんま疹	
F658			接触性愛	
H105			接触性眼瞼結膜炎	
K130			接触性口唇炎	
K121			接触性口内炎	
L259			接触皮膚炎	
T140			切創	
T634			節足動物毒	
K072			切端咬合	
L231			接着剤アレルギー性接触皮膚炎	
O624			切迫子宮破裂	
N394			切迫性尿失禁	
O600			切迫早産	
G458			切迫脳卒中	
O200			切迫流産	
L029			せつ	
C860			節外性ＮＫ／Ｔ細胞リンパ腫・鼻型	
H161			雪眼炎	
B470			接合菌腫	
B469			接合菌症	
Q818			接合部型先天性表皮水疱症	
I492			接合部調律	
L029			せつ腫症	
Q178			折耳	
C830			節性辺縁帯リンパ腫	
T141			切断	
T876			切断端萎縮	
T875			切断端壊死	
T874			切断端感染症	
T876			切断端血腫	
T876			切断端拘縮	
T876			切断端浮腫	
E708			セピアプテリン還元酵素欠損症	
L235			セメントアレルギー性接触皮膚炎	
L245			セメント刺激性接触皮膚炎	
K022			セメント質う蝕	
K004			セメント質形成不全	
K034			セメント質増殖症	
K004			セメント質無形成	
J156			セラチア菌肺炎	
A498			セラチア属感染	
T888			セラミックブラケット脱離	
T888			セラミックブラケット破損	
T888			セラミックブラケット不適合	
K900			セリアック病	
D27			セルトリ・ライディック細胞腫	
A054			セレウス菌食中毒	
A418			セレウス菌敗血症	
T887			セロトニン症候群	
T182			線維胃石	
A188			線維乾酪性心膜炎	
M7299			線維芽細胞性障害	
D329			線維芽細胞性髄膜腫	
J941			線維胸	
M7979			線維筋痛症	
C499			線維形成性小円形細胞腫瘍	
C499			線維脂肪肉腫	
D219			線維腫	
K068			線維性エプーリス	
E065			線維性甲状腺腫	
M8509			線維性骨異形成症	
M8569			線維性骨炎	
M8509			線維性骨皮質欠損	
I308			線維性心膜炎	
D24			線維腺腫	
R253			線維束性攣縮	
D65			線維素溶解性紫斑病	
C499			線維肉腫	
Q618			線維のう胞性腎	
R402			遷延性意識障害	
K739			遷延性肝炎	
R05			遷延性咳嗽	
N915			遷延性月経	
H208			遷延性虹彩炎	
S067			遷延性昏睡	
I330			遷延性心内膜炎	
G431			遷延性前兆で脳梗塞を伴わない片頭痛	
N258			遷延性副甲状腺機能亢進症	
T885			遷延性無呼吸	
F432			遷延性抑うつ反応	
A539			遷延梅毒	
O639			遷延分娩	
J039			腺窩性アンギナ	
T703			潜函病性骨壊死	
H531			閃輝暗点	
H438			閃輝性融解	
A630			尖圭コンジローマ	
O983			尖圭コンジローマ合併妊娠	
K255			穿孔性胃潰瘍	
H160			穿孔性角膜潰瘍	
H184			穿孔性角膜軟化	
L920			穿孔性環状肉芽腫	
K265			穿孔性十二指腸潰瘍	
H669			穿孔性中耳炎	
K650			穿孔性腹腔内膿瘍	
K650			穿孔性腹膜炎	
K285			穿孔性吻合部潰瘍	
H268			閃光白内障	
C414			仙骨悪性腫瘍	
S3211			仙骨開放骨折	
M4808			仙骨狭窄症	
D480			仙骨巨細胞腫	
S3210			仙骨亀裂骨折	
S3210			仙骨骨折	
C414			仙骨骨肉腫	
D480			仙骨腫瘍	
M5338			仙骨痛	
C414			仙骨軟骨肉腫	
Q764			仙骨尾骨異常	
C435			仙骨部悪性黒色腫	
Q764			仙骨部奇形	
C445			仙骨部基底細胞癌	
S300			仙骨部挫傷	
S318			仙骨部挫創	
L899			仙骨部褥瘡	
C414			仙骨部脊索腫	
Q058			仙骨部脊椎破裂	
S300			仙骨部打撲傷	
M4628			仙骨部膿瘍	
C445			仙骨部皮膚癌	
S310			仙骨部皮膚欠損創	
D045			仙骨部ボーエン病	
C445			仙骨部有棘細胞癌	
C414			仙骨ユーイング肉腫	
D168			仙骨良性腫瘍	
L240			洗剤刺激性接触皮膚炎	
R17			潜在性黄疸	
A169			潜在性結核感染症	
E221			潜在性高プロラクチン血症	
Q760			潜在性脊椎披裂	
F21			潜在性統合失調症	
R730			潜在性糖尿病	
O368			潜在胎児機能不全	
T55			洗剤中毒	
S561			浅指屈筋腱断裂	
N851			腺腫性子宮内膜増殖症	
D369			腺腫性ポリープ	
E049			腺腫様甲状腺腫	
S652			浅掌動静脈損傷	
Q999			染色体異常	
Z360			染色体異常の分娩前スクリーニング	
Q939			染色体欠失症候群	
Q935			染色体部分失欠	
S561			浅深指屈筋腱断裂	
Q173			尖耳	
L138			線状ＩｇＡ水疱性皮膚症	
D802			線状ＩｇＡ病	
H161			線状角膜炎	
L941			線状強皮症	
Q809			線状魚鱗癬	
T1420			線状骨折	
K002			栓状歯	
G232			線条体黒質変性症	
G258			線条体障害	
L442			線状苔癬	
L906			線状皮膚萎縮症	
H309			線状網膜炎	
Q503			線状卵巣	
T703			潜水夫麻痺	
K130			腺性口唇炎	
K090			腺性歯原性のう胞	
Q668			尖足	
F940			選択性かん黙	
O820			選択的帝王切開	
O925			選択的乳汁分泌抑制	
E220			先端巨大症	
R200			先端失認症	
F402			先端神経症	
R200			先端知覚脱失	
R200			先端知覚麻痺	
S750			浅大腿動脈損傷	
B820			線虫症	
S332			仙腸関節亜脱臼	
M1315			仙腸関節炎	
Q742			仙腸関節奇形	
M2425			仙腸関節弛緩	
M1995			仙腸関節症	
S336			仙腸関節ストレイン	
S332			仙腸関節脱臼	
M2555			仙腸関節痛	
S336			仙腸関節捻挫	
M4618			仙腸骨炎	
Q742			仙腸部関節癒合	
S342			仙椎神経根損傷	
R104			仙痛	
I635			穿通枝梗塞	
K255			穿通性胃潰瘍	
S2681			穿通性心臓外傷	
K265			穿通性十二指腸潰瘍	
S0691			穿通性頭部外傷	
T141			穿通創	
O720			穿通胎盤	
O730			穿通胎盤・出血を伴わない	
Q899			先天異常	
Q897			先天異常症候群	
H335			先天鎌状網膜剥離	
K006			先天歯	
P353			先天性Ａ型肝炎	
E748			先天性ＧＰＩ欠損症	
D740			先天性ＮＡＤＨ・メトヘモグロビン還元酵素欠損症	
E230			先天性ＴＳＨ分泌低下症	
Q395			先天性アカラシア	
D510			先天性悪性貧血	
G803			先天性アテトーシス	
Q402			先天性胃憩室	
Q132			先天性異色症	
Q403			先天性胃変形	
Q556			先天性陰茎奇形	
P353			先天性ウイルス肝炎	
P359			先天性ウイルス感染症	
K068			先天性エプーリス	
Q128			先天性円錐水晶体	
Q790			先天性横隔膜ヘルニア	
Q412c			先天性回腸狭窄症	
Q668			先天性鉤爪趾	
Q828			先天性角化異常症	
G122			先天性核上性球麻痺	
Q134			先天性角膜奇形	
Q133			先天性角膜混濁	
Q380			先天性下唇瘻	
E230			先天性下垂体機能低下症	
Q688			先天性肩脱臼	
Q260			先天性下大静脈狭窄症	
H185			先天性顆粒状角膜変性	
Q447			先天性肝欠損	
P788			先天性肝硬変	
Q447			先天性肝腫大	
Q245			先天性冠状動脈異常	
Q245			先天性冠状動脈瘤	
Q245			先天性冠状動脈瘻	
P379			先天性感染	
Q447			先天性肝線維症	
Q447			先天性肝臓位置異常	
Q444			先天性肝内胆管拡張症	
Q446			先天性肝のう胞	
D410			先天性間葉芽腎腫	
Q527			先天性外陰奇形	
Q527			先天性外陰欠損	
Q527			先天性外陰のう胞	
Q179			先天性外耳奇形	
Q161			先天性外耳道狭窄症	
Q161			先天性外耳道閉鎖症	
H492			先天性外転神経麻痺	
Q643			先天性外尿道口狭窄症	
Q658			先天性外反股	
Q384			先天性がま腫	
Q159			先天性眼異常	
Q159			先天性眼奇形	
H519			先天性眼球運動障害	
Q100			先天性眼瞼下垂	
Q101			先天性眼瞼外反症	
Q102			先天性眼瞼内反症	
H55			先天性眼振	
Q103			先天性眼裂縮小	
Q321			先天性気管異常	
Q321			先天性気管拡張	
Q321			先天性気管奇形	
Q321			先天性気管狭窄症	
Q334			先天性気管支拡張症	
Q323			先天性気管支狭窄症	
Q392			先天性気管支食道瘻	
Q322			先天性気管支軟化症	
Q392			先天性気管食道瘻	
Q320			先天性気管軟化症	
Q321			先天性気管瘤	
Q729			先天性脚長不等	
Q158			先天性球状角膜	
Q767			先天性胸骨欠損	
Q680			先天性胸鎖乳突筋腫瘤	
Q845			先天性巨爪	
Q278			先天性巨大動脈瘤	
Q383			先天性亀裂舌	
Q798			先天性筋萎縮症	
P941			先天性筋緊張亢進	
P942			先天性筋緊張低下	
G712			先天性筋ジストロフィー	
Q680			先天性筋性斜頚	
G712			先天性筋線維不均等症	
G702			先天性筋無力症候群	
Q809			先天性魚鱗癬	
Q808			先天性魚鱗癬様紅皮症	
Q411c			先天性空腸狭窄症	
P231			先天性クラミジア肺炎	
Q684			先天性脛骨弯曲	
G800			先天性痙性麻痺	
Q761			先天性頚椎癒合症	
P370			先天性結核	
Q828			先天性血管拡張性大理石様皮斑	
D691			先天性血小板機能低下	
M311			先天性血栓性血小板減少性紫斑病	
Q432			先天性結腸拡張症	
Q438			先天性結腸憩室炎	
D689			先天性血液凝固因子異常	
Q688			先天性肩甲骨変形	
Q798			先天性腱短縮	
E703			先天性限局白皮症	
E161			先天性高インスリン血症	
Q506			先天性広間膜奇形	
Q131			先天性虹彩欠損	
Q131			先天性虹彩部分欠損	
Q380			先天性口唇瘻	
E031			先天性甲状腺萎縮	
E031			先天性甲状腺機能低下症	
D71			先天性好中球機能不全症	
D70			先天性好中球減少症	
Q318			先天性喉頭狭窄症	
Q642			先天性後部尿道弁	
Q282			先天性硬膜動静脈瘻	
Q423c			先天性肛門狭窄症	
Q436			先天性肛門瘻	
Q798			先天性絞扼輪	
Q655			先天性股関節亜脱臼	
Q658			先天性股関節位置異常	
Q659			先天性股関節症	
Q652			先天性股関節脱臼	
Q652			先天性股関節脱臼遺残変形	
Q652			先天性股関節脱臼後遺症	
Q652			先天性股関節脱臼前状態	
M167			先天性股関節脱臼治療後亜脱臼	
Q349			先天性呼吸器異常	
Q349			先天性呼吸器欠損	
D610			先天性再生不良性貧血	
P351			先天性サイトメガロウイルス感染症	
Q270			先天性臍動脈形成不全症	
Q270			先天性臍動脈欠損症	
Q740			先天性鎖骨偽関節	
Q688			先天性鎖骨変形	
Q248			先天性左室憩室	
Q846			先天性匙状爪	
Q224			先天性三尖弁狭窄症	
Q228			先天性三尖弁閉鎖不全症	
H535			先天性色覚異常	
Q828			先天性色素異常症	
Q510			先天性子宮欠損	
Q713			先天性指欠損	
Q723			先天性趾欠損	
E789			先天性脂質代謝異常	
G808			先天性四肢麻痺	
Q675			先天性姿勢性脊柱側弯症	
Q682			先天性膝関節脱臼	
Q741			先天性膝蓋骨欠損	
Q741			先天性膝蓋骨脱臼	
E881			先天性脂肪萎縮症	
Q140			先天性硝子体混濁	
Q419c			先天性小腸狭窄症	
Q132			先天性小瞳孔	
G110			先天性小脳性運動失調症	
Q393			先天性食道狭窄症	
Q398			先天性食道偏位	
Q401			先天性食道裂孔ヘルニア	
Q248			先天性心筋奇形	
Q078			先天性神経系萎縮	
Q079			先天性神経系異常	
Q249			先天性心疾患	
Q246			先天性心ブロック	
Q248			先天性心膜奇形	
Q248			先天性心膜欠損症	
Q173			先天性耳介奇形	
Q160			先天性耳介欠損	
Q164			先天性耳管異常	
Q178			先天性耳垂欠損	
H530			先天性弱視	
P969			先天性弱質	
Q341			先天性縦隔のう胞	
Q410c			先天性十二指腸狭窄症	
Q439			先天性十二指腸変形	
Q260			先天性上大静脈狭窄症	
Q274			先天性静脈拡張症	
Q278			先天性静脈瘤	
Q181			先天性耳瘻孔	
Q605			先天性腎萎縮	
Q639			先天性腎異常	
Q621			先天性腎盂尿管移行部狭窄	
Q638			先天性腎結石	
N251			先天性腎性尿崩症	
Q273			先天性腎動静脈瘻	
Q271			先天性腎動脈狭窄症	
Q610			先天性腎のう胞	
Q450			先天性膵欠損	
Q129			先天性水晶体奇形	
Q121			先天性水晶体偏位	
Q620			先天性水腎症	
Q620			先天性水腎水尿管	
Q039			先天性水頭症	
P358			先天性水痘症候群	
Q620			先天性水尿管	
Q452			先天性膵のう胞	
Q402			先天性砂時計状胃	
Q069			先天性髄膜異常	
Q069			先天性髄膜変形	
P835			先天性精巣水腫	
Q311			先天性声門下狭窄症	
Q069			先天性脊髄異常	
Q069			先天性脊髄変形	
Q675			先天性脊柱後側弯症	
Q764			先天性脊柱後弯	
Q764			先天性脊柱前弯	
Q675			先天性脊柱側弯症	
Q762			先天性脊椎すべり症	
Q762			先天性脊椎分離症	
Q764			先天性脊椎癒合	
D644			先天性赤血球形成異常性貧血	
D644			先天性赤血球酵素異常	
Q303			先天性穿孔性鼻中隔	
Q382			先天性舌肥大	
E881			先天性全身性脂肪萎縮症	
Q758			先天性前頭変形	
P288			先天性喘鳴	
Q688			先天性前腕変形	
Q445			先天性総胆管拡張症	
Q233			先天性僧帽弁狭窄兼閉鎖不全症	
Q232			先天性僧帽弁狭窄症	
Q232			先天性僧帽弁閉鎖症	
Q233			先天性僧帽弁閉鎖不全症	
Q743			先天性多発性関節拘縮症	
Q842			先天性多毛症	
Q444			先天性胆管拡張症	
Q443			先天性胆管狭窄症	
E755			先天性胆汁酸代謝異常症	
Q444			先天性胆道拡張症	
Q440			先天性胆のう欠損	
D682			先天性第Ｘ因子欠乏症	
D681			先天性第ＸＩ因子欠乏症	
D682			先天性第ＸＩＩ因子欠乏症	
D682			先天性第ＸＩＩＩ因子Ａサブユニット欠乏症	
D682			先天性第ＸＩＩＩ因子Ｂサブユニット欠乏症	
D682			先天性第ＸＩＩＩ因子欠乏症	
Q260			先天性大静脈狭窄症	
Q683			先天性大腿骨弯曲	
Q429c			先天性大腸狭窄症	
Q429b			先天性大腸閉鎖	
Q254			先天性大動脈拡張	
Q230			先天性大動脈弁狭窄症	
Q231			先天性大動脈弁閉鎖不全症	
Q254			先天性大動脈瘤	
G378			先天性大脳白質形成不全症	
P250			先天性大葉性肺気腫	
Q384			先天性唾液腺瘻	
Q524			先天性腟異常	
Q524			先天性腟奇形	
Q120			先天性中心性白内障	
Q438			先天性虫垂位置異常	
Q079			先天性中枢神経異常	
G473			先天性中枢性低換気症候群	
F802			先天性聴覚無知覚症	
Q685			先天性長管骨弯曲	
Q419b			先天性腸管閉鎖症	
Q438			先天性腸憩室	
Q421c			先天性直腸狭窄症	
Q522			先天性直腸腟瘻	
Q436			先天性直腸瘻	
Q764			先天性椎骨欠損	
G808			先天性対麻痺	
Q668			先天性槌趾	
Q846			先天性爪萎縮	
Q846			先天性爪異常	
Q844			先天性爪白斑症	
D610			先天性低形成貧血	
Q120			先天性点状白内障	
Q899			先天性殿部奇形	
Q674			先天性頭蓋変形	
Q688			先天性橈骨頭脱臼	
E749			先天性糖代謝異常	
Q842			先天性頭髪発育不全	
P371			先天性トキソプラズマ症	
I898			先天性特発性乳び腹水	
Q132			先天性瞳孔不同症	
Q273			先天性動静脈瘤	
Q273			先天性動静脈瘻	
Q278			先天性動脈狭窄症	
Q278			先天性動脈瘤	
D71			先天性貪食能異常症	
H500			先天性内斜視	
Q658			先天性内反股	
Q714			先天性内反手	
Q668			先天性内反足	
Q663			先天性内反母趾	
H905			先天性難聴	
I898			先天性乳び胸	
Q839			先天性乳房異常	
Q628			先天性尿管異常	
Q622			先天性尿管拡張症	
Q628			先天性尿管奇形	
Q621			先天性尿管狭窄症	
Q621			先天性尿管腎盂移行部閉塞症	
Q621			先天性尿管閉塞症	
Q621			先天性尿管膀胱開口部閉塞症	
Q623			先天性尿管瘤	
Q647			先天性尿道奇形	
Q643			先天性尿道狭窄症	
Q645			先天性尿道欠損	
Q647			先天性尿道脱	
Q647			先天性尿道直腸瘻	
Q642			先天性尿道弁	
Q524			先天性ヌック管のう胞	
P373			先天性熱帯熱マラリア	
N049			先天性ネフローゼ症候群	
Q048			先天性脳萎縮	
Q049			先天性脳異常	
Q049			先天性脳奇形	
Q049			先天性脳疾患	
D432			先天性脳腫瘍	
Q282			先天性脳動静脈瘤	
Q283			先天性脳動脈瘤	
I609			先天性脳動脈瘤破裂	
Q046			先天性脳のう胞	
Q330			先天性のう胞性腺腫様形成異常	
Q330			先天性のう胞性肺疾患	
Q330			先天性のう胞肺	
Q338			先天性肺萎縮	
P239			先天性肺炎	
P250			先天性肺気腫	
Q268			先天性肺静脈狭窄症	
P278			先天性肺線維症	
Q257			先天性肺動静脈瘻	
Q257			先天性肺動脈異常	
O998			先天性肺動脈狭窄合併妊娠	
Q221			先天性肺動脈弁狭窄症	
Q222			先天性肺動脈弁閉鎖不全症	
Q257			先天性肺動脈瘤	
J840			先天性肺胞蛋白症	
Q120			先天性白内障	
G378			先天性白内障を伴う髄鞘形成不全症	
E703			先天性白皮症	
Q301			先天性鼻欠損症	
Q682			先天性反張膝	
Q846			先天性ばち爪	
Q681			先天性ばち指	
G711			先天性パラミオトニア	
Q400			先天性肥厚性幽門狭窄症	
Q684			先天性腓骨弯曲	
Q741			先天性膝外反	
Q741			先天性膝内反	
G110			先天性非進行性運動失調症	
Q688			先天性肘脱臼	
Q688			先天性肘変形	
Q890			先天性脾肥大	
Q848			先天性皮膚欠損	
Q819			先天性表皮水疱症	
P614			先天性貧血	
Q348			先天性鼻咽腔閉鎖	
Q388			先天性鼻咽腔閉鎖不全	
Q674			先天性鼻中隔弯曲症	
P350			先天性風疹症候群	
E250			先天性副腎過形成	
E250			先天性副腎性器症候群	
Q891			先天性副腎低形成症	
Q899			先天性腹部奇形	
Q433b			先天性腹膜癒着	
K072			先天性不正咬合	
G803			先天性舞踏病	
K000			先天性部分無歯症	
D688			先天性プラスミノゲン欠損症	
P352			先天性ヘルペスウイルス感染症	
Q665			先天性扁平足	
G802			先天性片麻痺	
Q330			先天性蜂巣状肺	
D841			先天性補体欠損症	
Q647			先天性膀胱奇形	
Q646			先天性膀胱憩室	
Q643			先天性膀胱頚部閉塞症	
Q645			先天性膀胱欠損	
Q627			先天性膀胱尿管逆流	
Q643			先天性膀胱尿道開口部狭窄症	
Q647			先天性膀胱ヘルニア	
E802			先天性ポルフィリン症	
G711			先天性ミオトニア	
G712			先天性ミオパチー	
D800			先天性無ガンマグロブリン血症	
D694			先天性無巨核球性血小板減少症	
Q123			先天性無水晶体	
G608			先天性無痛無汗症	
E880			先天性無トランスフェリン血症	
D682			先天性無フィブリノゲン血症	
Q840			先天性無毛症	
D740			先天性メトヘモグロビン血症	
D848			先天性免疫不全症候群	
Q438			先天性盲係蹄症候群	
Q842			先天性毛髪異常	
Q842			先天性毛髪奇形	
Q141			先天性網膜血管走行異常	
Q141			先天性網膜動脈瘤	
H335			先天性網膜剥離	
Q265			先天性門脈欠損症	
Q402			先天性幽門閉鎖	
E009			先天性ヨード欠乏症候群	
D528			先天性葉酸吸収不全	
E730			先天性ラクターゼ欠損症	
Q506			先天性卵管奇形	
H522			先天性乱視	
Q503			先天性卵巣奇形	
Q500			先天性卵巣欠損	
Q502			先天性卵巣捻転	
Q501			先天性卵巣のう胞	
P372			先天性リステリア症	
E250			先天性リポイド副腎過形成症	
Q105			先天性涙管閉塞症	
H905			先天性聾	
Q766			先天性肋骨欠損	
Q766			先天性肋骨癒合	
A509			先天梅毒	
A504			先天梅毒髄膜炎	
A504			先天梅毒性多発ニューロパチー	
A504			先天梅毒脊髄炎	
A504			先天梅毒脳炎	
A504			先天梅毒脳脊髄炎	
Q750			尖頭蓋	
Q870			尖頭合指症	
F430			戦闘疲労	
G712			セントラルコア病	
A833			セントルイス脳炎	
B279			腺熱	
A798			腺熱リケッチア症	
S332			仙尾関節脱臼	
D481			仙尾部奇形腫	
D487			仙尾部腫瘍	
C763			仙尾部胚細胞腫瘍	
H164			腺病性パンヌス	
T888			線副子破損	
T888			線副子不適合	
M5338			仙部痛	
Q112			潜伏眼球	
Q870			潜伏眼球症候群	
H55			潜伏眼振	
H570			潜伏散瞳	
A501			潜伏性早期先天梅毒	
A515			潜伏性早期梅毒	
A506			潜伏性晩期先天梅毒	
A530			潜伏梅毒	
A668			潜伏フランベジア	
A200			腺ペスト	
F059			せん妄	
Q348			線毛機能不全症候群	
B75			旋毛虫症	
D65			線溶亢進	
L234			染料アレルギー性接触皮膚炎	
H160			ゼーミッシュ潰瘍	
Q992			脆弱Ｘ症候群	
Q992			脆弱Ｘ症候群関連疾患	
Q992			脆弱Ｘ随伴振戦・失調症候群	
M8449			脆弱性骨折	
R061			ぜいぜい音	
S017			舌下顎挫創	
K116			舌下型がま腫	
K122			舌下隙膿瘍	
G523			舌下神経炎	
G523			舌下神経障害	
S048			舌下神経損傷	
G523			舌下神経麻痺	
I860			舌下静脈瘤	
K110			舌下腺萎縮	
K112			舌下腺炎	
C081			舌下腺癌	
D370			舌下腺腫瘍	
K119			舌下腺腫瘤	
K115			舌下腺唾石症	
K113			舌下腺膿瘍	
K111			舌下腺肥大	
D117			舌下腺良性腫瘍	
Q871			ゼッケル症候群	
K148			舌根腫瘤	
C01			舌根部癌	
E049			舌根部甲状腺腫	
D370			舌根部腫瘍	
K148			舌根部粘膜下出血	
T172			舌根扁桃異物	
C021			舌尖癌	
T888			舌側弧線装置脱離	
T888			舌側弧線装置破損	
T888			舌側弧線装置不適合	
K073			舌側転位歯	
H510			絶対性注視麻痺	
I489			絶対性不整脈	
H570			絶対瞳孔強直	
H534			絶対半盲	
H445			絶対緑内障	
K148			舌萎縮	
T180			舌異物	
G521			舌咽神経障害	
S048			舌咽神経損傷	
G521			舌咽神経痛	
G521			舌咽神経麻痺	
K140			舌炎	
C021			舌縁癌	
S015			舌開放創	
D180			舌海綿状血管腫	
K140			舌潰瘍	
C022			舌下面癌	
D000			舌下面上皮内癌	
B370			舌カンジダ症	
S099			舌外傷	
C029			舌癌	
Q383			舌奇形	
Q381			舌繋瘢痕性短縮症	
D180			舌血管腫	
S005			舌咬傷	
Q892			舌甲状腺	
S015			舌咬創	
S1281			舌骨開放骨折	
S1280			舌骨骨折	
S015			舌挫創	
K148			舌色素沈着症	
S015			舌刺創	
C029			舌脂肪肉腫	
D370			舌腫瘍	
K148			舌腫瘤	
Q383			舌小帯異常	
Q381			舌小帯短縮症	
G509			舌神経麻痺	
D000			舌上皮内癌	
T888			舌接触補助床破損	
T888			舌接触補助床不適合	
S015			舌切創	
K918			舌切除後遺症	
D101			舌線維腫	
S015			舌創傷	
K143			舌苔	
B888			舌虫症	
K146			舌痛症	
Q383			舌低形成	
F988			舌突出癖	
K144			舌乳頭萎縮	
K140			舌乳頭炎	
D101			舌乳頭腫	
K143			舌乳頭肥大	
T280			舌熱傷	
K116			舌粘液のう胞	
K135			舌粘膜下線維症	
K140			舌膿瘍	
C020			舌背癌	
K132			舌白板症	
K148			舌肥大	
K140			舌びらん	
J039			舌扁桃炎	
J351			舌扁桃肥大	
K149			舌ポリープ	
Q383			舌癒着	
D101			舌良性腫瘍	
S015			舌裂創	
Q383			舌裂	
F980			全遺尿	
I663			前下小脳動脈閉塞症	
I671			前下小脳動脈瘤	
H493			全外眼筋麻痺	
C433			前額部悪性黒色腫	
S011			前額部開放創	
S011			前額部割創	
S011			前額部貫通創	
S011			前額部外傷性異物	
L810			前額部外傷性色素沈着	
S002			前額部外傷性腫脹	
S002			前額部外傷性皮下異物	
C443			前額部基底細胞癌	
D170			前額部血管脂肪腫	
S011			前額部咬創	
S002			前額部擦過創	
S001			前額部挫傷	
S011			前額部挫創	
S011			前額部刺創	
D170			前額部脂肪腫	
D223			前額部青色母斑	
D233			前額部石灰化上皮腫	
S002			前額部切創	
S011			前額部創傷	
T201			前額部第１度熱傷	
T202			前額部第２度熱傷	
T203			前額部第３度熱傷	
S001			前額部打撲傷	
T639			前額部虫刺症	
S002			前額部虫刺傷	
L020			前額部膿瘍	
S001			前額部皮下血腫	
S001			前額部皮下出血	
C443			前額部皮膚癌	
S018			前額部皮膚欠損創	
D223			前額部扁平母斑	
D043			前額部ボーエン病	
D223			前額部母斑	
D223			前額部母斑細胞母斑	
C443			前額部メルケル細胞癌	
C443			前額部有棘細胞癌	
S011			前額部裂創	
H440			全眼球炎	
Q139			前眼部形成異常	
Q139			前眼部の先天奇形	
O429			前期破水	
O422			前期破水・治療による分娩遷延	
O421			前期破水・分娩開始が破水後２４時間以降	
O420			前期破水・分娩開始が破水後２４時間未満	
P011			前期破水による新生児の障害	
P011			前期破水による胎児の障害	
O429			前期破水による羊水過少症	
C435			前胸部悪性黒色腫	
C445			前胸部基底細胞癌	
M7298			前胸部筋筋膜炎	
D180			前胸部血管腫	
S203			前胸部擦過創	
S202			前胸部挫傷	
S211			前胸部挫創	
S211			前胸部刺創	
R222			前胸部腫脹	
R222			前胸部腫瘤	
T211			前胸部第１度熱傷	
T212			前胸部第２度熱傷	
T213			前胸部第３度熱傷	
S202			前胸部打撲傷	
R072			前胸部痛	
T210			前胸部熱傷	
L022			前胸部膿瘍	
C445			前胸部皮膚癌	
D045			前胸部ボーエン病	
R012			前胸部摩擦音	
C445			前胸部有棘細胞癌	
D181			前胸部リンパ管腫	
R073			前胸壁痛	
H250			前極白内障	
S932			前距腓靱帯損傷	
S932			前距腓靱帯断裂	
S934			前距腓靱帯捻挫	
F21			前駆期統合失調症	
O479			前駆陣痛	
S862			前脛骨筋損傷	
S851			前脛骨動脈損傷	
S017			前頚頭頂部挫創	
S934			前脛腓靱帯損傷	
S108			前頚部擦過創	
S108			前頚部挫傷	
Q431			全結腸型ヒルシュスプルング病	
R411			前向性健忘	
I668			前交通動脈閉塞症	
I671			前交通動脈瘤	
I602			前交通動脈瘤破裂によるくも膜下出血	
G561			前骨間神経麻痺	
S835			前後十字靱帯損傷	
H535			全色盲	
N813			全子宮脱	
N855			全子宮内反症	
K054			前思春期性歯周炎	
R470			全失語症	
K072			前歯部開咬	
K072			前歯部交叉咬合	
K072			前歯部反対咬合	
G540			前斜角筋症候群	
R53			全身違和感	
M082			全身型若年性特発性関節炎	
M0821			全身型若年性特発性関節炎・肩関節	
M0825			全身型若年性特発性関節炎・股関節	
M0827			全身型若年性特発性関節炎・趾関節	
M0824			全身型若年性特発性関節炎・指関節	
M0826			全身型若年性特発性関節炎・膝関節	
M0823			全身型若年性特発性関節炎・手関節	
M0827			全身型若年性特発性関節炎・足関節	
M0820			全身型若年性特発性関節炎・多関節	
M0822			全身型若年性特発性関節炎・肘関節	
G700			全身型重症筋無力症	
M313			全身型多発血管炎性肉芽腫症	
R568			全身痙攣	
R568			全身痙攣発作	
R53			全身倦怠感	
G728			全身こむらがえり病	
T140			全身擦過創	
T009			全身挫傷	
L309			全身湿疹	
A288			全身性アクチノバチルス症	
E859			全身性アミロイドーシス	
L239			全身性アレルギー性皮膚炎	
M329			全身性エリテマトーデス	
M321			全身性エリテマトーデス性間質性肺炎	
M321			全身性エリテマトーデス性呼吸器障害	
F069			全身性エリテマトーデス精神病	
M321			全身性エリテマトーデス性心膜炎	
M321			全身性エリテマトーデス性脳動脈炎	
M321			全身性エリテマトーデス性ミオパチー	
M321			全身性エリテマトーデス脊髄炎	
M321			全身性エリテマトーデス脳炎	
M321			全身性エリテマトーデス脳脊髄炎	
R659			全身性炎症反応症候群	
B378			全身性カンジダ症	
M340			全身性強皮症	
M348			全身性強皮症性呼吸器障害	
M6250			全身性筋萎縮	
D692			全身性紫斑病	
E881			全身性脂肪萎縮症	
R53			全身性身体消耗	
M359			全身性自己免疫疾患	
G248			全身性ジストニア	
R611			全身性多汗症	
L631			全身性脱毛症	
C799			全身性転移性癌	
R601			全身性浮腫	
I731			全身性閉塞性血栓血管炎	
A484			全身性ヘモフィルスエジプチウス感染症	
M150			全身性変形性関節症	
A217			全身性野兎病	
L239			全身接触性皮膚炎	
T291			全身第１度熱傷	
T292			全身第２度熱傷	
T293			全身第３度熱傷	
T009			全身打撲	
T659			全身中毒症	
R529			全身痛	
K080			全身的原因による歯の脱落	
L010			全身伝染性膿痂疹	
T290			全身熱傷	
L011			全身膿痂疹性湿疹	
R208			全身のしびれ感	
L400			全身の尋常性乾癬	
R21			全身発疹	
G609			全身末梢神経症	
L440			全身毛孔性紅色粃糠疹	
L270			全身薬疹	
C381			前縦隔悪性腫瘍	
C381			前縦隔脂肪肉腫	
D383			前縦隔腫瘍	
C381			前縦隔セミノーマ	
S835			前十字靱帯損傷	
S835			前十字靱帯断裂	
S8210			前十字靱帯付着部剥離骨折	
M4889			前縦靱帯骨化症	
M470			前脊髄動脈圧迫症候群	
G951			前脊髄動脈症候群	
Q059			全脊椎裂	
O441			全前置胎盤	
Q042			全前脳胞症	
T888			前装金属ポンティック破損	
O321			全足位	
J459			喘息性気管支炎	
M7967			前足部痛	
M2167			前足部変形	
I670			前大脳動脈解離	
I661			前大脳動脈狭窄	
I661			前大脳動脈血栓症	
I661			前大脳動脈症候群	
I661			前大脳動脈塞栓症	
I661			前大脳動脈閉塞症	
I671			前大脳動脈瘤	
I606			前大脳動脈瘤破裂によるくも膜下出血	
R201			全知覚鈍麻	
O694			前置血管	
P500			前置血管からの胎児失血	
P026			前置血管新生児	
P026			前置血管胎児	
O441			前置胎盤	
N811			前腟脱	
B839			蠕虫症	
G431			前兆のある片頭痛	
G430			前兆のない片頭痛	
H830			前庭炎	
H810			前庭型メニエール病	
H819			前庭障害	
H812			前庭神経炎	
Q165			前庭水管拡大症	
H819			前庭性運動失調症	
O323			前頭位のための母体管理	
O323			前頭位分娩	
S0211			前頭蓋窩開放骨折	
S0210			前頭蓋窩骨折	
S0210			前頭蓋底骨折	
C410			前頭骨悪性腫瘍	
S0201			前頭骨開放骨折	
S0201			前頭骨開放性陥没骨折	
S0200			前頭骨陥没骨折	
S0200			前頭骨骨折	
D164			前頭骨骨腫	
D480			前頭骨腫瘍	
S0200			前頭骨線状骨折	
D164			前頭骨内軟骨腫	
M8528			前頭骨内板過骨症	
D164			前頭骨良性腫瘍	
D320			前頭髄膜腫	
G310			前頭側頭葉型認知症	
G310			前頭側頭葉変性症	
O648			前頭頂骨進入	
T170			前頭洞異物	
J321			前頭洞炎	
S0211			前頭洞開放骨折	
C312			前頭洞癌	
S0210			前頭洞骨折	
D164			前頭洞骨腫	
J341			前頭洞のう胞	
R730			前糖尿病	
S010			前頭部割創	
S000			前頭部挫傷	
S010			前頭部挫創	
D233			前頭部石灰化上皮腫	
S010			前頭部切創	
S000			前頭部打撲傷	
R51			前頭部痛	
C793			前頭部転移性腫瘍	
G060			前頭部脳膿瘍	
Q010			前頭部脳瘤	
S010			前頭部皮膚欠損創	
C711			前頭葉悪性腫瘍	
Q283			前頭葉海綿状血管腫	
Q283			前頭葉血管腫	
C711			前頭葉膠芽腫	
D430			前頭葉腫瘍	
F070			前頭葉症候群	
C711			前頭葉神経膠腫	
Q283			前頭葉静脈性血管腫	
C711			前頭葉星細胞腫	
C711			前頭葉退形成性星細胞腫	
C711			前頭葉退形成性乏突起膠腫	
G402			前頭葉てんかん	
C711			前頭葉乏突起神経膠腫	
K073			前突歯	
R192			蠕動亢進	
H250			前のう下白内障	
J869			全膿胸	
Q269			全肺静脈先天異常	
F411			全般性不安障害	
T888			全部金属冠過高	
T888			全部金属冠粗造	
T888			全部金属冠脱離	
T888			全部金属冠低位	
T888			全部金属冠破損	
T888			全部金属冠不適合	
K040			全部性歯髄炎	
O010			全胞状奇胎	
H447			前房異物残留	
H210			前房出血	
H200			前房蓄膿	
H160			前房蓄膿性角膜炎	
H200			前房蓄膿性虹彩炎	
H213			前房のう胞	
T143			前方脱臼	
H312			全脈絡膜萎縮症	
R061			喘鳴	
H540			全盲	
O720			全癒着胎盤	
O730			全癒着胎盤・出血を伴わない	
H522			全乱視	
N422			前立腺萎縮	
N419			前立腺炎	
C61			前立腺横紋筋肉腫	
C61			前立腺癌	
Z125			前立腺癌検診	
C795			前立腺癌骨転移	
C61			前立腺癌再発	
Z988			前立腺癌術後	
A181			前立腺結核	
N420			前立腺結石症	
Z907			前立腺欠損	
N421			前立腺出血	
D400			前立腺腫瘍	
N40			前立腺症	
N429			前立腺障害	
C61			前立腺小細胞癌	
C61			前立腺神経内分泌癌	
D075			前立腺上皮内腫瘍	
D291			前立腺線維腫	
S3780			前立腺損傷	
N411			前立腺痛	
C61			前立腺肉腫	
N428			前立腺のう胞	
N412			前立腺膿瘍	
N40			前立腺肥大症	
Q554			前立腺無形成	
D291			前立腺良性腫瘍	
C913			前リンパ球性白血病	
H919			全聾	
C491			前腕悪性線維性組織球腫	
C491			前腕悪性軟部腫瘍	
S579			前腕圧挫傷	
M7263			前腕壊死性筋膜炎	
C491			前腕横紋筋肉腫	
S519			前腕汚染創	
M2453			前腕回外拘縮	
M2453			前腕回内拘縮	
S519			前腕開放創	
T002			前腕肩挫傷	
C491			前腕滑膜肉腫	
M674			前腕ガングリオン	
C446			前腕基底細胞癌	
M7293			前腕筋筋膜炎	
M7913			前腕筋肉痛	
M7953			前腕筋肉内異物残留	
D172			前腕血管脂肪腫	
D180			前腕血管腫	
S559			前腕血管損傷	
I808			前腕血栓性静脈炎	
S519			前腕咬創	
S5290			前腕骨折	
M8403			前腕骨折後変形骨癒合	
M8693			前腕骨髄炎	
S508			前腕擦過創	
S501			前腕挫傷	
S519			前腕挫創	
S579			前腕挫滅傷	
S579			前腕挫滅創	
S519			前腕刺創	
D172			前腕脂肪腫	
R223			前腕腫脹	
T290			前腕手部熱傷	
D487			前腕腫瘍	
M7923			前腕神経痛	
I808			前腕静脈炎	
I828			前腕静脈血栓症	
S552			前腕静脈損傷	
D226			前腕青色母斑	
D236			前腕石灰化上皮腫	
S519			前腕切創	
S589			前腕切断	
Z892			前腕切断術後	
T873			前腕切断端神経腫	
C491			前腕線維肉腫	
S5271			前腕多発開放骨折	
S5270			前腕多発骨折	
S517			前腕多発性開放創	
S557			前腕多発性血管損傷	
S547			前腕多発性神経損傷	
S597			前腕多発性損傷	
S507			前腕多発性表在損傷	
Q711			前腕単独欠損	
T221			前腕第１度熱傷	
T222			前腕第２度熱傷	
T223			前腕第３度熱傷	
M7963			前腕痛	
L984			前腕難治性皮膚潰瘍	
D481			前腕軟部腫瘍	
T220			前腕熱傷	
L024			前腕膿瘍	
S519			前腕剥皮創	
S501			前腕皮下血腫	
L984			前腕皮膚潰瘍	
C446			前腕皮膚癌	
S519			前腕皮膚欠損創	
D236			前腕皮膚線維腫	
S543			前腕皮膚知覚神経損傷	
D236			前腕皮膚良性腫瘍	
S509			前腕表在損傷	
C436			前腕部悪性黒色腫	
S599			前腕部外傷	
M6593			前腕部腱鞘炎	
G563			前腕部絞扼性神経障害	
R223			前腕部腫瘤	
S549			前腕部神経損傷	
Q825			前腕部単純性血管腫	
S501			前腕部打撲傷	
C491			前腕平滑筋肉腫	
D226			前腕扁平母斑	
L031			前腕蜂巣炎	
C491			前腕胞巣状軟部肉腫	
D046			前腕ボーエン病	
D226			前腕母斑	
D226			前腕母斑細胞母斑	
C446			前腕メルケル細胞癌	
C446			前腕有棘細胞癌	
C446			前腕隆起性皮膚線維肉腫	
D211			前腕良性軟部腫瘍	
C491			前腕類上皮肉腫	
S519			前腕裂創	
S5291			前腕若木開放骨折	
S5290			前腕若木骨折	
E340			ソーソン・ビオルック症候群	
L030			爪囲炎	
F319			躁うつ病	
H833			騒音性難聴	
D161			爪下外骨腫	
Q513			双角子宮	
S601			爪下血腫	
C438			爪下黒色腫	
S670			爪下挫滅傷	
S670			爪下挫滅創	
L030			爪下膿瘍	
F410			挿間性発作性不安	
Q120			層間白内障	
C169			早期胃癌	
Z080			早期胃癌ＥＭＲ後	
Z080			早期胃癌ＥＳＤ後	
Z080			早期胃癌術後	
I710			早期血栓閉鎖型大動脈解離	
L910			早期ケロイド	
A500			早期顕性先天梅毒	
I456			早期興奮症候群	
R943			早期再分極症候群	
F89			早期小児期発達障害	
C159			早期食道癌	
A500			早期先天内臓梅毒	
A500			早期先天梅毒性咽頭炎	
A500			早期先天梅毒性眼障害	
A500			早期先天梅毒性喉頭炎	
A500			早期先天梅毒性骨軟骨障害	
A500			早期先天梅毒性肺炎	
A500			早期先天梅毒性鼻炎	
A500			早期先天梅毒性網脈絡膜炎	
A500			早期先天皮膚粘膜梅毒	
A500			早期先天皮膚梅毒	
K911			早期ダンピング症候群	
O429			早期破水	
K529			早期発症型炎症性腸疾患	
K053			早期発症型歯周炎	
A519			早期梅毒	
A514			早期梅毒性眼症	
K006			早期萌出	
G404			早期ミオクロニー脳症	
F318			双極ＩＩ型障害	
F319			双極性感情障害	
F313			双極性感情障害・軽症のうつ病エピソード	
F310			双極性感情障害・軽躁病エピソード	
F316			双極性感情障害・混合性エピソード	
F315			双極性感情障害・精神病症状を伴う重症うつ病エピソード	
F312			双極性感情障害・精神病症状を伴う躁病エピソード	
F314			双極性感情障害・精神病症状を伴わない重症うつ病エピソード	
F311			双極性感情障害・精神病症状を伴わない躁病エピソード	
F313			双極性感情障害・中等症のうつ病エピソード	
T888			総義歯過高	
K062			総義歯義歯床下粘膜異常	
T888			総義歯義歯床粘膜面不適合	
T888			総義歯咬合面不適合	
T888			総義歯低位	
T888			総義歯破損	
T888			総義歯不適合	
Q518			双頚子宮	
Q513			双頚双角子宮	
S150			総頚動脈損傷	
I720			総頚動脈瘤	
Q846			爪甲形成不全	
L602			爪甲鉤弯症	
L603			爪甲縦裂症	
L608			爪甲線条	
D226			爪甲線状母斑	
L608			爪甲点状凹窩	
L603			爪甲軟化症	
L608			爪甲白斑症	
Q845			爪甲肥厚	
P073			早産児	
P590			早産に関連する新生児黄疸	
M678			総指伸筋腱脱臼	
S564			総指伸筋腱断裂	
K081			喪失歯	
T141			創傷	
L030			爪床炎	
T793			創傷感染症	
B871			創傷はえ幼虫症	
A505			桑実状臼歯	
E301			早熟症	
N051			巣状糸球体硬化症	
N051			巣状糸球体腎炎	
N26			巣状腎硬化症	
F309			躁状態	
H250			層状白内障	
K073			叢生	
K002			双生歯	
P015			双生児	
T888			双線弧線装置脱離	
T888			双線弧線装置破損	
T888			双線弧線装置不適合	
T140			掻創	
P503			双胎間輸血症候群による失血	
O661			双胎懸鉤	
P015			双胎児	
O430			双胎児間輸血症候群	
D751			相対的赤血球増加症	
O300			双胎妊娠	
P015			双胎妊娠新生児	
P015			双胎妊娠胎児	
P505			双胎の対児の臍帯断端からの胎児失血	
K838			総胆管拡張症	
C240			総胆管癌	
Q445			総胆管奇形	
K831			総胆管狭窄症	
K805			総胆管結石	
K803			総胆管結石性胆管炎	
K804			総胆管結石性胆のう炎	
D376			総胆管腫瘍	
K833			総胆管十二指腸瘻	
D135			総胆管のう腫	
K833			総胆管皮膚瘻	
K831			総胆管閉塞症	
S750			総大腿動脈損傷	
Q433a			総腸間膜症	
S355			総腸骨静脈損傷	
I723			総腸骨動脈解離	
I771			総腸骨動脈狭窄	
S355			総腸骨動脈損傷	
I745			総腸骨動脈閉塞症	
I723			総腸骨動脈瘤	
Q200			総動脈幹	
Q200			総動脈幹遺残症	
H260			壮年性白内障	
Q262			総肺静脈還流異常	
Q437			総排泄腔遺残	
Q641			総排泄腔外反症	
R231			蒼白	
L601			爪剥離症	
E270			早発アドレナルキ	
E301			早発陰毛発生	
O149			早発型妊娠高血圧症候群	
Q150			早発型発達緑内障	
E301			早発月経	
R17			早発性黄疸	
E308			早発乳房発育	
E283			早発閉経	
E283			早発卵巣不全	
S841			総腓骨神経断裂	
F250			躁病型統合失調感情障害	
F302			躁病性昏迷	
F308			躁病発作	
T941			創部化膿	
L910			創部瘢痕ケロイド	
M7291			僧帽筋筋膜症	
M7911			僧帽筋痛	
M7291			僧帽筋疲労性筋膜炎	
M6251			僧帽筋部筋萎縮	
G528			僧帽筋麻痺	
R481			相貌失認	
I341			僧帽弁逸脱	
I341			僧帽弁逸脱症候群	
I052			僧帽弁狭窄兼閉鎖不全症	
I080			僧帽弁狭窄兼閉鎖不全症兼大動脈弁狭窄症	
I080			僧帽弁狭窄兼閉鎖不全症兼大動脈弁閉鎖不全症	
I050			僧帽弁狭窄症	
I081			僧帽弁狭窄症兼三尖弁狭窄症	
I081			僧帽弁狭窄症兼三尖弁閉鎖不全症	
I088			僧帽弁狭窄症兼肺動脈弁閉鎖不全症	
I340			僧帽弁逆流症	
Z988			僧帽弁形成術後	
I348			僧帽弁腱索断裂	
I059			僧帽弁疾患	
I059			僧帽弁心内膜炎	
Z954			僧帽弁置換術後	
I058			僧帽弁乳頭筋不全	
I058			僧帽弁不全症	
I340			僧帽弁閉鎖不全症	
I081			僧帽弁閉鎖不全症兼三尖弁狭窄症	
I081			僧帽弁閉鎖不全症兼三尖弁閉鎖不全症	
I088			僧帽弁閉鎖不全症兼肺動脈弁狭窄症	
I088			僧帽弁閉鎖不全症兼肺動脈弁閉鎖不全症	
Q232			僧帽弁弁上輪	
I059			僧帽弁弁膜症	
I059			僧帽弁膜症	
I348			僧帽弁輪拡大	
I348			僧帽弁輪石灰化	
L299			そう痒	
H045			総涙小管狭窄	
E348			早老症	
F524			早漏症	
S978			足圧挫傷	
O321			足位	
R02			足壊死	
S970			足関節圧挫傷	
M2587			足関節インピンジメント症候群	
M1317			足関節炎	
S8281			足関節開放骨折	
S8281			足関節開放性脱臼骨折	
M7197			足関節滑液包炎	
D481			足関節滑膜骨軟骨腫症	
S8261			足関節外果開放骨折	
S8260			足関節外果骨折	
L97			足関節外果難治性皮膚潰瘍	
S8261			足関節外果剥離開放骨折	
S8260			足関節外果剥離骨折	
L97			足関節外果皮膚潰瘍	
M674			足関節外果部ガングリオン	
S980			足関節外傷性切断	
S932			足関節外側靱帯損傷	
S932			足関節外側靱帯断裂	
S934			足関節外側靱帯捻挫	
M674			足関節ガングリオン	
Q742			足関節奇形	
M2467			足関節強直	
M1127			足関節偽痛風	
S8251			足関節後果開放骨折	
S8250			足関節後果骨折	
M2457			足関節拘縮	
M2587			足関節後方インピンジメント症候群	
S8280			足関節骨折	
T932			足関節骨折後遺症	
M8407			足関節骨折変形治癒	
M939			足関節骨軟骨炎	
S908			足関節擦過創	
S932			足関節三角靱帯損傷	
S932			足関節三角靱帯断裂	
S934			足関節三角靱帯捻挫	
S900			足関節挫傷	
S970			足関節挫滅傷	
S970			足関節挫滅創	
M7757			足関節周囲炎	
M2547			足関節腫脹	
M1997			足関節症	
S934			足関節ストレイン	
S8281			足関節前結節開放骨折	
S8280			足関節前結節骨折	
M2587			足関節前方インピンジメント症候群	
S999			足関節損傷	
T251			足関節第１度熱傷	
T252			足関節第２度熱傷	
T253			足関節第３度熱傷	
S930			足関節脱臼	
S8280			足関節脱臼骨折	
S8280			足関節脱臼粉砕骨折	
S900			足関節打撲傷	
T932			足関節陳旧性内果骨折	
M2557			足関節痛	
S8251			足関節内果開放骨折	
M8416			足関節内果偽関節	
S8250			足関節内果骨折	
S818			足関節内果部挫創	
S8280			足関節内骨折	
M2407			足関節内遊離体	
L97			足関節難治性皮膚潰瘍	
T250			足関節熱傷	
S934			足関節捻挫	
T933			足関節捻挫後遺症	
L97			足関節皮膚潰瘍	
D237			足関節皮膚良性腫瘍	
M2427			足関節不安定症	
C492			足関節部滑膜肉腫	
M6597			足関節部腱鞘炎	
S910			足関節部挫創	
R224			足関節部軟部腫瘤	
D181			足関節部のう胞性リンパ管腫	
L031			足関節部蜂巣炎	
Z894			足関節離断術後	
S930			足関節両側靱帯損傷	
C435			側胸部悪性黒色腫	
C445			側胸部基底細胞癌	
S218			側胸部刺創	
T211			側胸部第１度熱傷	
T212			側胸部第２度熱傷	
T213			側胸部第３度熱傷	
R073			側胸部痛	
L022			側胸部膿瘍	
C445			側胸部皮膚癌	
D235			側胸部皮膚良性腫瘍	
D045			側胸部ボーエン病	
C445			側胸部有棘細胞癌	
D213			側胸部良性軟部腫瘍	
B479			足菌腫	
Q180			側頚のう胞	
R221			側頚部腫脹	
R221			側頚部腫瘤	
Q180			側頚瘻	
G575			足根管症候群	
S933			足根関節脱臼	
C403			足根骨悪性腫瘍	
M8987			足根骨萎縮	
S9221			足根骨開放骨折	
S9220			足根骨骨折	
D480			足根骨腫瘍	
C403			足根骨軟骨肉腫	
S9220			足根骨部剥離骨折	
Q668			足根骨癒合	
D163			足根骨良性腫瘍	
T933			足根洞症候群	
S936			足根部捻挫	
E712			側鎖アミノ酸代謝障害	
R960			即死	
C403			足舟状骨悪性腫瘍	
M8797			足舟状骨壊死	
S9221			足舟状骨開放骨折	
M926			足舟状骨ケーラー病	
S9220			足舟状骨骨折	
D480			足舟状骨腫瘍	
M926			足舟状骨若年性骨軟骨症	
S933			足舟状骨脱臼	
D163			足舟状骨良性腫瘍	
D227			足蹠青色母斑	
L024			足蹠膿瘍	
D227			足蹠扁平母斑	
D227			足蹠母斑	
D227			足蹠母斑細胞母斑	
O042			塞栓症合併不完全人工流産	
O032			塞栓症併発不全流産	
I749			塞栓性梗塞	
I634			塞栓性小脳梗塞	
I634			塞栓性小脳梗塞・急性期	
I634			塞栓性小脳梗塞・慢性期	
I634			塞栓性脳梗塞	
I634			塞栓性脳梗塞・急性期	
I634			塞栓性脳梗塞・慢性期	
M7967			足痛	
Q828			足底角化症	
C447			足底基底細胞癌	
M7757			足底筋腱付着部炎	
M7957			足底筋肉内異物残留	
M7227			足底筋膜炎	
D172			足底血管脂肪腫	
D180			足底血管腫	
M7227			足底腱膜線維腫症	
D172			足底脂肪腫	
S949			足底神経傷害	
R610			足底多汗症	
S951			足底動脈損傷	
L97			足底難治性皮膚潰瘍	
T250			足底熱傷	
S913			足底剥皮創	
L97			足底皮膚潰瘍	
C447			足底皮膚癌	
D237			足底皮膚良性腫瘍	
C437			足底部悪性黒色腫	
S913			足底部咬創	
S913			足底部刺創	
R224			足底部腫脹	
D487			足底部腫瘍	
R224			足底部腫瘤	
T251			足底部第１度熱傷	
T252			足底部第２度熱傷	
T253			足底部第３度熱傷	
S903			足底部打撲傷	
R202			足底部知覚異常	
M7967			足底部痛	
D481			足底部軟部腫瘍	
S913			足底部皮膚欠損創	
D047			足底ボーエン病	
C447			足底有棘細胞癌	
B07			足底疣贅	
D212			足底良性軟部腫瘍	
C410			側頭骨悪性腫瘍	
S0211			側頭骨開放骨折	
S0211			側頭骨開放性陥没骨折	
S0210			側頭骨陥没骨折	
S0210			側頭骨骨折	
D164			側頭骨骨腫	
D480			側頭骨腫瘍	
S0210			側頭骨線状骨折	
D164			側頭骨良性腫瘍	
S010			側頭部割創	
S099			側頭部外傷	
D329			側頭部くも膜のう腫	
S010			側頭部挫創	
M7928			側頭部神経痛	
D223			側頭部青色母斑	
D233			側頭部石灰化上皮腫	
S010			側頭部切創	
S000			側頭部打撲傷	
R51			側頭部痛	
C793			側頭部転移性腫瘍	
G060			側頭部脳膿瘍	
S000			側頭部皮下血腫	
D224			側頭部扁平母斑	
D224			側頭部母斑	
D224			側頭部母斑細胞母斑	
C712			側頭葉悪性腫瘍	
Q283			側頭葉海綿状血管腫	
Q283			側頭葉血管腫	
C712			側頭葉膠芽腫	
D430			側頭葉腫瘍	
F078			側頭葉症候群	
C712			側頭葉神経膠腫	
Q283			側頭葉静脈性血管腫	
C712			側頭葉星細胞腫	
C712			側頭葉退形成性星細胞腫	
C712			側頭葉退形成性乏突起膠腫	
G402			側頭葉てんかん	
C712			側頭葉乏突起神経膠腫	
C712			側頭葉毛様細胞性星細胞腫	
Q283			側脳室海綿状血管腫	
D330			側脳室脈絡叢乳頭腫	
L024			足膿瘍	
S9291			足背開放骨折	
C447			足背基底細胞癌	
M6597			足背腱鞘炎	
S9290			足背骨折	
R224			足背腫脹	
D487			足背腫瘍	
S952			足背静脈損傷	
M7967			足背痛	
S950			足背動脈損傷	
L97			足背難治皮膚潰瘍	
S936			足背捻挫	
L024			足背膿瘍	
S913			足背剥皮創	
L97			足背皮膚潰瘍	
C447			足背皮膚癌	
D237			足背皮膚良性腫瘍	
C437			足背部悪性黒色腫	
M674			足背部ガングリオン	
S908			足背部擦過創	
S903			足背部挫傷	
S913			足背部挫創	
R224			足背部腫瘤	
S913			足背部切創	
T251			足背部第１度熱傷	
T252			足背部第２度熱傷	
T253			足背部第３度熱傷	
S903			足背部打撲傷	
L031			足背蜂巣炎	
D047			足背ボーエン病	
C447			足背有棘細胞癌	
S311			側腹部咬創	
S311			側腹部挫創	
T211			側腹部第１度熱傷	
T212			側腹部第２度熱傷	
T213			側腹部第３度熱傷	
R104			側腹部痛	
S311			側腹壁開放創	
S301			側腹壁部挫傷	
C437			足部悪性黒色腫	
C492			足部悪性軟部腫瘍	
M7267			足部壊死性筋膜炎	
C492			足部横紋筋肉腫	
S913			足部汚染創	
C492			足部滑膜肉腫	
C447			足部基底細胞癌	
M7957			足部筋肉内異物残留	
M6597			足部屈筋腱腱鞘炎	
D172			足部血管脂肪腫	
D180			足部血管腫	
G579			足部絞扼性神経障害	
M8697			足部骨髄炎	
S903			足部挫傷	
D172			足部脂肪腫	
R224			足部腫脹	
D487			足部腫瘍	
D237			足部石灰化上皮腫	
A46			足部丹毒	
C492			足部淡明細胞肉腫	
S903			足部打撲傷	
L97			足部難治性皮膚潰瘍	
S936			足部捻挫	
S913			足部剥皮創	
L97			足部皮膚潰瘍	
C447			足部皮膚癌	
S913			足部皮膚欠損創	
R600			足部浮腫	
M2167			足部変形	
D047			足部ボーエン病	
C447			足部メルケル細胞癌	
C447			足部有棘細胞癌	
C447			足部隆起性皮膚線維肉腫	
D212			足部良性軟部腫瘍	
C492			足部類上皮肉腫	
S913			足部裂創	
C041			側方型口腔底癌	
C041			側方型口底癌	
K090			側方性歯周のう胞	
N492			鼡径陰のう膿瘍	
A58			鼡径肉芽腫	
C435			鼡径部悪性黒色腫	
C495			鼡径部悪性線維性組織球腫	
C495			鼡径部横紋筋肉腫	
S311			鼡径部開放創	
C495			鼡径部滑膜肉腫	
S399			鼡径部外傷	
C445			鼡径部基底細胞癌	
D171			鼡径部血管脂肪腫	
R234			鼡径部硬結	
S301			鼡径部挫傷	
D171			鼡径部脂肪腫	
C495			鼡径部脂肪肉腫	
R222			鼡径部腫脹	
D487			鼡径部腫瘍	
R222			鼡径部腫瘤	
D235			鼡径部石灰化上皮腫	
S311			鼡径部切創	
L022			鼡径部せつ	
T211			鼡径部第１度熱傷	
T212			鼡径部第２度熱傷	
T213			鼡径部第３度熱傷	
R103			鼡径部痛	
Q539			鼡径部停留精巣	
T210			鼡径部熱傷	
L022			鼡径部膿瘍	
B356			鼡径部白癬	
C445			鼡径部パジェット病	
C445			鼡径部皮膚癌	
L033			鼡径部蜂巣炎	
D045			鼡径部ボーエン病	
C445			鼡径部メルケル細胞癌	
C445			鼡径部有棘細胞癌	
L022			鼡径部よう	
R590			鼡径部リンパ節腫脹	
C774			鼡径部リンパ節転移	
K409			鼡径ヘルニア	
K403			鼡径ヘルニア嵌頓	
A55			鼡径リンパ肉芽腫症	
T796			阻血性拘縮	
A259			鼡咬症	
F919			素行障害	
A250			鼡咬症スピロヘータ症	
D239			組織球腫	
D763			組織球症症候群	
D763			組織球性壊死性リンパ節炎	
K076			咀嚼筋腱・腱膜過形成症	
K076			咀嚼筋痛障害	
K088			咀嚼障害	
I460			蘇生に成功した心停止	
R55			卒倒	
Q873			ソトス症候群	
R262			そとわ歩行	
T781			そばアレルギー	
T780			そばによるアナフィラキシーショック	
D377			ソマトスタチノーマ	
D550			ソラ豆中毒	
T149			損傷	
D392			存続絨毛症	
I200			増悪労作型狭心症	
T886			造影剤ショック	
N141			造影剤腎症	
K005			象牙質異形成症	
K005			象牙質形成不全症	
K038			象牙質知覚過敏症	
K042			象牙粒	
L080			増殖性化膿性口内炎	
D578			増殖性鎌状赤血球性網膜症	
M1399			増殖性関節炎	
L721			増殖性外毛根鞘性のう腫	
M7289			増殖性筋膜炎	
M8699			増殖性骨膜炎	
N058			増殖性糸球体腎炎	
K051			増殖性歯肉炎	
H352			増殖性硝子体網膜症	
L101			増殖性天疱瘡	
E143			増殖性糖尿病性網膜症	
E103			増殖性糖尿病性網膜症・１型糖尿病	
E113			増殖性糖尿病性網膜症・２型糖尿病	
H309			増殖性網膜炎	
H352			増殖性網膜症	
H332			増殖性網膜剥離	
E853			続発性アミロイドーシス	
E261			続発性アルドステロン症	
E230			続発性下垂体機能低下症	
M1929			続発性関節症	
D891			続発性寒冷フィブリノゲン血症	
J938			続発性気胸	
N914			続発性希発月経	
D891			続発性クリオグロブリン血症	
D695			続発性血小板減少症	
D695			続発性血小板減少性紫斑病	
N945			続発性月経困難症	
E783			続発性高カイロミクロン血症	
H200			続発性虹彩炎	
H200			続発性虹彩毛様体炎	
E038			続発性甲状腺機能低下症	
E790			続発性高尿酸血症	
M167			続発性股関節症	
M8989			続発性骨萎縮症	
D474			続発性骨髄線維症	
H472			続発性視神経萎縮	
M175			続発性膝関節症	
D695			続発性紫斑病	
I429			続発性心筋症	
I510			続発性心室中隔欠損	
I510			続発性心房中隔欠損	
N979			続発性女性不妊症	
O621			続発性陣痛微弱	
D751			続発性赤血球増加症	
D65			続発性線維素溶解性障害	
M153			続発性多発性関節症	
K744			続発性胆汁性肝硬変	
N46			続発性男性不妊症	
E232			続発性中枢性尿崩症	
M1049			続発性痛風	
O925			続発性乳汁分泌抑制	
G049			続発性脳炎	
A202			続発性肺ペスト	
G219			続発性パーキンソン症候群	
M894			続発性肥大性骨関節症	
E211			続発性副甲状腺機能亢進症	
E892			続発性副甲状腺機能低下症	
E274			続発性副腎皮質機能低下症	
G255			続発性舞踏病	
H200			続発性ぶどう膜炎	
E831			続発性ヘモクロマトーシス	
E52			続発性ペラグラ	
M185			続発性母指ＣＭ関節症	
J981			続発性無気肺	
N911			続発性無月経	
D848			続発性免疫不全症候群	
H332			続発性網膜剥離	
H405			続発性緑内障	
A199			粟粒結核	
L702			粟粒性壊死性ざ瘡	
T426			ゾピクロン中毒	
E164			ゾリンジャー・エリソン症候群	
A033			ゾンネ菌赤痢	
H264			ゾンメルリング輪	
D126			ターコット症候群	
K004			ターナー歯	
Q969			ターナー症候群	
Q963			ターナー症候群４６ＸＹ	
Q960			ターナー症候群核型４５Ｘ	
Q969			ターナー症候群モザイク	
Q963			ターナー症候群モザイク４５Ｘ	
Q964			ターナー症候群モザイク４５Ｘ／４７ＸＸＸ	
Q963			ターナー症候群モザイク４６ＸＸ	
P031			胎位異常新生児	
P031			胎位異常胎児	
I951			体位性失神	
I951			体位性低血圧症	
H811			体位性めまい	
D809			体液性免疫不全症	
E878			体液調節不全症	
E877			体液貯留	
E86			体液量減少症	
T098			体幹圧挫損傷	
R208			体感異常	
T910			体幹開放創後遺症	
T888			帯環金属冠過高	
T888			帯環金属冠粗造	
T888			帯環金属冠脱離	
T888			帯環金属冠低位	
T888			帯環金属冠破損	
T888			帯環金属冠不適合	
D180			体幹血管腫	
T918			体幹骨折後遺症	
T090			体幹擦過創	
R200			体感消失	
F208			体感症性統合失調症	
T918			体幹神経損傷後遺症	
D225			体幹青色母斑	
T099			体幹損傷	
T211			体幹第１度熱傷	
T215			体幹第１度腐蝕	
T212			体幹第２度熱傷	
T216			体幹第２度腐蝕	
T213			体幹第３度熱傷	
T217			体幹第３度腐蝕	
T888			帯環脱離	
T634			体幹虫刺症	
T353			体幹凍傷	
T210			体幹熱傷	
L041			体幹の急性リンパ節炎	
T888			帯環破損	
D045			体幹皮膚上皮内癌	
T090			体幹表在損傷	
Q825			体幹表皮母斑	
T214			体幹腐蝕	
T888			帯環不適合	
D225			体幹扁平母斑	
L033			体幹蜂巣炎	
D225			体幹母斑	
D225			体幹母斑細胞母斑	
T888			帯環マルチブラケット装置脱離	
T888			帯環マルチブラケット装置破損	
T888			帯環マルチブラケット装置不適合	
I781			体幹老人性血管腫	
F912			怠学	
C499			胎芽性肉腫	
C719			退形成性上衣腫	
C719			退形成性星細胞腫	
C719			退形成性乏突起膠腫	
C719			退形成性乏突起星細胞腫	
N898			帯下	
N898			帯下過多	
P031			胎向異常新生児	
P031			胎向異常胎児	
O640			胎向回旋異常	
F328			退行期うつ病	
F228			退行期妄想状態	
T888			対鉤歯	
M6259			退行性筋萎縮	
E806			体質性黄疸	
E344			体質性高身長	
D610			体質性再生不良性貧血	
E300			体質性思春期遅発症	
E343			体質性低身長	
E889			代謝障害	
E872			代謝性アシドーシス	
E873			代謝性アルカローシス	
R402			代謝性昏睡	
E889			代謝性心筋症	
G934			代謝性脳症	
P60			胎児ＤＩＣ	
P550			胎児Ｒｈ不適合	
Q860			胎児アルコール症候群	
O359			胎児異常	
O410			胎児因子による羊水過少症	
O40			胎児因子による羊水過多症	
O366			胎児過剰発育のための母体管理	
O359			胎児奇形	
O680			胎児機能不全	
O363			胎児機能不全・妊娠中	
O358			胎児胸水	
O010			胎児共存奇胎	
P558			胎児血液型不適合	
O654			胎児骨盤不均衡による分娩停止	
P025			胎児臍帯下肢巻絡	
P026			胎児臍帯過短	
P025			胎児臍帯過捻転	
P025			胎児臍帯頚部巻絡	
P025			胎児臍帯結節	
P025			胎児臍帯巻絡	
P025			胎児臍帯上肢巻絡	
P509			胎児失血	
O358			胎児心疾患のための母体管理	
O680			胎児心拍異常	
P832			胎児水腫	
O362			胎児水腫のための母体管理	
O358			胎児水腎症	
O350			胎児水頭症	
C809			胎児性癌	
C629			胎児性精巣腫瘍	
P559			胎児赤芽球症	
O351			胎児染色体異常	
O337			胎児仙尾部奇形腫による骨盤不均衡	
P022			胎児胎盤機能低下	
O350			胎児中枢神経系奇形	
P392			胎児の羊水感染症	
P369			胎児敗血症	
P081			胎児発育過度	
O365			胎児発育不全のための母体管理	
Q861			胎児ヒダントイン症候群	
P014			胎児腹膜妊娠	
O680			胎児不整脈	
Q898			胎児無心体	
O358			胎児無心体のための母体管理	
R634			体重減少	
N911			体重減少性無月経	
R635			体重増加	
R628			体重増加不全	
H178			帯状角膜混濁	
H184			帯状角膜症	
L638			帯状脱毛症	
B029			帯状疱疹	
B028			帯状疱疹後ケロイド形成	
B022			帯状疱疹後三叉神経痛	
B022			帯状疱疹後膝神経節炎	
B022			帯状疱疹後神経痛	
B022			帯状疱疹後多発性ニューロパチー	
B022			帯状疱疹神経炎	
B023			帯状疱疹性角結膜炎	
B028			帯状疱疹性外耳炎	
B023			帯状疱疹性強膜炎	
B023			帯状疱疹性結膜炎	
B023			帯状疱疹性虹彩炎	
B023			帯状疱疹性虹彩毛様体炎	
B021			帯状疱疹性髄膜炎	
B020			帯状疱疹性髄膜脳炎	
B020			帯状疱疹性脊髄炎	
B020			帯状疱疹性脳炎	
B020			帯状疱疹性脳脊髄炎	
F688			対人関係障害	
F401			対人恐怖症	
O640			胎勢回旋異常	
R201			対性知覚麻痺	
Q524			胎生腟のう胞	
H522			対性乱視	
L280			苔癬	
L411			苔癬状類乾癬	
G401			体知覚性発作	
R730			耐糖能異常	
T840			体内関節プロステーシスの機械的合併症	
O720			胎盤遺残	
O730			胎盤遺残・出血を伴わない	
O439			胎盤異常	
O441			胎盤位置異常	
O438			胎盤壊死	
O411			胎盤炎	
P502			胎盤からの胎児失血	
O720			胎盤嵌頓	
O730			胎盤嵌頓・出血を伴わない	
P022			胎盤機能低下新生児	
O365			胎盤機能不全	
O438			胎盤梗塞	
P022			胎盤梗塞新生児	
P022			胎盤梗塞胎児	
O459			胎盤早期剥離	
P021			胎盤早期剥離新生児	
P021			胎盤早期剥離胎児	
C58			胎盤内絨毛癌	
O431			胎盤のう胞	
O431			胎盤の奇形	
D392			胎盤部トロフォブラスト腫瘍	
O722			胎盤部分残留	
O731			胎盤部分残留・出血を伴わない	
O908			胎盤ポリープ	
O430			胎盤輸血症候群	
P023			胎盤輸血症候群による新生児の障害	
P023			胎盤輸血症候群による胎児の障害	
T311			体表面積１０−１９％の熱傷	
T321			体表面積１０−１９％の腐蝕	
T310			体表面積１０％未満の熱傷	
T320			体表面積１０％未満の腐蝕	
T312			体表面積２０−２９％の熱傷	
T322			体表面積２０−２９％の腐蝕	
T313			体表面積３０−３９％の熱傷	
T323			体表面積３０−３９％の腐蝕	
T314			体表面積４０−４９％の熱傷	
T324			体表面積４０−４９％の腐蝕	
T315			体表面積５０−５９％の熱傷	
T325			体表面積５０−５９％の腐蝕	
T316			体表面積６０−６９％の熱傷	
T326			体表面積６０−６９％の腐蝕	
T317			体表面積７０−７９％の熱傷	
T327			体表面積７０−７９％の腐蝕	
T318			体表面積８０−８９％の熱傷	
T328			体表面積８０−８９％の腐蝕	
T319			体表面積９０％以上の熱傷	
T329			体表面積９０％以上の腐蝕	
B354			体部白癬	
E841			胎便イレウス	
P240			胎便吸引症候群	
P780			胎便性腹膜炎	
P760			胎便栓症候群	
T407			大麻中毒	
F120			大麻類使用による急性精神・行動障害	
F126			大麻類使用による健忘症候群	
F127			大麻類使用による残遺性および遅発性精神病性障害	
T740			怠慢または遺棄	
C481			大網悪性腫瘍	
R195			大量便	
R53			体力低下	
R631			多飲症	
Q201			タウシッヒ・ビング症候群	
K002			タウロドント	
D71			多核好中球機能障害	
M314			高安動脈炎	
R619			多汗症	
D890			多クローン性高ガンマグロブリン血症	
L519			多形紅斑	
L519			多形紅斑性関節障害	
L518			多形滲出性紅斑	
D369			多形性腺腫	
G903			多系統萎縮症	
L564			多形日光疹	
L816			多形皮膚萎縮症	
L282			多形慢性痒疹	
D465			多血球系異形成を伴う不応性血球減少症	
E042			多結節性甲状腺腫	
D751			多血症	
I493			多源性心室期外収縮	
I471			多源性心房頻拍	
F068			多幸症	
R068			多呼吸	
Q781			多骨性線維性骨異形成症	
I518			たこつぼ型心筋症	
Q704			多合指症	
Q704			多合趾症	
Z354			多産婦	
F190			多剤精神作用物質使用による急性精神・行動障害	
A498			多剤耐性アシネトバクター感染症	
A169			多剤耐性結核	
A491			多剤耐性腸球菌感染症	
A498			多剤耐性緑膿菌感染症	
Q699			多指症	
Q699			多趾症	
S982			多趾切断	
S682			多指切断	
S682			多指不全切断	
Q043			多小脳回	
F448			多重パーソナリティ障害	
Q552			多精巣症	
E310			多腺性自己免疫症候群１型	
E310			多腺性自己免疫症候群２型	
E310			多腺性自己免疫症候群３型	
G618			多巣性運動ニューロパチー	
M355			多巣性線維性硬化症	
F450			多訴性症候群	
R688			多臓器不全	
O840			多胎自然分娩	
O842			多胎全児帝王切開	
O309			多胎妊娠	
O318			多胎妊娠に特異的な合併症	
O849			多胎分娩	
Q175			立ち耳	
D763			多中心性細網組織球症	
F909			多動性障害	
F901			多動性素行障害	
F988			多動を伴わない注意欠損障害	
Q771			タナトフォリック骨異形成症	
B088			タナポックスウイルス疾患	
Q833			多乳頭症	
R35			多尿	
N281			多のう胞化萎縮腎	
Q614			多のう胞性異形成腎	
E282			多のう胞性卵巣	
E282			多のう胞性卵巣症候群	
K259			多発胃潰瘍	
T0291			多発開放骨折	
M313			多発血管炎性肉芽腫症	
M313			多発血管炎性肉芽腫症性呼吸器障害	
I616			多発限局性脳内出血	
F011			多発梗塞性認知症	
T0290			多発骨折	
D179			多発脂肪腫	
T019			多発性開放創	
D180			多発性海綿状血管腫	
H188			多発性角膜びらん	
Q878			多発性過誤腫症候群	
T013			多発性下肢開放創	
T043			多発性下肢挫滅傷	
T043			多発性下肢挫滅創	
S857			多発性下腿血管損傷	
S847			多発性下腿神経損傷	
S897			多発性下腿損傷	
K764			多発性肝血管腫	
M1300			多発性関節炎	
M2460			多発性関節強直	
M159			多発性関節症	
T039			多発性関節脱臼	
M2550			多発性関節痛	
L405			多発性乾癬性関節炎	
L748			多発性汗腺膿瘍	
Q446			多発性肝のう胞	
K750			多発性肝膿瘍	
Q786			多発性外骨腫症	
T07			多発性外傷	
T940			多発性外傷後遺症	
C799			多発性癌転移	
I494			多発性期外収縮	
Q897			多発性奇形	
S277			多発性胸腔内臓器損傷	
S2771			多発性胸腔内臓器損傷・胸腔に達する開放創合併あり	
S2770			多発性胸腔内臓器損傷・胸腔に達する開放創合併なし	
S2211			多発性胸椎開放骨折	
S217			多発性胸壁開放創	
M332			多発性筋炎	
M332			多発性筋炎性間質性肺炎	
M332			多発性筋炎性呼吸器障害	
M7910			多発性筋肉痛	
S197			多発性頚部損傷	
S107			多発性頚部表在損傷	
M319			多発性血管炎	
M308			多発性血管炎重複症候群	
D179			多発性血管脂肪腫	
T063			多発性血管損傷	
T009			多発性血腫	
G35			多発性硬化症	
M2450			多発性拘縮	
E042			多発性甲状腺のう胞	
T019			多発性咬創	
K121			多発性口内炎	
H355			多発性後部色素上皮症	
M8790			多発性骨壊死	
C900			多発性骨髄腫	
C795			多発性骨髄腫骨髄浸潤	
C900			多発性骨髄腫性関節症	
M8560			多発性骨のう腫	
S377			多発性骨盤内臓器損傷	
S3771			多発性骨盤内臓器損傷・骨盤腔に達する開放創合併あり	
S3770			多発性骨盤内臓器損傷・骨盤腔に達する開放創合併なし	
H728			多発性鼓膜穿孔	
T009			多発性昆虫咬創	
T009			多発性擦過創	
T009			多発性挫傷	
T049			多発性挫滅傷	
T049			多発性挫滅創	
D259			多発性子宮筋腫	
D239			多発性脂腺のう腫	
L722			多発性脂腺のう胞症	
S837			多発性膝部損傷	
K254			多発性出血性胃潰瘍	
I635			多発性小脳梗塞	
K659			多発性漿膜炎	
G629			多発性神経炎	
G709			多発性神経筋炎	
C719			多発性神経膠腫	
F488			多発性神経症	
G629			多発性神経障害	
D361			多発性神経鞘腫	
G369			多発性神経脊髄炎	
T062			多発性神経損傷	
M7920			多発性神経痛	
F450			多発性心身性障害	
T07			多発性重度損傷	
K269			多発性十二指腸潰瘍	
T012			多発性上肢開放創	
T042			多発性上肢挫滅傷	
T042			多発性上肢挫滅創	
N200			多発性腎結石	
D329			多発性髄膜腫	
G049			多発性脊髄神経根炎	
T061			多発性脊髄損傷	
T019			多発性切創	
L029			多発性せつ	
T019			多発性穿刺創	
G587			多発性単神経炎	
G587			多発性単ニューロパチー	
K828			多発性胆のうポリープ	
T291			多発性第１度熱傷	
T295			多発性第１度腐蝕	
T292			多発性第２度熱傷	
T296			多発性第２度腐蝕	
T293			多発性第３度熱傷	
T297			多発性第３度腐蝕	
K573			多発性大腸憩室症	
K650			多発性腸間膜膿瘍	
T356			多発性凍傷	
I729			多発性動脈瘤	
D448			多発性内分泌腫瘍１型	
D448			多発性内分泌腫瘍２型	
D448			多発性内分泌腫瘍３型	
D448			多発性内分泌腺腫症	
M9480			多発性軟骨炎	
T290			多発性熱傷	
I638			多発性脳梗塞	
D432			多発性脳腫瘍	
G527			多発性脳神経障害	
G527			多発性脳神経麻痺	
I671			多発性脳動脈瘤	
L089			多発性膿疱症	
Q613			多発性のう胞腎	
G253			多発性パラミオクローヌス	
T009			多発性皮下出血	
R227			多発性皮下腫瘤	
T009			多発性非熱傷性水疱	
T350			多発性表在性凍傷	
T009			多発性表在損傷	
S367			多発性腹腔内臓器損傷	
S3671			多発性腹腔内臓器損傷・腹腔に達する開放創合併あり	
S3670			多発性腹腔内臓器損傷・腹腔に達する開放創合併なし	
T294			多発性腐蝕	
D414			多発性膀胱腫瘍	
D239			多発性毛包のう腫	
I638			多発性ラクナ梗塞	
M0690			多発性リウマチ性関節炎	
T019			多発性裂創	
Q897			多発先天異常	
K802			多発胆石症	
G629			多発ニューロパチー	
C509			多発乳癌	
G527			多発脳神経炎	
L029			多発皮下膿瘍	
T652			タバコ誤飲	
F170			タバコ使用による急性精神・行動障害	
Q890			多脾症候群	
G527			タピア症候群	
C778			多部位リンパ節転移	
B677			多胞性エキノコックス症	
B675			多胞性肝エキノコックス	
B676			多胞性肺エキノコックス	
Q613			多房性腎のう胞	
T781			卵アレルギー	
T780			卵によるアナフィラキシーショック	
R068			ためいき	
L689			多毛症	
T386			タモキシフェン中毒	
T604			タリウム中毒	
R58			多量出血	
G563			垂れ手	
F402			単一恐怖症	
Q270			単一臍動脈	
Q514			単角子宮	
K838			胆管萎縮	
K830			胆管炎	
K750			胆管炎性肝膿瘍	
K838			胆管潰瘍	
K838			胆管拡張症	
D134			胆管過誤腫	
C240			胆管癌	
K831			胆管狭窄症	
K805			胆管結石症	
K803			胆管結石性胆管炎	
K804			胆管結石性胆のう炎	
C221			胆管細胞癌	
D376			胆管腫瘍	
T855			胆管ステント閉塞	
M1319			単関節炎	
K832			胆管穿孔	
Q445			胆管先天奇形	
Q445			胆管走行異常	
S361			胆管損傷	
S3611			胆管損傷・腹腔に達する開放創合併あり	
S3610			胆管損傷・腹腔に達する開放創合併なし	
K810			胆管胆のう炎	
Q245			単冠動脈	
D376			胆管内乳頭状腫瘍	
K835			胆管のう胞	
K810			胆管膿瘍	
K831			胆管閉塞症	
K838			胆管ポリープ	
K838			胆管癒着	
K833			胆管瘻	
H504			単眼固視症候群	
Q870			単眼症	
H545			単眼性視力障害	
F232			短期統合失調症様障害	
D70			単球減少症	
B279			単球性アンギナ	
C939			単球性白血病	
D728			単球性類白血病反応	
D728			単球増加症	
F339			単極性うつ病	
F309			単極性躁病	
D472			単クローン性軽鎖重鎖沈着症	
D472			単クローン性免疫グロブリン血症	
T888			タングクリブ破損	
T888			タングクリブ不適合	
Q513			単頚双角子宮	
J60			炭坑夫塵肺症	
K002			短根歯	
R470			単語失語症	
K745			胆細管性肝硬変	
E872			炭酸過剰性アシドーシス	
Q742			短趾症	
Q731			短肢症	
Q740			短指症	
Q398			短食道症	
Q204			単心室症	
Q212			単心房症	
Q248			単心房単心室	
G440			短時間持続性片側神経痛様頭痛発作	
K831			胆汁うっ滞	
K758			胆汁うっ滞性肝炎	
R11			胆汁性嘔吐	
K745			胆汁性肝硬変	
K658			胆汁性腹膜炎	
K833			胆汁瘻	
S099			単純型顔面外傷	
N851			単純型子宮内膜異型増殖症	
N850			単純型子宮内膜増殖症	
F206			単純型統合失調症	
Q810			単純型表皮水疱症	
O651			単純狭骨盤による分娩停止	
F402			単純恐怖症	
B001			単純口唇ヘルペス	
K603			単純痔瘻	
H160			単純性角膜潰瘍	
M1319			単純性関節炎	
L210			単純性顔面粃糠疹	
L040			単純性頚部リンパ腺炎	
Q825			単純性血管腫	
E040			単純性結節性甲状腺腫	
E040			単純性甲状腺腫	
L040			単純性項部リンパ腺炎	
Q701			単純性合指症	
Q703			単純性合趾症	
K053			単純性歯周炎	
R55			単純性失神	
K051			単純性歯肉炎	
D692			単純性紫斑病	
N10			単純性腎盂腎炎	
N281			単純性腎のう胞	
H669			単純性中耳炎	
N390			単純性尿路感染症	
J82			単純性肺好酸球増加症	
E669			単純性肥満	
K590			単純性便秘	
N308			単純性膀胱炎	
J410			単純性慢性気管支炎	
B07			単純性疣贅	
N832			単純性卵巣のう胞	
L280			単純苔癬	
T143			単純脱臼	
B009			単純ヘルペス	
P002			単純ヘルペスウイルス感染母体より出生した児	
L814			単純黒子	
F100			単純酩酊	
Q600			単腎症	
O211			炭水化物欠乏症を伴う妊娠悪阻	
Q550			単精巣	
K563			胆石性イレウス	
K800			胆石性急性胆のう炎	
K851			胆石性膵炎	
K801			胆石性胆のう炎	
K802			胆石仙痛	
A229			炭疽	
A228			炭疽髄膜炎	
A227			炭疽敗血症	
O809			単胎自然分娩	
K918			短腸症候群	
K802			胆泥	
O321			単殿位	
Q750			短頭症	
S565			短橈側手根伸筋腱損傷	
S565			短橈側手根伸筋腱断裂	
S565			短橈側手根伸筋損傷	
S565			短橈側手根伸筋断裂	
B778			胆道回虫症	
C249			胆道癌	
K838			胆道機能異常	
K805			胆道結石	
K839			胆道疾患	
K838			胆道出血	
K838			胆道ジスキネジア	
Q442			胆道閉鎖症	
Z090			胆道閉鎖症術後	
K831			胆道閉塞	
A46			丹毒	
K828			胆のう萎縮	
K810			胆のう壊疽	
K819			胆のう炎	
K828			胆のう炎症性ポリープ	
K828			胆のう潰瘍	
K828			胆のう拡張症	
K828			胆のう下垂	
C23			胆のうカルチノイド	
K828			胆のう管萎縮	
K828			胆のう管潰瘍	
C240			胆のう管癌	
K820			胆のう管狭窄症	
K802			胆のう管結石症	
K828			胆のう管のう胞	
K822			胆のう管破裂	
K828			胆のう管肥大	
K820			胆のう管閉塞症	
K828			胆のう管癒着	
C23			胆のう癌	
K829			胆のう機能障害	
A188			胆のう結核	
K802			胆のう結石症	
Z904			胆のう欠損	
K823			胆のう結腸瘻	
K824			胆のうコレステローシス	
K828			胆のうコレステロールポリープ	
K819			胆のう周囲炎	
K810			胆のう周囲膿瘍	
D376			胆のう腫瘍	
C23			胆のう神経内分泌癌	
K828			胆のうジスキネジア	
K823			胆のう十二指腸瘻	
K821			胆のう水腫	
D135			胆のう腺筋腫	
D135			胆のう腺筋腫症	
K822			胆のう穿孔	
D135			胆のう腺腫	
S361			胆のう損傷	
S3611			胆のう損傷・腹腔に達する開放創合併あり	
S3610			胆のう損傷・腹腔に達する開放創合併なし	
K805			胆のう胆管結石症	
K915			胆のう摘出後症候群	
Z904			胆のう摘出術後	
C23			胆のう肉腫	
K821			胆のう粘液のう腫	
K828			胆のう捻転	
K821			胆のうのう腫	
K810			胆のう膿瘍	
K828			胆のう肥大	
K835			胆のう胞	
K828			胆のうポリープ	
K828			胆のう癒着	
D135			胆のう良性腫瘍	
K823			胆のう瘻	
D530			蛋白欠乏性貧血	
E46			蛋白質欠乏性障害	
R80			蛋白尿	
T806			蛋白病	
K904			蛋白不耐性吸収不良症	
K904			蛋白漏出性胃腸症	
M8549			単発性骨のう腫	
D369			単発性被角血管腫	
F329			単発反応性うつ病	
B671			単胞性肺エキノコックス症	
S563			短母指外転筋断裂	
S968			短母趾伸筋腱断裂	
S563			短母指伸筋腱断裂	
B674			単包条虫感染症	
B670			単胞性肝エキノコックス症	
B673			単胞性甲状腺エキノコックス	
G833			単麻痺	
C499			淡明細胞肉腫	
K743			単葉性肝硬変	
Q772			短肋骨症候群	
F488			ダート症候群	
M8448			第１・２胸椎病的骨折	
Q998			第１４番染色体父親性ダイソミー症候群	
A511			第１期肛門梅毒	
A510			第１期性器梅毒	
O630			第１期遷延分娩	
H535			第１色弱	
H535			第１色盲	
S6221			第１手根中手関節開放性脱臼骨折	
S6220			第１手根中手関節脱臼骨折	
S6210			第１手根中手関節脱臼骨折・手根骨	
Q140			第１次硝子体過形成遺残	
Q870			第１第２鰓弓症候群	
M8434			第１中手骨疲労骨折	
S6220			第１中手骨不全骨折	
S6220			第１中手骨裂離骨折	
P211			第１度仮死	
K640			第１度痔核	
T339			第１度凍傷	
T301			第１度熱傷	
L550			第１度日焼け	
T305			第１度腐蝕	
I440			第１度房室ブロック	
N912			第１度無月経	
O631			第２期遷延分娩	
A514			第２期梅毒髄膜炎	
A514			第２期梅毒性眼障害	
A514			第２期梅毒性筋炎	
A514			第２期梅毒性虹彩毛様体炎	
A514			第２期梅毒性骨膜炎	
A514			第２期梅毒性女性骨盤炎症性疾患	
A514			第２期梅毒性リンパ節症	
C437			第２趾悪性黒色腫	
H535			第２色弱	
S9251			第２趾基節骨開放骨折	
S9250			第２趾基節骨骨折	
C447			第２趾基底細胞癌	
H535			第２色盲	
S9251			第２趾中節骨開放骨折	
S9250			第２趾中節骨骨折	
C447			第２趾皮膚癌	
D047			第２趾ボーエン病	
D227			第２趾母斑細胞母斑	
S9251			第２趾末節骨開放骨折	
S9250			第２趾末節骨亀裂骨折	
S9250			第２趾末節骨骨折	
C447			第２趾有棘細胞癌	
K043			第２象牙質	
M927			第２中足骨若年性骨軟骨症	
P210			第２度仮死	
K641			第２度痔核	
T339			第２度凍傷	
T302			第２度熱傷	
L551			第２度日焼け	
T306			第２度腐蝕	
I441			第２度房室ブロック	
N912			第２度無月経	
M8448			第２腰椎病的骨折	
O720			第３期出血	
S1220			第３頚椎破裂骨折	
C437			第３趾悪性黒色腫	
H535			第３色弱	
S9251			第３趾基節骨開放骨折	
S9250			第３趾基節骨骨折	
C447			第３趾基底細胞癌	
H535			第３色盲	
S9251			第３趾中節骨開放骨折	
S9250			第３趾中節骨骨折	
C447			第３趾皮膚癌	
D047			第３趾ボーエン病	
D227			第３趾母斑細胞母斑	
S9251			第３趾末節骨開放骨折	
S9250			第３趾末節骨亀裂骨折	
S9250			第３趾末節骨骨折	
C447			第３趾有棘細胞癌	
K642			第３度痔核	
T349			第３度凍傷	
T303			第３度熱傷	
L552			第３度日焼け	
T307			第３度腐蝕	
I442			第３度房室ブロック	
G930			第３脳室コロイドのう胞	
D430			第３脳室腫瘍	
D330			第３脳室脈絡叢乳頭腫	
M8448			第３腰椎病的骨折	
M512			第４・５腰椎椎間板ヘルニア	
M513			第４・５腰椎椎間板変性	
S1220			第４頚椎破裂骨折	
C437			第４趾悪性黒色腫	
S9251			第４趾基節骨開放骨折	
S9250			第４趾基節骨骨折	
C447			第４趾基底細胞癌	
S9251			第４趾中節骨開放骨折	
S9250			第４趾中節骨骨折	
C447			第４趾皮膚癌	
D047			第４趾ボーエン病	
D227			第４趾母斑細胞母斑	
S9251			第４趾末節骨開放骨折	
S9250			第４趾末節骨亀裂骨折	
S9250			第４趾末節骨骨折	
C447			第４趾有棘細胞癌	
K643			第４度痔核	
T349			第４度凍傷	
T303			第４度熱傷	
D431			第４脳室腫瘍	
C717			第４脳室上衣腫	
D331			第４脳室脈絡叢乳頭腫	
G930			第４脳室類表皮のう胞	
M513			第４腰椎椎間板変性	
M8448			第４腰椎病的骨折	
D682			第Ｖ因子欠乏症	
S1220			第５頚椎破裂骨折	
C437			第５趾悪性黒色腫	
S9251			第５趾基節骨開放骨折	
S9250			第５趾基節骨骨折	
C447			第５趾基底細胞癌	
S9251			第５趾中節骨開放骨折	
S9250			第５趾中節骨骨折	
C447			第５趾皮膚癌	
S911			第５趾皮膚欠損創	
D047			第５趾ボーエン病	
D227			第５趾母斑細胞母斑	
S9251			第５趾末節骨開放骨折	
S9250			第５趾末節骨亀裂骨折	
S9250			第５趾末節骨骨折	
C447			第５趾有棘細胞癌	
M927			第５中足骨若年性骨軟骨症	
M4317			第５腰椎すべり症	
M513			第５腰椎第１仙椎間椎間板変性	
M8448			第５腰椎病的骨折	
S1220			第６頚椎破裂骨折	
D682			第ＶＩＩ因子欠乏症	
S1220			第７頚椎破裂骨折	
D66			第ＶＩＩＩ因子インヒビター陽性先天性血友病	
D67			第ＩＸ因子インヒビター陽性先天性血友病	
Q775			ダイアストロフィー性骨異形成症	
K120			大アフタ	
D610			ダイアモンド・ブラックファン貧血	
C510			大陰唇癌	
N764			大陰唇膿瘍	
D529			大球性貧血	
M6098			大胸筋炎	
Q798			大胸筋欠損症	
L414			大局面状類乾癬	
Q203			大血管転位症	
K746			大結節性肝硬変	
D320			大孔髄膜腫	
D431			大後頭孔部腫瘍	
G935			大後頭孔ヘルニア	
G500			大後頭三叉神経症候群	
G528			大後頭神経炎	
M7928			大後頭神経痛	
Q283			第三脳室壁海綿状血管腫	
E872			代償性アシドーシス	
K746			代償性肝硬変	
E872			代償性呼吸性アシドーシス	
E873			代償性呼吸性アルカローシス	
G911			代償性水頭症	
E872			代償性代謝性アシドーシス	
E873			代償性代謝性アルカローシス	
J983			代償性肺気腫	
G978			代償性発汗	
Q186			大唇症	
Q171			大耳症	
K002			台状根	
I871			大静脈狭窄症	
I871			大静脈症候群	
Q269			大静脈先天異常	
I822			大静脈塞栓症	
C492			大腿悪性線維性組織球腫	
C492			大腿悪性軟部腫瘍	
C472			大腿悪性末梢神経鞘腫	
S771			大腿圧挫傷	
M7265			大腿壊死性筋膜炎	
C492			大腿横紋筋肉腫	
S711			大腿汚染創	
C492			大腿滑膜肉腫	
S761			大腿外側広筋不全断裂	
C447			大腿基底細胞癌	
Q724			大腿近位部分欠損	
M6095			大腿筋炎	
M7295			大腿筋筋膜症	
S764			大腿筋群損傷	
M7915			大腿筋痛	
M7955			大腿筋肉内異物残留	
M8415			大腿頚部偽関節	
D172			大腿血管脂肪腫	
D180			大腿血管腫	
C492			大腿血管肉腫	
I801			大腿血栓性静脈炎	
S711			大腿咬創	
M8785			大腿骨頭壊死	
M9115			大腿骨頭若年性骨軟骨症	
M930			大腿骨頭すべり症	
C402			大腿骨悪性腫瘍	
M8795			大腿骨壊死	
S7240			大腿骨遠位骨端線損傷	
M939			大腿骨遠位骨端線離開	
S7241			大腿骨遠位端開放骨折	
S7240			大腿骨遠位端骨折	
C402			大腿骨遠位端骨肉腫	
C402			大腿骨遠位部悪性骨腫瘍	
D480			大腿骨遠位部巨細胞腫	
D480			大腿骨遠位部骨腫瘍	
D162			大腿骨遠位部良性骨腫瘍	
S7291			大腿骨開放骨折	
S7241			大腿骨顆上開放骨折	
S7240			大腿骨顆上骨折	
M8415			大腿骨顆上骨折後偽関節	
S7241			大腿骨顆部開放骨折	
S7240			大腿骨顆部骨折	
S7241			大腿骨外顆開放骨折	
S7240			大腿骨外顆骨折	
S833			大腿骨外顆軟骨損傷	
S808			大腿骨外顆部擦過創	
D162			大腿骨外骨腫	
D480			大腿骨巨細胞腫	
S7200			大腿骨近位骨端線損傷	
C402			大腿骨近位端骨肉腫	
C402			大腿骨近位部悪性骨腫瘍	
D480			大腿骨近位部骨腫瘍	
D162			大腿骨近位部良性骨腫瘍	
M8415			大腿骨偽関節	
S7201			大腿骨頚部横断開放骨折	
S7200			大腿骨頚部横断骨折	
S7201			大腿骨頚部開放骨折	
S7201			大腿骨頚部外側開放骨折	
S7201			大腿骨頚部外側貫通開放骨折	
S7200			大腿骨頚部外側貫通骨折	
S7200			大腿骨頚部外側骨折	
S7201			大腿骨頚部基部開放骨折	
S7200			大腿骨頚部基部骨折	
S7200			大腿骨頚部骨折	
T931			大腿骨頚部骨折後遺症	
Q658			大腿骨頚部前捻	
S7201			大腿骨頚部内側開放骨折	
S7200			大腿骨頚部内側骨折	
M8435			大腿骨頚部疲労骨折	
C402			大腿骨骨幹部悪性骨腫瘍	
S7231			大腿骨骨幹部開放骨折	
S7231			大腿骨骨幹部開放性粉砕骨折	
M8415			大腿骨骨幹部偽関節	
S7230			大腿骨骨幹部骨折	
D480			大腿骨骨幹部骨腫瘍	
M8435			大腿骨骨幹部疲労骨折	
M8445			大腿骨骨幹部病的骨折	
S7230			大腿骨骨幹部粉砕骨折	
D162			大腿骨骨幹部良性骨腫瘍	
S7290			大腿骨骨折	
T931			大腿骨骨折後遺症	
M8415			大腿骨骨折後骨癒合不全	
M8425			大腿骨骨折の遷延癒合	
M8405			大腿骨骨折変形治癒	
S7201			大腿骨骨頭下開放骨折	
S7200			大腿骨骨頭下骨折	
S7201			大腿骨骨頭内側開放骨折	
S7200			大腿骨骨頭内側骨折	
M2185			大腿骨骨頭変形	
S798			大腿骨骨挫傷	
M8695			大腿骨骨髄炎	
D162			大腿骨骨軟骨腫	
C402			大腿骨骨肉腫	
D480			大腿骨腫瘍	
M8445			大腿骨上部病的骨折	
Z966			大腿骨人工骨頭置換術後	
M8505			大腿骨線維性骨異形成症	
S7201			大腿骨側頚部開放骨折	
S7200			大腿骨側頚部骨折	
S7271			大腿骨多発開放骨折	
S7270			大腿骨多発骨折	
C795			大腿骨転移性骨腫瘍	
S7211			大腿骨転子部開放骨折	
S7210			大腿骨転子部骨折	
S7241			大腿骨内顆開放骨折	
S7240			大腿骨内顆骨折	
S833			大腿骨内顆軟骨損傷	
T841			大腿骨内固定材の機械的合併症	
D162			大腿骨内軟骨腫	
C402			大腿骨軟骨肉腫	
M8695			大腿骨膿瘍	
P132			大腿骨の分娩損傷	
M8435			大腿骨疲労骨折	
M8445			大腿骨病的骨折	
S7291			大腿骨不全開放骨折	
S7290			大腿骨不全骨折	
S7291			大腿骨粉砕開放骨折	
S7290			大腿骨粉砕骨折	
M8695			大腿骨膜炎	
M8665			大腿骨慢性化膿性骨髄炎	
M8665			大腿骨慢性骨髄炎	
C402			大腿骨ユーイング肉腫	
D162			大腿骨良性腫瘍	
D162			大腿骨類骨骨腫	
S701			大腿挫傷	
S711			大腿挫創	
S771			大腿挫滅傷	
S771			大腿挫滅創	
M7656			大腿四頭筋腱炎	
M6245			大腿四頭筋拘縮症	
S761			大腿四頭筋挫傷	
S761			大腿四頭筋断裂	
S761			大腿四頭筋肉離れ	
S761			大腿四頭筋捻挫	
S761			大腿四頭筋部分断裂	
D172			大腿脂肪腫	
D487			大腿腫瘍	
R224			大腿腫瘤	
G572			大腿神経炎	
S741			大腿神経損傷	
M7925			大腿神経痛	
G572			大腿神経麻痺	
I801			大腿静脈炎	
I801			大腿静脈血栓症	
S751			大腿静脈損傷	
D227			大腿青色母斑	
D237			大腿石灰化上皮腫	
S789			大腿切断	
Z896			大腿切断術後	
T873			大腿切断端神経腫	
C492			大腿線維肉腫	
S799			大腿損傷	
M5417			大腿単神経根炎	
A46			大腿丹毒	
Q721			大腿単独欠損	
S701			大腿大転子部挫傷	
S701			大腿打撲傷	
M6095			大腿直筋炎	
M7965			大腿痛	
I724			大腿動脈仮性動脈瘤	
I771			大腿動脈狭窄症	
S750			大腿動脈損傷	
I743			大腿動脈閉塞症	
I724			大腿動脈瘤	
M7965			大腿内側部痛	
D172			大腿軟性線維腫	
L97			大腿難治性皮膚潰瘍	
D481			大腿軟部腫瘍	
S764			大腿二頭筋損傷	
S764			大腿二頭筋内頭損傷	
S764			大腿二頭筋部分断裂	
T240			大腿熱傷	
S711			大腿剥皮創	
S764			大腿半膜様筋損傷	
L97			大腿皮膚潰瘍	
C447			大腿皮膚癌	
S711			大腿皮膚欠損創	
D237			大腿皮膚線維腫	
D237			大腿皮膚良性腫瘍	
C437			大腿部悪性黒色腫	
S711			大腿部開放創	
M6105			大腿部外傷性骨化性筋炎	
M6095			大腿部筋炎	
G579			大腿部絞扼性神経障害	
M6155			大腿部骨化性筋炎	
S711			大腿部刺創	
C492			大腿部脂肪肉腫	
R224			大腿部腫脹	
S711			大腿部切創	
Q825			大腿部単純性血管腫	
T241			大腿部第１度熱傷	
T242			大腿部第２度熱傷	
T243			大腿部第３度熱傷	
S762			大腿部内転筋挫傷	
L024			大腿部膿瘍	
S701			大腿部皮下血腫	
R233			大腿部皮下出血	
L031			大腿部蜂巣炎	
C492			大腿平滑筋肉腫	
K419			大腿ヘルニア	
K413			大腿ヘルニア嵌頓	
D227			大腿扁平母斑	
C492			大腿胞巣状軟部肉腫	
D047			大腿ボーエン病	
D227			大腿母斑	
D227			大腿母斑細胞母斑	
C447			大腿メルケル細胞癌	
C447			大腿有棘細胞癌	
C447			大腿隆起性皮膚線維肉腫	
D212			大腿良性軟部腫瘍	
D181			大腿リンパ管腫	
C492			大腿類上皮肉腫	
S711			大腿裂創	
C089			大唾液腺癌	
C884			大腸ＭＡＬＴリンパ腫	
C859			大腸悪性リンパ腫	
A099			大腸炎	
C189			大腸カルチノイド	
K564			大腸嵌頓	
C189			大腸癌	
Z121			大腸癌検診	
C795			大腸癌骨転移	
K599			大腸機能障害	
A498			大腸菌感染症	
P002			大腸菌感染母体より出生した児	
A044			大腸菌食中毒	
G008			大腸菌髄膜炎	
P234			大腸菌性先天性肺炎	
A044			大腸菌性腸炎	
J155			大腸菌肺炎	
K501			大腸クローン病	
K573			大腸憩室出血	
A183			大腸結核	
K552			大腸血管形成異常	
D180			大腸血管腫	
K562			大腸絞扼	
K638			大腸黒皮症	
D374			大腸腫瘍	
K639			大腸腫瘤	
C189			大腸神経内分泌細胞癌	
C189			大腸神経内分泌腫瘍	
K598			大腸ジスキネジア	
K561			大腸重積症	
I868			大腸静脈瘤	
K918			大腸切除症候群	
D126			大腸腺腫	
D126			大腸腺腫症	
D010			大腸腺腫内癌	
Z904			大腸全摘術後	
D374			大腸側方発育型腫瘍	
N823			大腸腟瘻	
C189			大腸肉腫	
C189			大腸粘液癌	
K562			大腸捻転症	
A421			大腸放線菌症	
K635			大腸ポリープ	
D126			大腸ポリポーシス	
K560			大腸麻痺	
S7211			大転子開放骨折	
S7210			大転子骨折	
M7065			大転子部滑液包炎	
S711			大転子部挫創	
S7210			大転子部剥離骨折	
E752			大頭型白質脳症	
I700			大動脈アテローム硬化症	
I776			大動脈炎	
M314			大動脈炎症候群	
I719			大動脈拡張	
Q254			大動脈騎乗	
Q254			大動脈弓屈曲遺残症	
Q254			大動脈弓閉塞症	
Q251			大動脈弓離断症	
Q251			大動脈弓離断複合	
Q253			大動脈狭窄症	
Q254			大動脈形成不全症	
I741			大動脈血栓症	
Q254			大動脈欠損症	
I772			大動脈結腸瘻	
I700			大動脈硬化症	
Q208			大動脈左室トンネル	
Q238			大動脈四尖弁	
C772			大動脈周囲リンパ節転移	
Q251			大動脈縮窄症	
Q251			大動脈縮窄複合	
I772			大動脈食道瘻	
I772			大動脈十二指腸瘻	
I700			大動脈石灰化症	
Q254			大動脈先天異常	
I741			大動脈塞栓症	
Q214			大動脈肺動脈窓	
I718			大動脈破裂	
Q230			大動脈閉鎖	
I358			大動脈弁逸脱	
Q244			大動脈弁下部狭窄症	
I352			大動脈弁狭窄兼閉鎖不全症	
I080			大動脈弁狭窄兼閉鎖不全症兼僧帽弁狭窄症	
I080			大動脈弁狭窄兼閉鎖不全症兼僧帽弁閉鎖不全症	
I350			大動脈弁狭窄症	
I082			大動脈弁狭窄症兼三尖弁狭窄症	
I082			大動脈弁狭窄症兼三尖弁閉鎖不全症	
I080			大動脈弁狭窄症兼僧帽弁狭窄症	
I083			大動脈弁狭窄症兼僧帽弁狭窄症兼三尖弁閉鎖不全症	
I080			大動脈弁狭窄症兼僧帽弁閉鎖不全症	
I083			大動脈弁狭窄症兼僧帽弁閉鎖不全症兼三尖弁閉鎖不全症	
I088			大動脈弁狭窄症兼肺動脈弁閉鎖不全症	
I351			大動脈弁逆流症	
I359			大動脈弁疾患	
Q253			大動脈弁上狭窄症	
Z952			大動脈弁置換術後	
Q252			大動脈弁閉鎖症	
I351			大動脈弁閉鎖不全症	
I082			大動脈弁閉鎖不全症兼三尖弁狭窄症	
I082			大動脈弁閉鎖不全症兼三尖弁閉鎖不全症	
I080			大動脈弁閉鎖不全症兼僧帽弁狭窄症	
I083			大動脈弁閉鎖不全症兼僧帽弁狭窄症兼三尖弁閉鎖不全症	
I080			大動脈弁閉鎖不全症兼僧帽弁閉鎖不全症	
I083			大動脈弁閉鎖不全症兼僧帽弁閉鎖不全症兼三尖弁閉鎖不全症	
I088			大動脈弁閉鎖不全症兼肺動脈弁狭窄症	
I088			大動脈弁閉鎖不全症兼肺動脈弁閉鎖不全症	
I358			大動脈弁弁膜症	
I358			大動脈弁輪拡張症	
I719			大動脈瘤	
T888			ダイナミックポジショナー破損	
T888			ダイナミックポジショナー不適合	
C710			大脳悪性腫瘍	
G319			大脳萎縮症	
C700			大脳鎌悪性髄膜腫	
C700			大脳鎌血管周皮腫	
D320			大脳鎌髄膜腫	
G238			大脳基底核石灰化	
C710			大脳深部神経膠腫	
C793			大脳深部転移性腫瘍	
R201			大脳性半身知覚鈍麻	
G938			大脳石灰沈着症	
D320			大脳半球硬膜腫	
G238			大脳皮質基底核変性症	
Q048			大脳皮質形成異常	
C710			大脳乏突起神経膠腫	
S853			大伏在静脈損傷	
G410			大発作持続状態	
K550			大網梗塞	
C481			大網脂肪肉腫	
D484			大網腫瘍	
C481			大網消化管間質腫瘍	
K650			大網膿瘍	
K469			大網ヘルニア	
K660			大網癒着	
J181			大葉性肺炎	
Q782			大理石骨病	
L80			大理石様白斑	
R238			大理石様皮膚	
F681			代理ミュンヒハウゼン症候群	
S6211			大菱形骨開放骨折	
S6210			大菱形骨骨折	
T888			ダイレクトボンドマルチブラケット装置脱離	
T888			ダイレクトボンドマルチブラケット装置破損	
T888			ダイレクトボンドマルチブラケット装置不適合	
Q909			ダウン症候群	
K118			唾液管狭窄症	
K118			唾液管閉塞症	
K110			唾液腺萎縮	
K112			唾液腺炎	
K118			唾液腺拡張症	
K112			唾液腺管炎	
Q384			唾液腺管欠損	
Q384			唾液腺管閉鎖	
C089			唾液腺癌	
A188			唾液腺結核	
D370			唾液腺腫瘍	
K119			唾液腺症	
D119			唾液腺多形腺腫	
K116			唾液腺粘液のう胞	
K113			唾液腺膿瘍	
K111			唾液腺肥大	
Q384			唾液腺閉鎖	
K117			唾液分泌過多	
K117			唾液分泌欠如	
K117			唾液分泌障害	
K114			唾液瘻	
A181			ダグラス窩結核	
N735			ダグラス窩膿瘍	
L817			蛇行状血管腫	
L632			蛇行状脱毛症	
L872			蛇行性穿孔性弾力線維症	
K115			唾石症	
T143			脱臼	
T1420			脱臼骨折	
K641			脱出性内痔核	
E871			脱水型低ナトリウム血症	
E86			脱水症	
O211			脱水を伴う妊娠悪阻	
Q823			脱色素性色素失調症	
Q858			脱色素性母斑	
G379			脱髄疾患	
G371			脱髄性脳梁エンセファロパシー	
L659			脱毛症	
L662			脱毛性毛包炎	
E018			脱ヨード化障害	
R298			脱力感	
G474			脱力発作	
T784			ダニアレルギー	
B889			だに寄生症	
A849			だに媒介ウイルス性髄膜脳炎	
A681			だに媒介性回帰熱	
B880			だに皮膚炎	
E740			ダノン病	
T141			打撲割創	
T140			打撲血腫	
T140			打撲擦過創	
T141			打撲挫創	
T140			打撲傷	
T140			打撲皮下血腫	
Q828			ダリエー病	
P008			ダリエー病母体より出生した児	
Q559			男外性器奇形	
Q561			男性仮性半陰陽	
E259			男性化副腎腫瘍	
O333			男性型骨盤	
L680			男性型多毛症	
L649			男性型脱毛症	
N508			男性更年期障害	
O651			男性骨盤による分娩停止	
K660			男性骨盤癒着	
Q559			男性性器異常	
C639			男性性器癌	
Q559			男性性器奇形	
Q559			男性性器発育異常	
D409			男性生殖器腫瘍	
Q828			弾性線維性仮性黄色腫	
Q561			男性半陰陽	
N46			男性不妊症	
T873			断端神経腫	
G546			断端神経痛	
Q031			ダンディ・ウォーカー症候群	
S18			断頭	
M758			弾発肩	
M2485			弾発股	
M2482			弾発肘	
M6537			弾発母趾	
K911			ダンピング症候群	
J678			チーズ洗浄職人肺	
R230			チアノーゼ	
Q249			チアノーゼ腎症	
Q249			チアノーゼ性先天性心疾患	
R230			チアノーゼ発作	
R063			チェーン・ストークス呼吸	
E703			チェディアック・東症候群	
R391			遅延性排尿	
T434			チオキサンテン系神経抑制薬中毒	
T411			チオバルビツレート中毒	
G571			知覚異常性大腿神経痛	
R208			知覚機能障害	
R208			知覚障害	
R201			知覚神経麻痺	
R201			知覚鈍麻	
R448			知覚麻痺	
R202			チクチク感	
A920			チクングニヤ出血熱	
N508			恥垢	
C414			恥骨悪性腫瘍	
S3251			恥骨開放骨折	
Q742			恥骨結合異常	
M1315			恥骨結合炎	
O267			恥骨結合開離	
M9105			恥骨結合若年性骨軟骨症	
S3250			恥骨骨折	
M8695			恥骨骨炎	
C414			恥骨骨肉腫	
M8695			恥骨骨膜炎	
D480			恥骨腫瘍	
C414			恥骨軟骨肉腫	
M8435			恥骨疲労骨折	
S301			恥骨部打撲	
D168			恥骨良性腫瘍	
Q811			致死型表皮水疱症	
K053			智歯周囲炎	
A810			致死性家族性不眠症	
R960			致死性失神	
K006			智歯難生	
B005			地図状角膜炎	
K121			地図状口内炎	
K141			地図状舌	
H301			地図状脈絡膜炎	
A771			地中海だに熱	
A239			地中海熱	
F959			チック障害	
R090			窒息	
R068			窒息感	
T590			窒素酸化物の毒作用	
C52			腟悪性黒色腫	
O346			腟異常のための母体管理	
T980			腟異物挿入後遺症	
N825			腟会陰瘻	
N760			腟炎	
S314			腟開放創	
N765			腟潰瘍	
N898			腟下垂	
B373			腟カンジダ症	
C52			腟癌	
N895			腟狭窄症	
N942			腟痙	
N898			腟血腫	
Q520			腟欠損	
N896			腟口狭小	
S302			腟挫傷	
D397			腟腫瘍	
N893			腟上皮異形成	
N890			腟上皮異形成・異型度１	
N891			腟上皮異形成・異型度２	
N892			腟上皮異形成・異型度３	
D072			腟上皮内癌	
R876			腟スメア細胞診陽性	
D281			腟線維腫	
D281			腟腺症	
S399			腟損傷	
N811			腟脱症	
T814			腟断端炎	
T810			腟断端出血	
T818			腟断端肉芽	
N842			腟断端ポリープ	
Q521			腟中隔	
T192			腟内異物	
D281			腟乳頭腫	
T283			腟熱傷	
D281			腟のう腫	
N898			腟のう胞	
N760			腟膿瘍	
N894			腟白斑症	
N765			腟部びらん	
N895			腟閉鎖	
N811			腟壁下垂	
D281			腟壁筋腫	
O901			腟壁血腫縫合創離開	
A630			腟壁尖圭コンジローマ	
T813			腟壁縫合不全	
N842			腟ポリープ	
N895			腟癒着	
N897			腟留血症	
D281			腟良性腫瘍	
S314			腟裂傷	
N829			腟瘻	
F79			知的障害	
F790			知的障害・行動機能障害なしか最小限	
F799			知的障害・行動機能障害の言及なし	
F798			知的障害・その他の行動機能障害あり	
F791			知的障害・要治療の行動機能障害あり	
F28			知的障害性精神病	
F844			知的障害と常同運動に関連した過動性障害	
N951			血の道症	
O149			遅発型妊娠高血圧症候群	
Q150			遅発型発達緑内障	
E300			遅発月経	
S064			遅発性硬膜外血腫	
S0641			遅発性硬膜外血腫・頭蓋内に達する開放創合併あり	
S0640			遅発性硬膜外血腫・頭蓋内に達する開放創合併なし	
G562			遅発性尺骨神経麻痺	
R270			遅発性ジスキネジア	
G401			遅発性てんかん	
F208			遅発性統合失調症	
H810			遅発性内リンパ水腫	
A527			遅発性梅毒	
T66			遅発性放射線壊死	
M348			チビエルジュ・ワイゼンバッハ症候群	
A759			チフス	
A759			チフス性心筋炎	
A010			チフス性胆のう炎	
E009			地方病性クレチン病	
E012			地方病性甲状腺腫	
K103			緻密性歯槽骨炎	
B742			チモール糸状虫症	
R482			着衣失行	
K036			着色歯	
T634			チャドクガ皮膚炎	
T08-0			チャンス骨折	
O811			中位鉗子分娩	
F900			注意欠陥多動障害	
C109			中咽頭癌	
C103			中咽頭後壁癌	
C102			中咽頭側壁癌	
C109			中咽頭肉腫	
D105			中咽頭乳頭腫	
D105			中咽頭良性腫瘍	
A841			中央ヨーロッパだに脳炎	
Q512			中隔子宮	
Q044			中隔視神経形成異常症	
K746			中隔性肝硬変	
K052			中隔部肉芽形成	
Q423b			中間位鎖肛	
F980			昼間遺尿症	
D561			中間型サラセミア	
M2582			肘関節異所性骨化	
M1312			肘関節炎	
S5201			肘関節開放骨折	
S5201			肘関節開放性脱臼骨折	
M7032			肘関節滑液包炎	
M6592			肘関節滑膜炎	
D481			肘関節滑膜骨軟骨腫症	
S532			肘関節外側側副靱帯損傷	
S532			肘関節外側側副靱帯断裂	
S534			肘関節外側側副靱帯捻挫	
M2462			肘関節強直	
M1122			肘関節偽痛風	
M2452			肘関節拘縮	
S5200			肘関節骨折	
S510			肘関節挫創	
M1992			肘関節症	
M2542			肘関節水腫	
S531			肘関節脱臼	
S5200			肘関節脱臼骨折	
T928			肘関節打撲後遺症	
M2552			肘関節痛	
S5200			肘関節内骨折	
S533			肘関節内側側副靱帯損傷	
S533			肘関節内側側副靱帯断裂	
S534			肘関節内側側副靱帯捻挫	
M2402			肘関節内遊離体	
S534			肘関節捻挫	
M2532			肘関節不安定症	
S510			肘関節部開放創	
S500			肘関節部血腫	
S508			肘関節部擦過創	
S500			肘関節部挫傷	
S500			肘関節部打撲傷	
D181			肘関節部のう胞性リンパ管腫	
D181			肘関節部リンパ管腫	
M8662			肘関節慢性骨髄炎	
Z892			肘関節離断術後	
M932			肘関節離断性骨軟骨炎	
S531			肘関節両側側副靱帯損傷	
H208			中間部ぶどう膜炎	
S636			中指ＤＩＰ関節尺側側副靱帯損傷	
S636			中指ＤＩＰ関節側副靱帯損傷	
S636			中指ＤＩＰ関節橈側側副靱帯損傷	
S636			中指ＭＰ関節尺側側副靱帯損傷	
S636			中指ＭＰ関節側副靱帯損傷	
S636			中指ＭＰ関節橈側側副靱帯損傷	
S636			中指ＰＩＰ関節尺側側副靱帯損傷	
S636			中指ＰＩＰ関節側副靱帯損傷	
S634			中指ＰＩＰ関節側副靱帯断裂	
S636			中指ＰＩＰ関節橈側側副靱帯損傷	
S636			中指ＰＩＰ関節捻挫	
C436			中指悪性黒色腫	
S6261			中指開放骨折	
M6504			中指化膿性腱鞘炎	
M2554			中指関節痛	
S6261			中指基節骨開放骨折	
S6260			中指基節骨骨折	
S6260			中指基節骨骨端線損傷	
C446			中指基底細胞癌	
M2454			中指屈曲拘縮	
M6594			中指屈筋腱腱鞘炎	
S561			中指屈筋腱断裂	
M678			中指屈筋腱癒着	
D180			中指血管腫	
M6594			中指腱鞘炎	
D211			中指腱鞘巨細胞腫	
M200			中指腱性マレット指	
S610			中指咬創	
S6260			中指骨折	
M200			中指骨性マレット指	
S600			中指挫傷	
S610			中指挫創	
S610			中指刺創	
S564			中指伸筋腱損傷	
S564			中指伸筋腱断裂	
M678			中指伸筋腱癒着	
S561			中指深指屈筋腱断裂	
T634			虫刺性皮膚炎	
S610			中指切創	
S681			中指切断	
S601			中指爪下血腫	
S636			中指側副靱帯損傷	
S634			中指側副靱帯断裂	
S6261			中指中節骨開放骨折	
S6260			中指中節骨骨折	
S6260			中指中節骨骨端線損傷	
M7964			中指痛	
S636			中指捻挫	
L024			中指膿瘍	
S610			中指剥皮創	
M6534			中指ばね指	
C446			中指皮膚癌	
S610			中指皮膚欠損創	
S681			中指不全切断	
M200			中指変形	
D046			中指ボーエン病	
D226			中指母斑細胞母斑	
S6261			中指末節骨開放骨折	
S6260			中指末節骨亀裂骨折	
S6260			中指末節骨骨折	
S6260			中指末節骨骨端線損傷	
H510			注視麻痺	
M200			中指マレット指	
M922			中手骨頭若年性骨軟骨症	
C401			中手骨悪性腫瘍	
S6231			中手骨開放骨折	
S618			中手骨関節部挫創	
S6230			中手骨頚部骨折	
S6230			中手骨骨折	
D480			中手骨腫瘍	
S6241			中手骨多発開放骨折	
S6240			中手骨多発骨折	
D161			中手骨内軟骨腫	
C401			中手骨軟骨肉腫	
M8694			中手骨膿瘍	
M8434			中手骨疲労骨折	
S6230			中手骨不全骨折	
D161			中手骨良性腫瘍	
S6230			中手骨裂離骨折	
C446			中指有棘細胞癌	
H534			中心暗点	
H353			中心窩下脈絡膜新生血管を伴う加齢黄斑変性	
K002			中心結節	
K038			中心結節破折	
J432			中心小葉性肺気腫	
T827			中心静脈カテーテル感染症	
S141			中心性頚髄損傷	
G935			中心性経テントヘルニア	
H720			中心性鼓膜穿孔	
K762			中心性出血性肝壊死	
H357			中心性漿液性脈絡膜症	
H357			中心性漿液性網脈絡膜症	
H300			中心性脈絡膜炎	
H300			中心性脈絡網膜症	
H300			中心性網膜炎	
H300			中心性網膜症	
H300			中心性網脈絡膜炎	
H312			中心性輪紋状脈絡膜萎縮症	
C301			中耳悪性腫瘍	
H669			中耳炎	
H659			中耳炎後遺症	
H669			中耳炎性顔面神経麻痺	
H830			中耳炎性内耳炎	
H922			中耳出血	
D385			中耳腫瘍	
H958			中耳腫瘍術後症	
B368			中耳真菌症	
H958			中耳真珠腫術後症	
Q164			中耳先天奇形	
D385			中耳傍神経節腫	
H744			中耳ポリープ	
C383			中縦隔悪性腫瘍	
D383			中縦隔腫瘍	
D140			中耳良性腫瘍	
K388			虫垂萎縮	
T184			虫垂異物	
K37			虫垂炎	
K389			虫垂炎後遺症	
T814			虫垂炎術後残膿瘍	
K352			虫垂炎性汎発性腹膜炎	
K353			虫垂炎性腹膜炎	
K380			虫垂過形成	
D373			虫垂カルチノイド	
C181			虫垂癌	
K501			虫垂クローン病	
K382			虫垂憩室	
K381			虫垂結石	
C181			虫垂杯細胞カルチノイド	
K37			虫垂周囲炎	
K353			虫垂周囲膿瘍	
D373			虫垂腫瘍	
C181			虫垂神経内分泌腫瘍	
K388			虫垂軸捻	
K388			虫垂重積	
K919			虫垂切除後後遺症	
K660			虫垂切除後大網癒着	
K660			虫垂切除後腸癒着症	
K353			虫垂切除後腹膜炎	
T818			虫垂切除術腹壁瘢痕部瘻孔	
R103			虫垂仙痛	
K388			虫垂粘液のう胞	
D121			虫垂良性腫瘍	
K383			虫垂瘻	
C833			中枢神経系原発びまん性大細胞型Ｂ細胞性リンパ腫	
T144			中枢神経系損傷	
G969			中枢神経障害性疼痛	
M321			中枢神経ループス	
E871			中枢性塩喪失症候群	
R11			中枢性嘔吐症	
H519			中枢性眼球運動障害	
H814			中枢性眼振	
G510			中枢性顔面神経麻痺	
R431			中枢性嗅覚障害	
E228			中枢性思春期早発症	
G969			中枢性神経障害性疼痛	
G473			中枢性睡眠時無呼吸	
E228			中枢性早熟	
H814			中枢性頭位眼振	
E301			中枢性特発性早熟	
H905			中枢性難聴	
E232			中枢性尿崩症	
G968			中枢性脳卒中後疼痛	
N911			中枢性無月経	
H814			中枢性めまい症	
C403			中足骨悪性腫瘍	
S9231			中足骨開放骨折	
S9231			中足骨開放性脱臼骨折	
Q742			中足骨奇形	
S9230			中足骨亀裂骨折	
M8417			中足骨偽関節	
S9230			中足骨骨折	
D480			中足骨腫瘍	
Q742			中足骨短縮症	
S9230			中足骨脱臼骨折	
M7747			中足骨痛症	
D163			中足骨内軟骨腫	
C403			中足骨軟骨肉腫	
S9230			中足骨剥離骨折	
M8437			中足骨疲労骨折	
S9230			中足骨不顕性骨折	
S9230			中足骨不全骨折	
S981			中足骨離断	
D163			中足骨良性腫瘍	
S931			中足趾節関節脱臼	
S935			中足趾節関節捻挫	
Z894			中足切断術後	
M7967			中足部痛	
I670			中大脳動脈解離	
I660			中大脳動脈狭窄症	
I660			中大脳動脈血栓症	
I660			中大脳動脈症候群	
I660			中大脳動脈塞栓症	
I660			中大脳動脈閉塞症	
I671			中大脳動脈瘤	
I601			中大脳動脈瘤破裂によるくも膜下出血	
M7022			肘頭滑液包炎	
S0211			中頭蓋窩開放骨折	
D329			中頭蓋窩くも膜のう腫	
C719			中頭蓋窩血管周皮腫	
S0210			中頭蓋窩骨折	
D320			中頭蓋窩髄膜腫	
G930			中頭蓋窩類表皮のう胞	
S0210			中頭蓋底骨折	
B342			中東呼吸器症候群	
S5200			肘頭骨折	
M939			肘頭骨端線閉鎖不全	
M7782			肘頭骨棘	
F321			中等症うつ病エピソード	
K519			中等症潰瘍性大腸炎	
D619			中等症再生不良性貧血	
F331			中等症反復性うつ病性障害	
E440			中等度栄養失調症	
H520			中等度遠視	
H521			中等度近視	
F71			中等度知的障害	
F710			中等度知的障害・行動機能障害なしか最小限	
F719			中等度知的障害・行動機能障害の言及なし	
F718			中等度知的障害・その他の行動機能障害あり	
F711			中等度知的障害・要治療の行動機能障害あり	
H919			中等度難聴	
S5200			肘頭粉砕骨折	
S500			肘頭部挫傷	
T659			中毒	
L279			中毒疹	
K296			中毒性胃炎	
K521			中毒性胃腸炎	
H353			中毒性黄斑変性	
M673			中毒性滑膜炎	
K716			中毒性肝炎	
K718			中毒性肝限局性結節性過形成	
K719			中毒性肝障害	
K718			中毒性肝静脈閉塞症	
K718			中毒性肝臓紫斑病	
K718			中毒性肝肉芽腫	
K593			中毒性巨大結腸	
H526			中毒性屈折調節障害	
E050			中毒性甲状腺腫	
D70			中毒性好中球減少症	
L530			中毒性紅斑	
H540			中毒性黒内障	
H46			中毒性視神経炎	
G259			中毒性小脳失調症	
I408			中毒性心筋炎	
G701			中毒性神経筋障害	
N144			中毒性腎症	
F199			中毒性精神障害	
F195			中毒性精神病	
G958			中毒性脊髄症	
E052			中毒性多結節性甲状腺腫	
E051			中毒性単結節性甲状腺腫	
K521			中毒性大腸炎	
H910			中毒性難聴	
G622			中毒性ニューロパチー	
G92			中毒性脳症	
H263			中毒性白内障	
L512			中毒性表皮壊死症	
R609			中毒性浮腫	
G722			中毒性ミオパチー	
D748			中毒性メトヘモグロビン血症	
D594			中毒性溶血性貧血	
M2492			肘内障	
C717			中脳神経膠腫	
Q030			中脳水道狭窄症	
Q030			中脳水道先天異常	
C459			中皮腫	
C436			肘部悪性黒色腫	
C491			肘部滑膜肉腫	
G562			肘部管症候群	
S580			肘部外傷性切断	
M674			肘部ガングリオン	
C446			肘部基底細胞癌	
G562			肘部絞扼性神経障害	
O333			中部骨産道狭窄症	
S510			肘部挫創	
C154			中部食道癌	
S510			肘部切創	
C491			肘部線維肉腫	
C240			中部胆管癌	
T221			肘部第１度熱傷	
T222			肘部第２度熱傷	
T223			肘部第３度熱傷	
D481			肘部軟部腫瘍	
C446			肘部皮膚癌	
S510			肘部皮膚欠損創	
D236			肘部皮膚良性腫瘍	
L031			肘部蜂巣炎	
D046			肘部ボーエン病	
C446			肘部有棘細胞癌	
C446			肘部隆起性皮膚線維肉腫	
C491			肘部類上皮肉腫	
H531			昼盲	
J981			中葉症候群	
C342			中葉小細胞肺癌	
C342			中葉肺癌	
C342			中葉肺腺癌	
C342			中葉肺大細胞癌	
C342			中葉肺扁平上皮癌	
C342			中葉非小細胞肺癌	
J981			中葉無気肺	
K598			腸アトニー	
B810			腸アニサキス症	
A060			腸アメーバ症	
K638			腸萎縮	
T868			腸移植拒絶反応	
T868			腸移植不全	
K638			腸うっ血	
K550			腸壊死	
A099			腸炎	
A053			腸炎ビブリオ感染症	
A053			腸炎ビブリオ食中毒	
R191			腸音欠如	
R191			腸音亢進	
Q433a			腸回転異常	
K633			腸潰瘍	
H932			聴覚異常	
H932			聴覚過敏	
R481			聴覚失認	
H919			聴覚障害	
H919			聴覚消失	
R471			聴覚性構音障害	
G401			聴覚性発作	
G408			聴覚反射てんかん	
H932			聴覚補充現象	
K634			腸下垂	
A090			腸カタル	
A063			腸管アメーバ肉芽腫	
K598			腸管運動障害	
B378			腸管カンジダ症	
A282			腸管外エルシニア症	
B829			腸管寄生虫症	
Q433a			腸管固定異常	
A043			腸管出血性大腸菌感染症	
C862			腸管症関連Ｔ細胞リンパ腫	
Q438			腸管神経節細胞僅少症	
Q434			腸管重複症	
A042			腸管組織侵襲性大腸菌感染症	
S369			腸管損傷	
S3691			腸管損傷・腹腔に達する開放創合併あり	
S3690			腸管損傷・腹腔に達する開放創合併なし	
A041			腸管毒素原性大腸菌感染症	
S369			腸管破裂	
S3691			腸管破裂・腹腔に達する開放創合併あり	
S3690			腸管破裂・腹腔に達する開放創合併なし	
M352			腸管ベーチェット病	
C481			腸間膜悪性腫瘍	
K551			腸間膜血行不全	
K658			腸間膜脂肪壊死	
K658			腸間膜脂肪織炎	
D177			腸間膜脂肪腫	
C481			腸間膜脂肪肉腫	
D484			腸間膜腫瘍	
R190			腸間膜腫瘤	
C481			腸間膜消化管間質腫瘍	
S345			腸間膜神経叢損傷	
K550			腸間膜静脈血栓症	
S353			腸間膜静脈損傷	
K550			腸間膜動脈血栓症	
K551			腸間膜動脈硬化症	
K550			腸間膜動脈塞栓症	
S352			腸間膜動脈損傷	
C481			腸間膜肉腫	
D201			腸間膜のう腫	
K650			腸間膜膿瘍	
C481			腸間膜平滑筋肉腫	
K458			腸間膜ヘルニア	
K660			腸間膜癒着	
D201			腸間膜良性腫瘍	
I880			腸間膜リンパ節炎	
A183			腸間膜リンパ節結核	
R590			腸間膜リンパ節腫脹	
B908			腸間膜リンパ節陳旧性結核	
C772			腸間膜リンパ節転移	
K590			腸管麻痺性便秘	
K660			腸管癒着	
I890			腸管リンパ管拡張症	
K599			腸機能障害	
A491			腸球菌感染症	
A418			腸球菌敗血症	
K566			腸狭窄	
P080			超巨大児	
O335			超巨大児分娩	
C410			蝶形骨悪性腫瘍	
C700			蝶形骨縁悪性髄膜腫	
S0211			蝶形骨開放骨折	
S0210			蝶形骨骨折	
D480			蝶形骨腫瘍	
D320			蝶形骨髄膜腫	
J323			蝶形骨洞炎	
C313			蝶形骨洞癌	
J338			蝶形骨洞ポリープ	
D320			蝶形骨平面髄膜腫	
D320			蝶形骨稜髄膜腫	
D164			蝶形骨良性腫瘍	
K579			腸憩室	
K579			腸憩室炎	
K578			腸憩室穿孔	
M7685			腸脛靱帯炎	
M7635			腸脛靱帯症候群	
H355			蝶形網膜ジストロフィー	
A183			腸結核	
K564			腸結石	
I728			蝶口蓋動脈瘤	
R509			超高熱	
A073			腸コクシジウム症	
C414			腸骨悪性腫瘍	
S3231			腸骨開放骨折	
K650			腸骨窩膿瘍	
R103			腸骨窩部痛	
S355			腸骨血管損傷	
S3230			腸骨骨折	
M8695			腸骨骨髄炎	
D480			腸骨腫瘍	
I828			腸骨静脈圧迫症候群	
I723			腸骨動脈解離	
I745			腸骨動脈血栓症	
I745			腸骨動脈塞栓症	
I745			腸骨動脈閉塞症	
I723			腸骨動脈瘤	
C414			腸骨軟骨肉腫	
S3230			腸骨剥離骨折	
S300			腸骨部挫傷	
S300			腸骨部打撲傷	
R102			腸骨部痛	
L022			腸骨部膿瘍	
C414			腸骨ユーイング肉腫	
M7625			腸骨稜棘	
M9105			腸骨稜若年性骨軟骨症	
D168			腸骨良性腫瘍	
C775			腸骨リンパ節転移	
K639			腸疾患	
K922			腸出血	
D377			腸腫瘍	
H933			聴神経萎縮	
H933			聴神経炎	
C724			聴神経膠腫	
D433			聴神経腫瘍	
H933			聴神経障害	
D333			聴神経鞘腫	
S046			聴神経損傷	
D333			聴神経のう腫	
K598			腸ジスキネジア	
B665			腸ジストマ症	
B813			腸住血線虫症	
K561			腸重積症	
K561			腸重積症再発	
K296			腸上皮化生	
E832			腸性肢端皮膚炎	
H525			調節緊張症	
K918			腸切除後遺症	
H524			調節衰弱	
H525			調節性眼精疲労	
H570			調節性虹彩麻痺	
H500			調節性斜視	
H500			調節性内斜視	
H525			調節不全	
H525			調節不全麻痺	
H525			調節麻痺	
K631			腸穿孔	
K650			腸穿孔腹膜炎	
R103			腸仙痛	
Q433b			腸先天性癒着	
B820			腸蠕虫症	
N824			腸腟瘻	
A010			腸チフス	
A010			腸チフス性関節炎	
A010			腸チフス性心筋炎	
A010			腸チフス性心内膜炎	
A010			腸チフス性髄膜炎	
A010			腸チフス性肺炎	
P070			超低出産体重児	
P070			超低出生体重児	
Q438			腸転位	
Q672			長頭症	
S565			長橈側手根伸筋腱損傷	
S565			長橈側手根伸筋腱断裂	
S565			長橈側手根伸筋損傷	
S565			長橈側手根伸筋断裂	
A078			腸トリコモナス症	
Q273			腸動静脈奇形	
A049			腸内細菌性脊椎炎	
K630			腸膿瘍	
N805			腸の子宮内膜症	
B878			腸はえ幼虫症	
R470			超皮質健忘性失語症	
R470			超皮質性失語	
Q112			超微小眼球	
B780			腸糞線虫症	
S563			長母指外転筋断裂	
S660			長母指屈筋腱断裂	
S563			長母指伸筋腱損傷	
S961			長母趾伸筋腱断裂	
S563			長母指伸筋腱断裂	
D126			腸ポリープ症	
K560			腸麻痺	
D239			澄明細胞汗管腫	
D239			澄明細胞汗腺腫	
A848			跳躍病	
M6098			腸腰筋炎	
K650			腸腰筋膿瘍	
K632			腸瘻	
K918			腸瘻後期合併症	
C884			直腸ＭＡＬＴリンパ腫	
T185			直腸Ｓ状結腸異物	
K638			直腸Ｓ状結腸炎	
C19			直腸Ｓ状部悪性腫瘍	
C19			直腸Ｓ状部結腸癌	
D011			直腸Ｓ状部上皮内癌	
D127			直腸Ｓ状部腺腫	
C20			直腸悪性黒色腫	
C859			直腸悪性リンパ腫	
T980			直腸異物挿入後遺症	
N824			直腸陰唇瘻	
K604			直腸会陰瘻	
K628			直腸炎	
K626			直腸潰瘍	
Q431			直腸下部型ヒルシュスプルング病	
C20			直腸カルチノイド	
D375			直腸間葉系腫瘍	
C20			直腸癌	
C795			直腸癌骨転移	
C20			直腸癌術後再発	
C20			直腸癌穿孔	
K624			直腸狭窄	
K501			直腸クローン病	
K573			直腸憩室	
K573			直腸憩室炎	
K572			直腸憩室穿孔	
A183			直腸結核	
K612			直腸肛門周囲膿瘍	
D175			直腸脂肪腫	
C20			直腸脂肪肉腫	
K628			直腸周囲炎	
K611			直腸周囲膿瘍	
K625			直腸出血	
D375			直腸腫瘍	
K628			直腸腫瘤	
C20			直腸消化管間質腫瘍	
K629			直腸障害	
C20			直腸神経内分泌細胞癌	
C20			直腸神経内分泌腫瘍	
K561			直腸重積症	
D012			直腸上皮内癌	
K649			直腸静脈瘤	
K590			直腸性便秘	
K918			直腸切除後遺症	
K918			直腸切断術後後遺症	
K631			直腸穿孔	
D128			直腸腺腫	
S366			直腸損傷	
S3661			直腸損傷・腹腔に達する開放創合併あり	
S3660			直腸損傷・腹腔に達する開放創合併なし	
K623			直腸脱	
N823			直腸腟瘻	
K628			直腸痛	
T185			直腸内異物	
D375			直腸粘膜下腫瘍	
K623			直腸粘膜脱	
K604			直腸皮膚瘻	
K626			直腸びらん	
C20			直腸平滑筋肉腫	
Q421b			直腸閉鎖	
A601			直腸ヘルペス	
N321			直腸膀胱瘻	
K621			直腸ポリープ	
K660			直腸癒着	
N816			直腸瘤	
D128			直腸良性腫瘍	
A546			直腸淋菌感染	
K604			直腸瘻	
H522			直乱視	
N801			チョコレートのう胞	
O925			治療的乳汁分泌抑制	
O049			治療的流産	
E702			チロシン血症	
G241			チロシン水酸化酵素欠損症	
E702			チロシン尿症	
K006			沈下歯	
J40			沈下性気管支炎	
J182			沈下性肺炎	
T935			陳旧性アキレス腱断裂	
T941			陳旧性圧迫骨折	
I693			陳旧性アテローム血栓性脳梗塞	
N818			陳旧性会陰裂傷	
M2587			陳旧性遠位脛腓靱帯損傷	
I693			陳旧性延髄梗塞	
T932			陳旧性下腿骨折	
I252			陳旧性下壁心筋梗塞	
M2584			陳旧性環指側副靱帯損傷	
M2326			陳旧性外側半月板損傷	
K076			陳旧性顎関節脱臼	
G510			陳旧性顔面神経麻痺	
I693			陳旧性橋梗塞	
B902			陳旧性胸椎カリエス	
R091			陳旧性胸膜炎	
T911			陳旧性胸腰椎圧迫骨折	
T932			陳旧性脛骨遠位部骨折	
T918			陳旧性頚椎捻挫	
M2481			陳旧性肩鎖関節脱臼	
M2587			陳旧性後距腓靱帯損傷	
H208			陳旧性虹彩炎	
H208			陳旧性虹彩毛様体炎	
M2352			陳旧性後十字靱帯損傷	
I252			陳旧性後壁心筋梗塞	
T941			陳旧性骨折	
B902			陳旧性骨結核	
T912			陳旧性骨盤骨折	
T921			陳旧性鎖骨骨折	
N881			陳旧性子宮頚管裂傷	
M2586			陳旧性膝関節内側側副靱帯損傷	
T921			陳旧性尺骨茎状突起骨折	
M2584			陳旧性手指捻挫	
T932			陳旧性踵骨骨折	
M2584			陳旧性小指側副靱帯損傷	
I693			陳旧性小脳梗塞	
M2587			陳旧性踵腓靱帯損傷	
I252			陳旧性心筋梗塞	
M2584			陳旧性示指側副靱帯損傷	
T921			陳旧性上腕骨外顆骨折	
B901			陳旧性腎結核	
M2587			陳旧性前距腓靱帯損傷	
M2351			陳旧性前十字靱帯損傷	
I252			陳旧性前壁心筋梗塞	
I252			陳旧性前壁中隔心筋梗塞	
T921			陳旧性前腕骨折	
T921			陳旧性前腕両骨骨折	
M2587			陳旧性足関節外側靱帯損傷	
M2587			陳旧性足関節捻挫	
I693			陳旧性塞栓性脳梗塞	
I252			陳旧性側壁心筋梗塞	
I693			陳旧性多発性脳梗塞	
T931			陳旧性大腿骨頚部骨折	
M2489			陳旧性脱臼	
N898			陳旧性腟裂傷	
M2582			陳旧性肘関節外側側副靱帯損傷	
T921			陳旧性肘関節脱臼骨折	
M2582			陳旧性肘関節内側側副靱帯損傷	
M2582			陳旧性肘関節捻挫	
M2584			陳旧性中指側副靱帯損傷	
T922			陳旧性中手骨骨折	
H669			陳旧性中耳炎	
B908			陳旧性腸結核	
T911			陳旧性椎体圧迫骨折	
T921			陳旧性橈骨頭骨折	
M2323			陳旧性内側半月板損傷	
I693			陳旧性脳幹梗塞	
I693			陳旧性脳梗塞	
G09			陳旧性脳膜炎	
B909			陳旧性肺結核	
M2329			陳旧性バケツ柄状断裂	
M2584			陳旧性母指側副靱帯損傷	
B902			陳旧性腰椎カリエス	
T911			陳旧性腰椎骨折	
T911			陳旧性腰椎脱臼骨折	
I693			陳旧性ラクナ梗塞	
T912			陳旧性肋骨骨折	
T427			鎮静剤副作用	
F130			鎮静薬による急性精神・行動障害	
T399			鎮痛解熱剤副作用	
F55			鎮痛薬依存	
N140			鎮痛薬性腎症	
T399			鎮痛薬中毒	
T888			ツースポジショナー破損	
T888			ツースポジショナー不適合	
M4649			椎間板炎	
M519			椎間板症	
M995			椎間板性神経管狭窄症	
M997			椎間板性椎間孔狭窄症	
M512			椎間板ヘルニア	
M512			椎間板ヘルニア性腰痛症	
M518			椎間板変形	
M513			椎間板変性症	
T08-1			椎弓開放骨折	
T08-0			椎弓骨折	
M961			椎弓切除後症候群	
M963			椎弓切除後脊柱後弯症	
M991			椎骨亜脱臼症	
M4702			椎骨動脈圧迫症候群	
I650			椎骨動脈狭窄症	
G450			椎骨動脈血行不全	
I650			椎骨動脈血栓症	
I650			椎骨動脈塞栓症	
S151			椎骨動脈損傷	
I650			椎骨動脈閉塞症	
I726			椎骨動脈瘤	
I605			椎骨動脈瘤破裂によるくも膜下出血	
I653			椎骨脳底動脈狭窄症	
G450			椎骨脳底動脈循環不全	
T08-0			椎体圧迫骨折	
T08-1			椎体開放骨折	
T08-1			椎体開放性脱臼骨折	
T08-0			椎体角離断症	
T08-0			椎体骨折	
T08-0			椎体脱臼骨折	
Q059			椎体辺縁分離	
G822			対麻痺	
M6129			対麻痺に伴う骨化性筋炎	
J841			通常型間質性肺炎	
H101			通年性アレルギー性結膜炎	
J303			通年性アレルギー性鼻炎	
M1099			痛風	
M1009			痛風結節	
M1009			痛風腎	
M1009			痛風性関節炎	
M1009			痛風性関節症	
M1099			痛風発作	
Q878			ツェルベーガー症候群	
R198			つかえ感	
S631			突き指	
M204			槌趾症	
M203			槌状母趾	
B880			つつが虫刺咬症	
A753			つつが虫病	
R761			ツベルクリン反応陰性化	
R761			ツベルクリン反応偽陽性	
R761			ツベルクリン反応陽性	
Q872			爪・膝蓋骨症候群	
L603			爪萎縮	
Q846			爪異常	
F988			爪かみ	
B372			爪カンジダ症	
Q846			爪奇形	
S611			爪刺創	
B372			爪周囲カンジダ症	
S611			爪脱臼	
L609			爪の障害	
B351			爪白癬	
S611			爪半脱臼	
L608			爪肥大	
L608			爪変色	
A210			ツラレミアリンパ節炎	
D180			つる状血管腫	
I729			つる状動脈瘤	
B084			手足口病	
L271			手足症候群	
M9408			ティーツェ病	
C910			低２倍体性Ｂリンパ芽球性白血病	
C910			低２倍体性Ｂリンパ芽球性白血病／リンパ腫	
C835			低２倍体性Ｂリンパ芽球性リンパ腫	
E039			低Ｔ３症候群	
E274			低アルドステロン症	
E786			低アルファリポ蛋白血症	
E880			低アルブミン血症	
O810			低位鉗子分娩	
K603			低位筋間痔瘻	
K614			低位筋間膿瘍	
K072			低位咬合	
Q423b			低位鎖肛	
K073			低位歯	
E878			低塩基血症	
O829			帝王切開	
O85			帝王切開後子宮内膜炎	
O912			帝王切開後乳腺炎	
O860			帝王切開創感染症	
O900			帝王切開創離開	
H919			低音障害型難聴	
T752			低音性めまい	
E876			低カリウム血症	
E876			低カリウム血症性症候群	
G723			低カリウム血性周期性四肢麻痺	
E876			低カリウム血性ミオパチー	
E873			低カリウム性アルカローシス	
G723			低カリウム性家族性周期性麻痺	
E835			低カルシウム血症	
E835			低カルシウム性白内障	
H444			低眼圧	
D801			低ガンマグロブリン血症	
N312			低緊張性膀胱	
E878			低クロール血症	
E873			低クロール性アルカローシス	
R771			低グロブリン血症	
G403			定型欠神発作	
Q605			低形成腎	
C929			低形成性白血病	
D619			低形成性貧血	
M1009			定型痛風	
E162			低血糖	
E15			低血糖昏睡	
E161			低血糖性脳症	
E162			低血糖発作	
I959			低血圧症	
E230			低ゴナドトロピン性性腺機能低下症	
K318			低酸症	
R090			低酸素血症	
D751			低酸素性赤血球増加症	
G931			低酸素性脳症	
T71			低酸素による窒息	
O640			低在横定位	
D509			低色素性貧血	
E789			低脂血症	
K023			停止性う蝕	
P071b			低出産体重児	
P071b			低出生体重児	
K073			挺出歯	
E343			低身長症	
E871			低浸透圧血症	
I519			低心拍出量症候群	
G971			低髄液圧症	
P034			帝切児症候群	
D688			低線維素血症	
T68			低体温	
R628			低体重	
R798			低炭酸ガス血症	
E778			低蛋白血症	
O441			低置胎盤	
E86			低張性脱水症	
R829			低張尿	
G978			低頭蓋内圧症候群	
D67			低トロンビン血症	
E871			低ナトリウム血症	
E798			低尿酸血症	
Q872			テイビ症候群	
R492			低鼻声	
C56			低分化型セルトリ・ライディック細胞腫	
E786			低ベータリポ蛋白血症	
E833			低ホスファターゼ症	
R768			低補体血症	
M318			低補体血症性蕁麻疹様血管炎	
E834			低マグネシウム血症	
Q539			停留精巣	
E833			低リン血症	
R778			低レニン血症	
I10			低レニン性高血圧症	
E274			低レニン性低アルドステロン症	
T486			テオフィリン中毒	
S619			手開放創	
M6504			手化膿性腱鞘炎	
B352			手汗疱状白癬	
M8404			手外傷後変形治癒	
R455			敵意	
F432			適応障害	
L404			滴状乾癬	
L411			滴状類乾癬	
D730			摘脾による無脾	
M6594			手屈筋腱腱鞘炎	
T952			手首熱傷後遺症	
S619			手咬創	
S619			手挫創	
S619			手刺創	
L309			手湿疹	
M6594			手伸筋腱腱鞘炎	
D226			手青色母斑	
S619			手切創	
S689			手切断	
S669			手損傷	
R290			テタニー	
O624			テタニー性子宮収縮	
E835			テタニー性白内障	
R568			テタニー様発作	
T231			手第１度熱傷	
T232			手第２度熱傷	
T233			手第３度熱傷	
R202			手知覚異常	
D643			鉄芽球性貧血	
E611			鉄欠乏症	
D509			鉄欠乏性貧血	
L818			鉄色素沈着	
E831			鉄代謝障害	
H268			鉄沈着性白内障	
J634			鉄肺症	
T354			手凍傷	
T533			テトラクロロエチレン中毒	
M7712			テニス肘	
T230			手熱傷	
T952			手熱傷後遺症	
H050			テノンのう炎	
B352			手白癬	
M2194			手変形	
D226			手扁平母斑	
L031			手蜂巣炎	
R02			手母指壊疽	
D226			手母斑	
D226			手母斑細胞母斑	
H184			テリエン周辺角膜変性	
H431			テルソン症候群	
B818			テルニデンス症	
K073			転位歯	
C795			転移性下顎癌	
C787			転移性肝癌	
C787			転移性肝腫瘍	
C783			転移性気管腫瘍	
C798			転移性胸壁腫瘍	
C782			転移性胸膜腫瘍	
C798			転移性口腔癌	
C786			転移性後腹膜腫瘍	
C799			転移性黒色腫	
T1420			転位性骨折	
C795			転移性骨腫瘍	
C795			転移性骨腫瘍による大腿骨骨折	
C798			転移性子宮癌	
C783			転移性篩骨洞癌	
C799			転移性腫瘍	
C788			転移性消化器腫瘍	
C784			転移性小腸腫瘍	
C798			転移性心腫瘍	
C781			転移性縦隔腫瘍	
C784			転移性十二指腸癌	
C795			転移性上顎癌	
C783			転移性上顎洞癌	
C790			転移性腎腫瘍	
C788			転移性膵腫瘍	
C794			転移性脊髄硬膜外腫瘍	
C794			転移性脊髄硬膜内髄外腫瘍	
C794			転移性脊髄腫瘍	
C798			転移性舌癌	
C783			転移性前頭洞癌	
C798			転移性前立腺腫瘍	
C785			転移性大腸腫瘍	
C798			転移性腟腫瘍	
C783			転移性蝶形骨洞癌	
C785			転移性直腸腫瘍	
C795			転移性頭蓋骨腫瘍	
C798			転移性乳癌	
C793			転移性脳腫瘍	
C780			転移性肺癌	
C780			転移性肺腫瘍	
C788			転移性脾腫瘍	
C792			転移性皮膚腫瘍	
C783			転移性鼻腔癌	
C797			転移性副腎腫瘍	
C783			転移性副鼻腔癌	
C792			転移性腹壁腫瘍	
C799			転移性扁平上皮癌	
C791			転移性膀胱癌	
C796			転移性卵巣癌	
G409			てんかん	
O993			てんかん合併妊娠	
G407			てんかん小発作	
G419			てんかん重積状態	
F449			転換性障害	
G402			てんかん性自動症	
F068			てんかん性精神病	
G401			てんかん単純部分発作	
G406			てんかん大発作	
G402			てんかん複雑部分発作	
G409			てんかん発作による頭痛	
R568			てんかん様発作	
G431			典型的前兆に頭痛を伴う片頭痛	
G431			典型的前兆のみで頭痛を伴わない片頭痛	
G431			典型的前兆を伴う片頭痛	
G431			典型片頭痛	
Q916			転座トリソミー１３	
Q912			転座トリソミー１８	
Q902			転座トリソミー２１	
S7221			転子下開放骨折	
S7220			転子下骨折	
S7211			転子間開放骨折	
S7210			転子間骨折	
S7211			転子貫通開放骨折	
S7210			転子貫通骨折	
M7065			転子腱炎	
L852			点状角化症	
L988			点状角質融解症	
H250			点状加齢性白内障	
L404			点状乾癬	
D229			点状集簇性母斑	
R233			点状出血	
Q773			点状軟骨異形成症	
H250			点状白内障	
H161			点状表層角膜炎	
H161			点状表層角膜症	
H318			点状脈絡膜内層症	
G404			点頭てんかん	
D431			テント下脳腫瘍	
D331			テント下良性脳腫瘍	
C710			テント上血管周皮腫	
C700			テント上下悪性髄膜腫	
C700			テント上下神経膠腫	
D333			テント上下神経鞘腫	
D320			テント上下髄膜腫	
C793			テント上下転移性腫瘍	
D420			テント上下脳腫瘍	
D330			テント上神経鞘腫	
D430			テント上脳腫瘍	
D330			テント上良性脳腫瘍	
G935			テント切痕ヘルニア	
L109			天疱瘡	
M926			ディアツ病	
G710			ディスファーリノパシー	
R101			ディスペプシア	
D821			デイジョージ症候群	
T751			溺死	
T751			溺水	
E740			デキストリン尿症	
O810			出口鉗子分娩	
I778			デゴス病	
G600			デジェリン・ソッタニューロパチー	
H187			デスメ瘤	
D481			デスモイド	
D489			デニーブラウン感覚性ニューロパチー	
B169			デノボＢ型肝炎	
D692			デビス紫斑	
H508			デュアン眼球後退症候群	
G710			デュシェンヌ型筋ジストロフィー	
E806			デュビン・ジョンソン症候群	
S8260			デュピトラン骨折	
M7204			デュピュイトラン拘縮	
K250			デュラフォイ潰瘍	
A55			デュランド・ニコラ・ファブル病	
D562			デルタ・ベータサラセミア	
H902			伝音難聴	
E878			電解質異常	
O211			電解質異常を伴う妊娠悪阻	
E878			電解質平衡異常	
H55			電気性眼振	
M6095			殿筋炎	
M7605			殿筋腱炎	
A91			デング出血熱	
A90			デング熱	
Q894			殿結合体	
T754			電撃傷	
T754			電撃症	
K550			電撃性虚血性大腸炎	
T754			電撃性ショック	
H268			電撃白内障	
N046			デンスデポジット病ネフローゼ症候群	
A085a			伝染性下痢症	
B083			伝染性紅斑	
B279			伝染性単核症	
B279			伝染性単核症髄膜炎	
B279			伝染性単核症多発ニューロパチー	
B081			伝染性軟属腫	
B081			伝染性軟疣腫	
L010			伝染性膿痂疹	
R578			デンタルショック	
R470			伝導性失語症	
C435			殿部悪性黒色腫	
C495			殿部悪性線維性組織球腫	
C495			殿部悪性軟部腫瘍	
C475			殿部悪性末梢神経鞘腫	
S381			殿部圧挫傷	
M7265			殿部壊死性筋膜炎	
C495			殿部横紋筋肉腫	
S310			殿部開放創	
C495			殿部滑膜肉腫	
B372			殿部カンジダ症	
C445			殿部基底細胞癌	
M7915			殿部筋肉痛	
M7955			殿部筋肉内異物残留	
S390			殿部筋肉内血腫	
D171			殿部血管脂肪腫	
D180			殿部血管腫	
C495			殿部血管肉腫	
S310			殿部咬創	
S300			殿部挫傷	
S381			殿部挫滅傷	
S381			殿部挫滅創	
S310			殿部刺創	
D171			殿部脂肪腫	
R222			殿部腫脹	
D487			殿部腫瘍	
L899			殿部褥瘡	
D225			殿部青色母斑	
D235			殿部石灰化上皮腫	
S310			殿部切創	
L023			殿部せつ	
C495			殿部線維肉腫	
S399			殿部損傷	
T211			殿部第１度熱傷	
T212			殿部第２度熱傷	
T213			殿部第３度熱傷	
S300			殿部打撲傷	
M5456			殿部痛	
D171			殿部軟性線維腫	
L984			殿部難治性皮膚潰瘍	
T210			殿部熱傷	
L011			殿部膿痂疹性湿疹	
L023			殿部膿瘍	
B356			殿部白癬	
S310			殿部剥皮創	
L984			殿部皮膚潰瘍	
C445			殿部皮膚癌	
S310			殿部皮膚欠損創	
D235			殿部皮膚良性腫瘍	
C495			殿部平滑筋肉腫	
D225			殿部扁平母斑	
L033			殿部蜂巣炎	
C495			殿部胞巣状軟部肉腫	
D045			殿部ボーエン病	
D225			殿部母斑	
D225			殿部母斑細胞母斑	
C445			殿部メルケル細胞癌	
C445			殿部有棘細胞癌	
L023			殿部よう	
C445			殿部隆起性皮膚線維肉腫	
D215			殿部良性軟部腫瘍	
S310			殿部裂創	
B360			癜風	
K002			樋状根	
O336			頭囲拡大	
H819			頭位眼振	
H814			頭位変換性めまい	
H814			頭位めまい症	
T901			頭開放創後遺症	
D444			頭蓋咽頭腫	
S0201			頭蓋円蓋部開放骨折	
S0200			頭蓋円蓋部骨折	
S0200			頭蓋円蓋部線状骨折	
Q674			頭蓋陥凹	
Q751			頭蓋顔面骨形成不全症	
Q894			頭蓋結合体	
Q785			頭蓋骨幹端異形成症	
C410			頭蓋骨悪性腫瘍	
Q759			頭蓋骨異常	
S0291			頭蓋骨開放骨折	
S0291			頭蓋骨開放性陥没骨折	
S0291			頭蓋骨開放性粉砕骨折	
S0290			頭蓋骨陥没骨折	
D180			頭蓋骨血管腫	
Q758			頭蓋骨欠損	
S0290			頭蓋骨骨折	
T902			頭蓋骨骨折後遺症	
D164			頭蓋骨骨腫	
M8698			頭蓋骨骨髄炎	
C410			頭蓋骨骨肉腫	
S019			頭蓋骨骨膜下血腫	
T842			頭蓋骨固定物の突出	
D480			頭蓋骨腫瘍	
D164			頭蓋骨線維腫	
M8508			頭蓋骨線維性骨異形成症	
S0290			頭蓋骨線状骨折	
S099			頭蓋骨損傷	
S0271			頭蓋骨多発開放骨折	
S0270			頭蓋骨多発骨折	
M8808			頭蓋骨パジェット病	
S0290			頭蓋骨粉砕骨折	
Q019			頭蓋骨膜洞	
Q759			頭蓋骨膜瘤	
Q750			頭蓋骨癒合症	
D164			頭蓋骨良性腫瘍	
Q019			頭蓋周囲静脈洞	
Q001			頭蓋脊椎披裂	
Q759			頭蓋先天異常	
Q759			頭蓋椎骨接合部異常	
C410			頭蓋底悪性腫瘍	
S0211			頭蓋底開放骨折	
Q758			頭蓋底陥入症	
S0210			頭蓋底骨折	
D164			頭蓋底骨腫	
C410			頭蓋底骨肉腫	
D480			頭蓋底腫瘍	
C719			頭蓋底脊索腫	
C410			頭蓋底軟骨肉腫	
Q018			頭蓋底脳瘤	
D164			頭蓋底良性腫瘍	
G932			頭蓋内圧亢進症	
D432			頭蓋内奇形腫	
D180			頭蓋内血管腫	
C719			頭蓋内血管周皮腫	
R900			頭蓋内占拠性病変	
T905			頭蓋内損傷後遺症	
I607			頭蓋内動脈瘤破裂によるくも膜下出血	
G930			頭蓋内のう胞	
G060			頭蓋内膿瘍	
G09			頭蓋内膿瘍後遺症	
C719			頭蓋内胚細胞腫瘍	
Q055			頭蓋内皮膚洞	
C719			頭蓋部脊索腫	
M952			頭蓋変形	
Q758			頭蓋癒合不全	
S0290			頭蓋離開骨折	
Q758			頭蓋裂孔	
L308			冬期湿疹	
T068			頭頚部外傷	
C760			頭頚部癌	
T940			頭頚部挫傷後遺症	
R51			頭頚部痛	
D210			頭頚部良性軟部腫瘍	
E740			糖原病	
E740			糖原病０型	
E740			糖原病１０型	
E740			糖原病１１型	
E740			糖原病１２型	
E740			糖原病１３型	
E740			糖原病１４型	
E740			糖原病１５型	
E740			糖原病１ａ型	
E740			糖原病１ｂ型	
E740			糖原病１型	
E740			糖原病２型	
E740			糖原病３型	
E740			糖原病４型	
E740			糖原病５型	
E740			糖原病６型	
E740			糖原病７型	
E740			糖原病９型	
C400			橈骨悪性腫瘍	
S5250			橈骨遠位骨端線損傷	
S5251			橈骨遠位端開放骨折	
S5251			橈骨遠位端開放性粉砕骨折	
S5250			橈骨遠位端関節内骨折	
S5250			橈骨遠位端骨折	
S5250			橈骨遠位端粉砕骨折	
D480			橈骨遠位部巨細胞腫	
S5281			橈骨開放骨折	
S5230			橈骨亀裂骨折	
S5210			橈骨近位骨端線損傷	
S5211			橈骨近位端開放骨折	
S5210			橈骨近位端骨折	
M8413			橈骨偽関節	
S5251			橈骨茎状突起開放骨折	
M6543			橈骨茎状突起腱鞘炎	
S5250			橈骨茎状突起骨折	
S5211			橈骨頚部開放骨折	
S5210			橈骨頚部骨折	
S559			橈骨血管損傷	
S5231			橈骨骨幹部開放骨折	
S5230			橈骨骨幹部骨折	
S5280			橈骨骨折	
M8403			橈骨骨折後変形治癒	
M8423			橈骨骨折の遷延癒合	
D160			橈骨骨腫	
M8693			橈骨骨髄炎	
C400			橈骨骨肉腫	
S5260			橈骨尺骨遠位端骨折	
S5241			橈骨尺骨開放骨折	
S5241			橈骨尺骨骨幹部開放骨折	
S5240			橈骨尺骨骨幹部骨折	
S5240			橈骨尺骨骨折	
S630			橈骨手根関節脱臼	
S635			橈骨手根関節捻挫	
S633			橈骨手根靱帯断裂	
D480			橈骨腫瘍	
G563			橈骨神経炎	
S542			橈骨神経傷害	
S442			橈骨神経上腕部損傷	
S542			橈骨神経損傷	
S542			橈骨神経断裂	
G563			橈骨神経不全麻痺	
G563			橈骨神経麻痺	
S5211			橈骨頭開放骨折	
S5210			橈骨頭骨折	
M921			橈骨頭若年性骨軟骨症	
S530			橈骨頭脱臼	
S5210			橈骨頭粉砕骨折	
S551			橈骨動脈損傷	
S551			橈骨動脈断裂	
I721			橈骨動脈瘤	
T841			橈骨内固定材の機械的合併症	
D160			橈骨内軟骨腫	
C400			橈骨軟骨肉腫	
P133			橈骨の分娩損傷	
T0221			橈骨末端手根骨開放骨折	
S6970			橈骨末端手根骨骨折	
D160			橈骨良性腫瘍	
F259			統合失調感情障害	
F209			統合失調症	
F21			統合失調症型障害	
F21			統合失調症型パーソナリティ障害	
F204			統合失調症後抑うつ	
F231			統合失調症症状を伴う急性錯乱	
F231			統合失調症症状を伴う急性多形性精神病性障害	
F231			統合失調症症状を伴う類循環精神病	
F230			統合失調症症状を伴わない急性錯乱	
F230			統合失調症症状を伴わない急性多形性精神病性障害	
F230			統合失調症症状を伴わない類循環精神病	
F232			統合失調症性反応	
F601			統合失調症性パーソナリティ障害	
F208			統合失調症様状態	
E169			島細胞過形成症	
X83			凍死自殺	
T699			凍死自殺未遂	
K904			糖質不耐性吸収不良症	
Q740			橈尺骨癒合症	
T357			凍傷	
S6211			豆状骨開放骨折	
S6210			豆状骨骨折	
E853			透析アミロイドーシス	
T809			透析困難症	
T828			透析シャント仮性動脈瘤	
T827			透析シャント感染症	
T825			透析シャント機能低下	
T828			透析シャント狭窄	
T828			透析シャント静脈高血圧症	
T828			透析シャント動静脈瘤	
T828			透析シャント閉塞	
C64			透析腎癌	
T809			透析低血圧症	
L299			透析皮膚そう痒症	
T809			透析不均衡症候群	
B03			痘瘡	
T691			凍瘡	
L702			痘瘡性ざ瘡	
M6594			橈側手根屈筋腱鞘炎	
S562			橈側手根屈筋腱損傷	
S562			橈側手根屈筋腱断裂	
S562			橈側手根屈筋腱不全断裂	
S562			橈側手根屈筋損傷	
S562			橈側手根屈筋断裂	
S562			橈側手根屈筋不全断裂	
Q713			橈側列欠損	
Q714			橈側弯曲手	
E749			糖代謝障害	
C410			頭頂骨悪性腫瘍	
S0201			頭頂骨開放骨折	
S0201			頭頂骨開放性陥没骨折	
S0200			頭頂骨陥没骨折	
S0200			頭頂骨骨折	
D164			頭頂骨骨腫	
D480			頭頂骨腫瘍	
S0200			頭頂骨線状骨折	
D164			頭頂骨良性腫瘍	
S000			頭頂部擦過創	
S000			頭頂部挫傷	
S010			頭頂部挫創	
R220			頭頂部腫瘤	
D320			頭頂部髄膜腫	
D234			頭頂部石灰化上皮腫	
S010			頭頂部切創	
S000			頭頂部打撲傷	
R51			頭頂部痛	
D481			頭頂部軟部腫瘍	
G060			頭頂部脳膿瘍	
L028			頭頂部膿瘍	
T008			頭頂部背部打撲	
L028			頭頂部フルンケル	
S010			頭頂部裂創	
C713			頭頂葉悪性腫瘍	
Q283			頭頂葉海綿状血管腫	
Q283			頭頂葉血管腫	
C713			頭頂葉膠芽腫	
D430			頭頂葉腫瘍	
C713			頭頂葉神経膠腫	
Q283			頭頂葉静脈性血管腫	
C713			頭頂葉星細胞腫	
C713			頭頂葉退形成性乏突起膠腫	
C713			頭頂葉乏突起神経膠腫	
R529			疼痛	
R578			疼痛性ショック	
M4189			疼痛性側弯症	
R81			糖尿	
E14			糖尿病	
E149			糖尿病・糖尿病性合併症なし	
E145			糖尿病足壊疽	
E143			糖尿病黄斑症	
E143			糖尿病黄斑浮腫	
E14			糖尿病合併症	
E141			糖尿病性アシドーシス	
E141			糖尿病性アセトン血症	
E145			糖尿病性壊疽	
E145			糖尿病性潰瘍	
E146			糖尿病性肝障害	
E146			糖尿病性関節症	
E143			糖尿病性眼筋麻痺	
E144			糖尿病性筋萎縮症	
E145			糖尿病性血管障害	
E141			糖尿病性ケトーシス	
E141			糖尿病性ケトアシドーシス	
E146			糖尿病性高コレステロール血症	
E143			糖尿病性虹彩炎	
E146			糖尿病性骨症	
E140			糖尿病性昏睡	
E144			糖尿病性神経因性膀胱	
E144			糖尿病性神経障害性疼痛	
E144			糖尿病性神経痛	
E144			糖尿病性自律神経ニューロパチー	
E142			糖尿病性腎硬化症	
E142			糖尿病性腎症	
E142			糖尿病性腎不全	
E146			糖尿病性水疱	
E146			糖尿病性精神障害	
E146			糖尿病性そう痒症	
E144			糖尿病性多発ニューロパチー	
E144			糖尿病性単ニューロパチー	
E143			糖尿病性中心性網膜症	
E140			糖尿病性低血糖性昏睡	
E145			糖尿病性動脈硬化症	
E145			糖尿病性動脈閉塞症	
E144			糖尿病性ニューロパチー	
E143			糖尿病性白内障	
E146			糖尿病性皮膚障害	
E146			糖尿病性浮腫性硬化症	
E145			糖尿病性末梢血管症	
E145			糖尿病性末梢血管障害	
E144			糖尿病性末梢神経障害	
E145			糖尿病足潰瘍	
E144			糖尿病足病変	
P701			糖尿病母体児	
E143			糖尿病網膜症	
T950			頭熱傷後遺症	
S071			頭皮圧挫傷	
S010			頭皮開放創	
S000			頭皮下血腫	
S099			頭皮外傷	
S000			頭皮外傷性腫脹	
P124			頭皮クリップ損傷	
S071			頭皮挫滅傷	
S071			頭皮挫滅創	
D044			頭皮上皮内癌	
D224			頭皮青色母斑	
L028			頭皮せつ	
S099			頭皮損傷	
L028			頭皮膿瘍	
P129			頭皮の分娩損傷	
S080			頭皮剥離	
S000			頭皮表在損傷	
L739			頭皮部毛のう炎	
D224			頭皮扁平母斑	
L038			頭皮蜂巣炎	
D224			頭皮母斑	
D224			頭皮母斑細胞母斑	
L028			頭皮よう	
D234			頭皮良性腫瘍	
C434			頭部悪性黒色腫	
C490			頭部悪性線維性組織球腫	
L720			頭部アテローム	
A832			東部馬脳炎	
C490			頭部横紋筋肉腫	
S010			頭部開放創	
T008			頭部肩関節胸部挫傷	
S010			頭部割創	
C490			頭部滑膜肉腫	
S099			頭部外傷	
S060			頭部外傷１型	
S060			頭部外傷２型	
S061			頭部外傷３型	
S063			頭部外傷４型	
T909			頭部外傷後遺症	
F431			頭部外傷後症候群	
F069			頭部外傷後精神障害	
H931			頭部外傷性耳鳴	
S000			頭部外傷性皮下異物	
S000			頭部外傷性皮下気腫	
D234			頭部外毛根鞘腫	
C444			頭部基底細胞癌	
L040			頭部急性リンパ節炎	
T008			頭部胸部挫傷	
T008			頭部胸部打撲傷	
M7918			頭部筋肉痛	
T000			頭部頚部挫傷	
T000			頭部頚部挫創	
T000			頭部頚部打撲傷	
D170			頭部血管脂肪腫	
D180			頭部血管腫	
S090			頭部血管損傷	
T908			頭部血管損傷後遺症	
C490			頭部血管肉腫	
S000			頭部血腫	
T008			頭部肩部打撲	
S000			頭部擦過創	
S000			頭部挫傷	
T900			頭部挫傷後遺症	
S010			頭部挫創	
C444			頭部脂腺癌	
D224			頭部脂腺母斑	
S010			頭部刺創	
L309			頭部湿疹	
D170			頭部脂肪腫	
C490			頭部脂肪肉腫	
R220			頭部腫脹	
R220			頭部腫瘤	
L210			頭部脂漏	
G529			頭部神経炎	
M7928			頭部神経痛	
R251			頭部振戦	
L400			頭部尋常性乾癬	
D234			頭部石灰化上皮腫	
S000			頭部切創	
S099			頭部損傷	
S0691			頭部損傷・頭蓋内に達する開放創合併あり	
S0690			頭部損傷・頭蓋内に達する開放創合併なし	
S017			頭部多発開放創	
S017			頭部多発割創	
S017			頭部多発咬創	
S007			頭部多発擦過創	
S007			頭部多発挫傷	
S017			頭部多発挫創	
S017			頭部多発刺創	
S007			頭部多発切創	
S017			頭部多発創傷	
S097			頭部多発損傷	
S007			頭部多発打撲傷	
S007			頭部多発皮下血腫	
S017			頭部多発裂創	
T201			頭部第１度熱傷	
T202			頭部第２度熱傷	
T203			頭部第３度熱傷	
S000			頭部打撲	
S000			頭部打撲血腫	
T900			頭部打撲後遺症	
S000			頭部打撲傷	
S000			頭部虫刺傷	
D170			頭部軟性線維腫	
C490			頭部軟部組織悪性腫瘍	
D210			頭部軟部組織良性腫瘍	
L730			頭部乳頭状皮膚炎	
T200			頭部熱傷	
L011			頭部膿痂疹性湿疹	
D367			頭部のう腫	
L663			頭部膿瘍性毛包周囲炎	
T330			頭部の表在性凍傷	
B350			頭部白癬	
S000			頭部皮下異物	
S000			頭部皮下血腫	
S000			頭部皮下出血	
D481			頭部皮下腫瘍	
L210			頭部粃糠疹	
C444			頭部皮膚癌	
S010			頭部皮膚欠損創	
T008			頭部腹部打撲	
D044			頭部ボーエン病	
C444			頭部メルケル細胞癌	
D234			頭部毛芽腫	
C444			頭部有棘細胞癌	
C444			頭部隆起性皮膚線維肉腫	
T008			頭部両大腿下腿打撲	
S010			頭部裂創	
E161			島ベータ細胞過形成症	
G930			透明中隔のう胞	
B812			東洋毛様線虫症	
H522			倒乱視	
L42			遠山連圏状粃糠疹	
T631			トカゲ毒	
H022			兎眼症	
H162			兎眼性角膜炎	
B830			トキソカラ症	
B830			トキソカラ網脈絡膜炎	
B580			トキソプラズマ角膜炎	
B581			トキソプラズマ肝炎	
P002			トキソプラズマ感染母体より出生した児	
B588			トキソプラズマ筋炎	
B589			トキソプラズマ症	
B582			トキソプラズマ症脊髄炎	
B582			トキソプラズマ症脳脊髄炎	
B588			トキソプラズマ心筋炎	
B582			トキソプラズマ髄膜脳炎	
B582			トキソプラズマ性脳炎	
B580			トキソプラズマ網膜症	
B580			トキソプラズマ網脈絡膜炎	
D806			特異抗体産生不全症	
T784			特異体質	
F800			特異的会話構音障害	
F811			特異的書字障害	
F810			特異的読字障害	
R298			特殊運動障害	
F818			特殊学習困難	
F813			特殊書読遅滞	
K054			特殊性歯周炎	
B350			禿瘡	
Z000			特定健康診査	
I458			特発性ＱＴ延長症候群	
E271			特発性アジソン病	
E260			特発性アルドステロン症	
R02			特発性壊疽	
R11			特発性嘔吐症	
I420			特発性拡張型心筋症	
E230			特発性下垂体機能低下症	
G471			特発性過眠症	
K746			特発性肝硬変	
J841			特発性間質性肺炎	
T143			特発性関節脱臼	
H499			特発性眼筋麻痺	
H028			特発性眼瞼浮腫症	
H55			特発性眼振	
J931			特発性気胸	
J841			特発性器質化肺炎	
G238			特発性基底核石灰化症	
K850			特発性急性膵炎	
M4124			特発性胸椎側弯症	
R091			特発性胸膜炎	
M4125			特発性胸腰椎側弯症	
K593			特発性巨大結腸症	
M6259			特発性筋萎縮	
I609			特発性くも膜下出血	
M8706			特発性脛骨内顆骨壊死	
G951			特発性頚椎硬膜外血腫	
R823			特発性血色素尿症	
D693			特発性血小板減少性紫斑病	
O991			特発性血小板減少性紫斑病合併妊娠	
E835			特発性高カルシウム尿症	
D892			特発性高ガンマグロブリン血症	
D721			特発性好酸球増多症候群	
I425			特発性拘束型心筋症	
D70			特発性好中球減少症	
L744			特発性後天性全身性無汗症	
J387			特発性喉頭肉芽腫	
M8159			特発性骨粗鬆症	
M805			特発性骨粗鬆症・病的骨折あり	
D613			特発性再生不良性貧血	
G500			特発性三叉神経痛	
L817			特発性色素性紫斑	
K032			特発性歯酸蝕症	
K223			特発性食道破裂	
I401			特発性心筋炎	
I429			特発性心筋症	
M7929			特発性神経痛	
G603			特発性進行性多発ニューロパチー	
G603			特発性進行性ニューロパチー	
I300			特発性心膜炎	
M815			特発性若年性骨粗鬆症	
N288			特発性腎出血	
L501			特発性じんま疹	
M8719			特発性ステロイド性骨壊死症	
M4129			特発性側弯症	
D477			特発性多中心性キャッスルマン病	
R35			特発性多尿症	
M8705			特発性大腿骨頭壊死	
M8705			特発性大腿骨内顆骨壊死	
E228			特発性中枢性思春期早発症	
E232			特発性中枢性尿崩症	
I950			特発性低血圧症	
E343			特発性低身長症	
G609			特発性ニューロパチー	
G241			特発性捻転ジストニア	
I619			特発性脳内出血	
J841			特発性肺線維症	
I288			特発性肺動脈拡張症	
I270			特発性肺動脈性肺高血圧症	
E831			特発性肺ヘモジデローシス	
J840			特発性肺胞蛋白症	
N017			特発性半月体形成性糸球体腎炎	
R233			特発性斑状出血	
G242			特発性非家族性ジストニア	
R040			特発性鼻出血	
E200			特発性副甲状腺機能低下症	
E310			特発性副腎甲状腺機能低下症	
E258			特発性副腎性器障害	
R609			特発性浮腫	
R21			特発性発疹	
H350			特発性傍中心窩毛細血管拡張症	
G900			特発性末梢自律神経ニューロパチー	
G510			特発性末梢性顔面神経麻痺	
K861			特発性慢性膵炎	
I269			特発性慢性肺血栓塞栓症	
H353			特発性脈絡膜新生血管	
M8709			特発性無菌性壊死	
H330			特発性網膜剥離	
K766			特発性門脈圧亢進症	
D599			特発性溶血性貧血	
M4126			特発性腰椎側弯症	
H912			特発性両側性感音難聴	
K920			吐血	
K922			吐下血	
A951			都市黄熱	
A821			都市狂犬病	
I679			閉じこめ症候群	
R522			突出痛	
K743			トッド肝硬変	
G838			トッド麻痺	
R041			突発性咽頭出血	
R431			突発性嗅覚障害	
H912			突発性難聴	
R509			突発性発熱	
B082			突発性発疹関連脳症	
B082			突発性発疹症	
R42			突発性めまい	
R960			突然死	
X80			飛び降り自殺	
T149			飛び降り自殺未遂	
X81			飛び込み自殺	
T149			飛び込み自殺未遂	
J690			吐物嚥下性肺炎	
G711			トムゼン病	
A719			トラコーマ	
A711			トラコーマ性パンヌス	
R740			トランスアミナーゼ値上昇	
D512			トランスコバラミンＩＩ欠乏症	
E851			トランスサイレチン型家族性アミロイドポリニューロパチー	
Q754			トリーチャ・コリンズ症候群	
J101			鳥インフルエンザ	
J101			鳥インフルエンザ（Ｈ７Ｎ９）	
J672			鳥飼病	
T622			トリカブト中毒	
T532			トリクロロエチレン中毒	
B359			トリコフィチア	
A590			トリコモナス外陰炎	
A599			トリコモナス症	
A590			トリコモナス性外陰腟炎	
A590			トリコモナス性精のう炎	
A590			トリコモナス性前立腺炎	
A590			トリコモナス性帯下	
A590			トリコモナス腟炎	
A590			トリコモナス尿道炎	
A590			トリコモナス膀胱炎	
Q917			トリソミー１３	
Q928			トリソミー１４	
Q913			トリソミー１８	
Q928			トリソミー２０	
Q928			トリソミー２２	
Q929			トリソミー症候群	
T653			トリニトロトルエン中毒	
B569			トリパノソーマ症	
E708			トリプトファン代謝障害	
E888			トリメチルアミン尿症	
T522			トルエン中毒	
T888			トルキングアーチ脱離	
T888			トルキングアーチ破損	
T888			トルキングアーチ不適合	
E236			トルコ鞍空洞症	
G930			トルコ鞍のう胞	
D443			トルコ鞍部腫瘍	
D320			トルコ鞍部髄膜腫	
I490			トルサードドポアント	
D688			トルソー症候群	
I639			トルソー症候群による脳梗塞	
G448			トロサ・ハント症候群	
G241			ドーパ反応性ジストニア	
E888			ドーパミンβ−水酸化酵素欠損症	
M6543			ドゥ・ケルバン腱鞘炎	
H490			動眼神経萎縮	
H490			動眼神経炎	
H490			動眼神経根性麻痺	
S041			動眼神経損傷	
H490			動眼神経不全麻痺	
H490			動眼神経麻痺	
R002			動悸	
Q804			道化師様魚鱗癬	
I495			洞結節機能低下	
E610			銅欠乏症	
D538			銅欠乏性貧血	
Q132			瞳孔異常	
H570			瞳孔強直	
H214			瞳孔遮断	
H570			瞳孔動揺	
H570			瞳孔不整	
H570			瞳孔不同症	
H214			瞳孔閉鎖	
Q132			瞳孔偏位	
H214			瞳孔膜	
Q138			瞳孔膜遺残	
Z948			同種骨髄移植後	
Z954			同種生体弁置換術後	
Z948			同種末梢血幹細胞移植後	
H443			銅症	
I770			動静脈瘻	
R001			洞徐脈	
F662			同性愛	
G819			同側性片麻痺	
E830			銅代謝障害	
T564			銅中毒	
I455			洞停止	
R000			洞頻脈	
I498			洞不整脈	
I495			洞不全症候群	
F402			動物恐怖	
T141			動物咬創	
F933			同胞抗争障害	
I455			洞房ブロック	
I775			動脈壊死	
I776			動脈炎	
I778			動脈潰瘍	
Q250			動脈管開存症	
I778			動脈灌流異常	
I771			動脈狭窄	
I749			動脈血栓症	
Q279			動脈欠損	
I709			動脈硬化症	
I129			動脈硬化腎	
I129			動脈硬化性萎縮腎	
F063			動脈硬化性うつ病	
I7021			動脈硬化性壊疽	
I739			動脈硬化性間欠性跛行	
I251			動脈硬化性冠不全	
H350			動脈硬化性眼底	
H350			動脈硬化性眼底所見	
R413			動脈硬化性記憶障害	
I129			動脈硬化性腎硬化症	
F069			動脈硬化性精神障害	
I729			動脈硬化性動脈瘤	
I672			動脈硬化性脳症	
G214			動脈硬化性パーキンソン症候群	
I709			動脈硬化性閉塞性血管炎	
I708			動脈硬化性網膜症	
R098			動脈性雑音	
R58			動脈性出血	
I773			動脈線維筋形成異常	
I749			動脈塞栓症	
T145			動脈損傷	
I776			動脈内膜炎	
I772			動脈破裂	
I778			動脈びらん	
Q278			動脈閉鎖	
I749			動脈閉塞症	
I729			動脈瘤	
M8559			動脈瘤様骨のう腫	
I739			動脈攣縮	
I772			動脈瘻	
H534			同名半盲	
M2521			動揺肩	
M2529			動揺関節	
S225			動揺胸郭	
M2524			動揺手指関節	
M2527			動揺足関節	
T753			動揺病	
T97			毒作用後遺症	
R480			読字障害	
A483			毒素ショック症候群	
T659			毒物誤飲	
H010			毒物性眼瞼炎	
E348			ドナヒュー症候群	
A58			ドノバニア感染症	
Q828			土肥氏鱗状毛のう角皮症	
Q871			ドュボウィツ症候群	
H041			ドライアイ	
K103			ドライソケット	
T827			ドライブライン感染	
G404			ドラベ症候群	
R068			努力性呼吸	
H354			ドルーゼン	
E755			ドルフマン・シャナリン症候群	
I241			ドレッスラー症候群	
R529			鈍痛	
S268			鈍的心臓外傷	
S2681			鈍的心臓外傷・胸腔に達する開放創合併あり	
S2680			鈍的心臓外傷・胸腔に達する開放創合併なし	
E52			ナイアシン欠乏症	
F332			内因性うつ病	
L208			内因性湿疹	
H200			内因性ぶどう膜炎	
M841			内顆骨折偽関節	
D231			内眼角皮膚良性腫瘍	
H525			内眼筋麻痺	
I868			内頚静脈拡張症	
S153			内頚静脈損傷	
S157			内頚動静脈損傷	
I770			内頚動脈海綿静脈洞瘻	
I720			内頚動脈眼動脈分岐部動脈瘤	
I652			内頚動脈狭窄症	
I652			内頚動脈血栓症	
I671			内頚動脈後交通動脈分岐部動脈瘤	
I652			内頚動脈塞栓症	
S150			内頚動脈損傷	
I720			内頚動脈脳動脈瘤	
G451			内頚動脈不全症	
I652			内頚動脈閉塞症	
I720			内頚動脈瘤	
I600			内頚動脈瘤破裂によるくも膜下出血	
T812			内視鏡検査中腸穿孔	
K918			内視鏡処置後胃潰瘍	
H505			内斜位	
H500			内斜頚斜視	
H500			内斜視	
H530			内斜視弱視	
R58			内出血	
K046			内歯瘻	
H830			内耳炎	
K649			内痔核	
C301			内耳癌	
S046			内耳神経損傷	
H931			内耳性耳鳴症	
H810			内耳性めまい	
Q165			内耳先天奇形	
A527			内耳梅毒	
K603			内痔瘻	
M2459			内旋拘縮	
S848			内側膝窩神経傷害	
G574			内側膝窩神経障害	
S830			内側膝蓋大腿靱帯損傷	
M7702			内側上顆炎	
S941			内側足底神経損傷	
M764			内側側副滑液包炎	
M2303			内側半月のう腫	
M2333			内側半月板嵌頓	
M2393			内側半月板障害	
S832			内側半月板損傷	
S832			内側半月板断裂	
M2333			内側半月板変性	
K409			内鼡径ヘルニア	
K634			内臓下垂	
Q893			内臓逆位	
E669			内臓脂肪型肥満	
F453			内臓神経症	
S345			内臓神経損傷	
B550			内臓リーシュマニア症	
S355			内腸骨静脈損傷	
S355			内腸骨動脈損傷	
I745			内腸骨動脈閉塞症	
H490			内直筋麻痺	
G248			内転型痙攣性発声障害	
M2459			内転拘縮	
Q662			内転足	
R262			内転歩行	
D169			内軟骨腫	
C809			内胚葉洞腫瘍	
M925			内反脛骨	
M2115			内反股	
M2116			内反膝	
M205			内反小趾	
Q661			内反踵足	
Q660			内反尖足	
Q668			内反足	
M2112			内反肘	
Q662			内反中足	
M2119			内反変形	
R262			内反歩行	
H000			内麦粒腫	
K033			内部性肉芽腫	
T283			内部尿路性器の熱傷	
T288			内部尿路性器の腐蝕	
B834			内部蛭寄生症	
E349			内分泌機能異常	
E349			内分泌疾患	
E349			内分泌障害	
I152			内分泌性高血圧症	
F069			内分泌性精神障害	
E349			内分泌性白内障	
R609			内分泌性浮腫	
K469			内ヘルニア	
D828			ナイミーヘン染色体不安定症候群	
H810			内リンパ水腫	
C301			内リンパのう腫瘍	
L235			ナイロンアレルギー性接触皮膚炎	
L245			ナイロン刺激性接触皮膚炎	
D898			中條・西村症候群	
R568			泣き入りひきつけ	
Q870			ナジェ症候群	
E881			那須・ハコラ病	
M7213			ナックルパッド	
I871			ナットクラッカー現象	
J678			夏型過敏性肺炎	
E871			ナトリウム欠乏症	
E871			ナトリウム欠乏性脱水	
B668			ナニフィエツス症	
A278			七日熱	
T520			ナフサ中毒	
T560			鉛中毒	
T560			鉛中毒性振戦	
M1019			鉛痛風	
G474			ナルコレプシー	
F608			ナルシシズム型性格障害	
S099			軟口蓋外傷	
C051			軟口蓋癌	
S005			軟口蓋血腫	
S015			軟口蓋挫創	
S015			軟口蓋創傷	
S099			軟口蓋損傷	
D103			軟口蓋多形腺腫	
D103			軟口蓋乳頭腫	
T280			軟口蓋熱傷	
K132			軟口蓋白板症	
S015			軟口蓋破裂	
K137			軟口蓋麻痺	
D103			軟口蓋良性腫瘍	
Q353			軟口蓋裂	
Q774			軟骨異栄養症	
Q789			軟骨異形成症	
M9489			軟骨萎縮	
D169			軟骨芽細胞腫	
Q789			軟骨形成異常症	
Q774			軟骨形成不全症	
M1129			軟骨石灰化症	
Q774			軟骨低形成症	
M9429			軟骨軟化症	
C419			軟骨肉腫	
D169			軟骨粘液線維腫	
D239			軟骨母斑	
Q774			軟骨無形成症	
Q770			軟骨無発生症	
M9439			軟骨溶解症	
O344			軟産道強靱症	
O655			軟産道強靱症による分娩停止	
O344			軟産道伸展不良	
O669			難産	
H612			軟耳垢	
A57			軟性下疳	
D179			軟性線維腫	
H353			軟性ドルーゼン	
H269			軟性白内障	
Q825			軟性母斑	
A169			難治結核	
K259			難治性胃潰瘍	
K210			難治性逆流性食道炎	
K121			難治性口内炎	
K055			難治性歯周炎	
K269			難治性十二指腸潰瘍	
J459			難治性喘息	
G408			難治性てんかん	
R521			難治性疼痛	
A099			難治性乳児下痢症	
N049			難治性ネフローゼ症候群	
L984			難治性皮膚潰瘍	
R18			難治性腹水	
K289			難治性吻合部潰瘍	
H208			難治性ぶどう膜炎	
L988			難治性瘻孔	
G405			難治頻回部分発作重積型急性脳炎	
H919			難聴	
R234			軟皮症	
C499			軟部悪性巨細胞腫	
D481			軟部腫瘍	
M7959			軟部組織内異物	
G039			軟膜炎	
E752			ニーマン・ピック病	
E752			ニーマン・ピック病Ａ型	
E752			ニーマン・ピック病Ｂ型	
E752			ニーマン・ピック病Ｃ型	
B662			二腔吸虫感染症	
R31			肉眼的血尿	
K296			肉芽腫性胃炎	
E236			肉芽腫性下垂体炎	
K753			肉芽腫性肝炎	
K130			肉芽腫性口唇炎	
J310			肉芽腫性鼻炎	
H738			肉芽性鼓膜炎	
C499			肉腫	
C700			肉腫性髄膜腫	
T146			肉離れ	
F172			ニコチン依存症	
K132			ニコチン性口蓋白色角化症	
K132			ニコチン性口内炎	
T591			二酸化硫黄の毒作用	
T597			二酸化炭素中毒	
A923			西ナイル熱	
I452			二枝ブロック	
K028			二次う蝕	
K020			二次う蝕第１度	
K021			二次う蝕第２度	
K028			二次う蝕第３度	
D720			二次顆粒欠損症	
Q211			二次孔開存	
I458			二次性ＱＴ延長症候群	
O901			二次性会陰裂傷	
E713			二次性カルニチン欠乏症	
I81			二次性肝外門脈閉塞症	
I951			二次性起立性低血圧症	
N258			二次性近位尿細管性アシドーシス	
D758			二次性血小板増加症	
I159			二次性高血圧症	
E784			二次性高脂血症	
E058			二次性甲状腺機能亢進症	
E038			二次性甲状腺機能低下症	
M8199			二次性骨粗鬆症	
M809			二次性骨粗鬆症・病的骨折あり	
D612			二次性再生不良性貧血	
M350			二次性シェーグレン症候群	
R579			二次性ショック	
E13			二次性糖尿病	
E133			二次性糖尿病・眼合併症あり	
E131			二次性糖尿病・ケトアシドーシス合併あり	
E130			二次性糖尿病・昏睡合併あり	
E134			二次性糖尿病・神経学的合併症あり	
E132			二次性糖尿病・腎合併症あり	
E137			二次性糖尿病・多発糖尿病性合併症あり	
E136			二次性糖尿病・糖尿病性合併症あり	
E139			二次性糖尿病・糖尿病性合併症なし	
E135			二次性糖尿病・末梢循環合併症あり	
E232			二次性尿崩症	
F03			二次性認知症	
N049			二次性ネフローゼ症候群	
I272			二次性肺高血圧症	
D70			二次性白血球減少症	
C927			二次性白血病	
M1929			二次性変形性関節症	
A514			二次性網膜変性症	
K072			二重歯列	
O300			二絨毛膜二羊膜性双胎	
Q231			二尖大動脈弁	
I452			二束ブロック	
R008			二段脈	
L568			日光過敏性皮膚炎	
L550			日光紅斑	
L563			日光じんま疹	
L578			日光皮膚炎	
H310			日光網膜症	
T675			日射病	
Q894			二頭体	
E739			二糖類分解酵素欠損症	
T653			ニトロベンゼン中毒	
K061			ニフェジピン歯肉増殖症	
Q741			二分膝蓋骨	
Q668			二分種子骨	
Q552			二分性陰のう	
Q758			二分頭蓋	
B700			日本海裂頭条虫症	
A778a			日本紅斑熱	
B652			日本住血吸虫症	
A830			日本脳炎	
B941			日本脳炎後遺症	
B308			ニューキャッスル結膜炎	
B59			ニューモシスチス肺炎	
B59			ニューモシスティス症	
G98			ニューロパチー性関節炎	
J690			乳嚥下性肺炎	
L210			乳痂	
N604			乳管拡張症	
D24			乳管内乳頭腫	
C509			乳癌	
C509			乳癌・ＨＥＲ２過剰発現	
C509			乳癌局所再発	
C795			乳癌骨転移	
C509			乳癌再発	
C509			乳癌術後胸壁再発	
T889			乳癌術後後遺症	
C792			乳癌皮膚転移	
E872			乳酸アシドーシス	
T888			乳歯金属冠過高	
T888			乳歯金属冠脱離	
T888			乳歯金属冠低位	
T888			乳歯金属冠破損	
T888			乳歯金属冠不適合	
K006			乳歯歯根吸収不全	
K006			乳歯早期脱落	
K006			乳歯晩期残存	
D24			乳嘴部パピローマ	
K006			乳歯萌出障害	
D807			乳児一過性低ガンマグロブリン血症	
K759			乳児肝炎	
E751			乳児型ＧＭ１ガングリオシドーシス	
E750			乳児型ＧＭ２ガングリオシドーシス	
E752			乳児型クラッベ病	
Q253			乳児型大動脈狭窄症	
E740			乳児型ポンペ病	
B372			乳児寄生菌性紅斑	
S065			乳児急性硬膜下血腫	
D648			乳児偽白血病	
R568			乳児痙攣	
E872			乳児ケトアシドーシス	
Z001			乳児健診	
A099			乳児下痢	
G318			乳児神経軸索ジストロフィー	
G404			乳児重症ミオクロニーてんかん	
D610			乳児赤芽球ろう	
J450			乳児喘息	
L748			乳児多発性汗腺膿瘍	
E561			乳児遅発性ビタミンＫ欠乏症	
A080			乳児冬期下痢症	
M4109			乳児特発性脊柱側弯症	
I348			乳児特発性僧帽弁腱索断裂	
R959			乳児突然死症候群	
H504			乳児内斜視	
Q615			乳児ネフロンろう	
R681			乳児の過度の啼泣	
J189			乳児肺炎	
Q400			乳児肥厚性幽門狭窄症	
G600			乳児肥大性ニューロパチー	
L208			乳児皮膚炎	
G802			乳児片麻痺	
A051			乳児ボツリヌス症	
O927			乳汁うっ滞症	
O927			乳汁分泌異常	
O924			乳汁分泌過少症	
O923			乳汁分泌欠如	
O923			乳汁分泌不全	
O925			乳汁分泌抑制	
O926			乳汁漏出症	
E221			乳汁漏出無月経症候群	
G232			乳児両側線条体壊死	
E713			乳児レフサム病	
C509			乳腺悪性腫瘍	
N61			乳腺炎	
D180			乳腺血管腫	
C509			乳腺硬癌	
D24			乳腺腫	
N63			乳腺腫大	
D486			乳腺腫瘍	
N63			乳腺腫瘤	
N649			乳腺症	
C509			乳腺充実腺管癌	
D24			乳腺線維腫	
D24			乳腺線維腺腫	
D24			乳腺腺筋上皮腫	
D24			乳腺乳頭腫	
N61			乳腺膿瘍	
N62			乳腺肥大	
N649			乳腺ポリープ	
N61			乳腺瘻孔	
C435			乳頭悪性黒色腫	
N645			乳頭異常分泌症	
O921			乳頭潰瘍	
C445			乳頭基底細胞癌	
N640			乳頭亀裂	
I512			乳頭筋断裂	
I211			乳頭筋断裂・急性心筋梗塞に合併	
I211			乳頭筋不全症・急性心筋梗塞に合併	
Q838			乳頭形成不全	
A512			乳頭下疳	
S210			乳頭咬創	
D369			乳頭腫	
N61			乳頭周囲炎	
Q142			乳頭周囲ぶどう腫	
N645			乳頭出血	
D239			乳頭状汗管のう胞腺腫	
D239			乳頭状汗腺腫	
D34			乳頭状甲状腺腺腫	
D432			乳頭状上衣腫	
H473			乳頭静脈炎	
C509			乳頭腺管癌	
Q838			乳頭低形成	
C445			乳頭皮膚癌	
S201			乳頭表皮剥脱	
N61			乳頭びらん	
H471			乳頭浮腫	
E739			乳糖不耐症	
E739			乳糖不耐性下痢症	
T211			乳頭部第１度熱傷	
T212			乳頭部第２度熱傷	
T213			乳頭部第３度熱傷	
C500			乳頭部乳癌	
E730			乳糖分解酵素欠損症	
N645			乳頭分泌物	
R896			乳頭分泌物細胞診陽性	
D045			乳頭ボーエン病	
H300			乳頭網膜炎	
C445			乳頭有棘細胞癌	
N640			乳頭瘻	
I898			乳び胸	
I313			乳び心のう液貯留	
I898			乳び性陰のう水瘤	
I898			乳び性腹水	
R820			乳び尿	
I898			乳び漏	
C509			乳房悪性腫瘍	
S280			乳房圧挫傷	
N642			乳房萎縮	
T857			乳房インプラント感染	
O927			乳房うっ滞	
T857			乳房エキスパンダー感染	
N61			乳房炎症性疾患	
S210			乳房開放創	
N61			乳房潰瘍	
C505			乳房下外側部乳癌	
N648			乳房過度緊満	
C503			乳房下内側部乳癌	
C449			乳房外パジェット病	
Z123			乳房癌検診	
C508			乳房境界部乳癌	
Q838			乳房形成不全	
D171			乳房血管脂肪腫	
C509			乳房血管肉腫	
N63			乳房硬結	
S210			乳房咬創	
S201			乳房擦過創	
S200			乳房挫傷	
S210			乳房刺創	
N641			乳房脂肪壊死	
D171			乳房脂肪腫	
C509			乳房脂肪肉腫	
O922			乳房腫大	
N63			乳房腫脹	
N645			乳房出血	
D486			乳房腫瘍	
N63			乳房腫瘤	
N63			乳房小結節	
C504			乳房上外側部乳癌	
C502			乳房上内側部乳癌	
S258			乳房静脈損傷	
I972			乳房切除後リンパ浮腫症候群	
Z901			乳房切除術後	
N603			乳房線維性硬化症	
N602			乳房線維腺症	
C509			乳房線維肉腫	
N648			乳房退縮不全	
T211			乳房第１度熱傷	
T212			乳房第２度熱傷	
T213			乳房第３度熱傷	
C501			乳房中央部乳癌	
N644			乳房痛	
S258			乳房動脈損傷	
C509			乳房肉腫	
N63			乳房乳頭部腫瘤	
T210			乳房熱傷	
N600			乳房のう胞	
N61			乳房膿瘍	
Q839			乳房の先天奇形	
C500			乳房パジェット病	
N63			乳房皮下腫瘤	
L309			乳房皮膚炎	
D235			乳房皮膚良性腫瘍	
R92			乳房微細石灰化	
N61			乳房よう	
D486			乳房葉状腫瘍	
D24			乳房良性腫瘍	
K929			乳幼児胃腸障害	
D180			乳幼児肝巨大血管腫	
Z001			乳幼児健診	
R104			乳幼児仙痛	
R688			乳幼児突発性危急事態	
K590			乳幼児便秘	
I620			乳幼児慢性硬膜下血腫	
H709			乳様突起炎	
H701			乳様突起カリエス	
H700			乳様突起膿瘍	
H701			乳様突起瘻	
N61			乳輪下膿瘍	
N63			乳輪部腫瘤	
T211			乳輪部第１度熱傷	
T212			乳輪部第２度熱傷	
T213			乳輪部第３度熱傷	
C500			乳輪部乳癌	
R390			尿溢出	
R33			尿うっ滞	
N288			尿管炎	
Q626			尿管開口異常	
T838			尿管回腸導管吻合部狭窄	
N288			尿管拡張症	
N288			尿管感染	
S371			尿管外傷	
C66			尿管癌	
N135			尿管狭窄	
N131			尿管狭窄を伴う水腎症	
Q628			尿管屈曲	
N288			尿管憩室	
A181			尿管結核	
N201			尿管結石症	
N132			尿管結石性閉塞を伴う水腎症	
Q624			尿管欠損	
C676			尿管口部膀胱癌	
S371			尿管挫傷	
S3711			尿管挫傷・骨盤腔に達する開放創合併あり	
S3710			尿管挫傷・骨盤腔に達する開放創合併なし	
N288			尿管周囲膿瘍	
D412			尿管腫瘍	
I868			尿管静脈瘤	
N130			尿管腎盂移行部閉塞を伴う水腎症	
T835			尿管ステント交換後腎盂腎炎	
Z960			尿管ステント留置状態	
T814			尿管切石術後感染症	
S371			尿管損傷	
S3711			尿管損傷・骨盤腔に達する開放創合併あり	
S3710			尿管損傷・骨盤腔に達する開放創合併なし	
S371			尿管断裂	
S3711			尿管断裂・骨盤腔に達する開放創合併あり	
S3710			尿管断裂・骨盤腔に達する開放創合併なし	
N821			尿管腟瘻	
N288			尿管腸瘻	
N289			尿管通過障害	
T198			尿管内異物	
D302			尿管乳頭腫	
C66			尿管尿路上皮癌	
N288			尿管皮膚瘻	
N135			尿管閉塞	
Q626			尿管偏位	
Q623			尿管弁	
Q621			尿管膀胱移行部狭窄	
N288			尿管ポリープ	
N288			尿管瘤	
D302			尿管良性腫瘍	
S3711			尿管裂傷	
N288			尿管瘻	
Z436			尿管瘻開口部に対する手当て	
N12			尿細管間質性腎炎	
N258			尿細管性アシドーシス	
N391			尿細管性蛋白尿	
R829			尿細胞数増加	
R829			尿酸塩尿	
H184			尿酸角膜変性	
E799			尿酸トランスポーター異常症	
R32			尿失禁症	
N289			尿性腹水	
K658			尿性腹膜炎	
R391			尿線断裂	
R391			尿線微弱	
E722			尿素サイクル異常症	
R825			尿中１７−ケトステロイド上昇	
R825			尿中インドール酢酸上昇	
R829			尿中円柱	
R825			尿中カテコラミン上昇	
R826			尿中重金属値上昇	
R825			尿中ステロイド上昇	
R301			尿テネスムス	
N508			尿道陰のう瘻	
N360			尿道会陰瘻	
N342			尿道炎	
N362			尿道カルンクル	
Q549			尿道下裂	
S373			尿道外傷	
C680			尿道癌	
A181			尿道球腺結核	
N359			尿道狭窄症	
N361			尿道憩室	
N361			尿道憩室炎	
N359			尿道痙攣	
A181			尿道結核	
N211			尿道結石嵌頓	
N211			尿道結石症	
N342			尿道口炎	
N340			尿道口膿瘍	
N368			尿道口びらん	
N342			尿道周囲炎	
D413			尿道周囲腫瘍	
N340			尿道周囲膿瘍	
N368			尿道出血	
D413			尿道腫瘍	
N368			尿道腫瘤	
N343			尿道症候群	
I868			尿道静脈瘤	
Q640			尿道上裂	
Z960			尿道ステント留置状態	
R36			尿道性分泌物	
Q647			尿道先天異常	
S373			尿道損傷	
S3731			尿道損傷・骨盤腔に達する開放創合併あり	
S3730			尿道損傷・骨盤腔に達する開放創合併なし	
N368			尿道短縮症	
N363			尿道脱	
S373			尿道断裂	
S3731			尿道断裂・骨盤腔に達する開放創合併あり	
S3730			尿道断裂・骨盤腔に達する開放創合併なし	
N821			尿道腟瘻	
N360			尿道直腸瘻	
R398			尿道痛	
T190			尿道内異物	
D304			尿道乳頭腫	
C680			尿道尿路上皮癌	
N340			尿道膿瘍	
N360			尿道皮膚瘻	
Q643			尿道閉鎖	
N368			尿道閉塞	
C681			尿道傍腺の悪性腫瘍	
N362			尿道ポリープ	
D304			尿道良性腫瘍	
S3731			尿道裂傷	
R36			尿道漏	
Z436			尿道瘻開口部に対する手当て	
N19			尿毒症	
N185			尿毒症性心筋症	
N185			尿毒症性心膜炎	
N185			尿毒症性多発性ニューロパチー	
N185			尿毒症性ニューロパチー	
N185			尿毒症性脳症	
N185			尿毒症肺	
R827			尿培養所見陽性	
R33			尿閉	
E232			尿崩症	
F453			尿膀胱神経症	
Q644			尿膜管遺残	
Q644			尿膜管異常	
Q644			尿膜管開存	
C677			尿膜管癌	
Q644			尿膜管性膀胱憩室	
Q644			尿膜管洞	
Q644			尿膜管のう胞	
N308			尿膜管膿瘍	
Q644			尿膜管の奇形	
B374			尿路カンジダ症	
N390			尿路感染症	
Q649			尿路奇形	
A181			尿路結核	
N209			尿路結石症	
N399			尿路障害	
L248			尿路ストーマ周囲皮膚炎	
A590			尿路性器トリコモナス症	
T199			尿路性器内異物	
B878			尿路性器はえ幼虫症	
S379			尿路損傷	
S3791			尿路損傷・骨盤腔に達する開放創合併あり	
S3790			尿路損傷・骨盤腔に達する開放創合併なし	
T199			尿路内異物	
T832			尿路の移植片の機械的合併症	
N139			尿路閉塞	
O849			二卵性双胎分娩	
T654			二硫化炭素の毒作用	
Q872			人魚体症候群	
O996			妊産婦便秘	
Z33			妊娠	
O101			妊娠・分娩・産褥の既存の高血圧性心疾患	
O103			妊娠・分娩・産褥の既存の高血圧性心腎疾患	
O102			妊娠・分娩・産褥の既存の高血圧性腎疾患	
O104			妊娠・分娩・産褥の既存の二次性高血圧症	
O100			妊娠・分娩・産褥の既存の本態性高血圧症	
P073			妊娠２８週以降の早産児	
P072			妊娠２８週未満で出生した児	
P050			妊娠期間に比較して低体重	
P051			妊娠期間に比較して低体重・低身長	
O994			妊娠期心臓合併症	
O993			妊娠期精神病	
O993			妊娠期ニコチン依存症	
O994			妊娠期脳血管疾患合併症	
O212			妊娠後期嘔吐	
O13			妊娠高血圧症	
O149			妊娠高血圧症候群	
O94			妊娠高血圧症候群後遺症	
O149			妊娠高血圧腎症	
O268			妊娠高血圧網膜症	
O150			妊娠子癇	
O997			妊娠湿疹	
O209			妊娠初期の出血	
O469			妊娠時月経様出血	
O993			妊娠時舞踏病	
O268			妊娠腎	
O268			妊娠水腎症	
O268			妊娠性エプーリス	
O911			妊娠性化膿性乳腺炎	
O912			妊娠性間質性乳腺炎	
O997			妊娠性肝斑	
O920			妊娠性陥没乳頭	
O268			妊娠性歯肉炎	
O912			妊娠性実質性乳腺炎	
O229			妊娠性静脈炎	
O229			妊娠性静脈血栓症	
O220			妊娠性静脈瘤	
O990			妊娠性鉄欠乏性貧血	
O912			妊娠性乳腺炎	
O921			妊娠性乳頭亀裂	
O910			妊娠性乳頭膿瘍	
O911			妊娠性乳房膿瘍	
O912			妊娠性乳房リンパ管炎	
O911			妊娠性乳輪下膿瘍	
O268			妊娠性の衰弱および疲労	
O266			妊娠性反復性黄疸	
O264			妊娠性疱疹	
O268			妊娠性末梢神経炎	
O990			妊娠性葉酸欠乏性貧血	
O997			妊娠性痒疹	
O121			妊娠蛋白尿	
O13			妊娠中一過性高血圧症	
O993			妊娠中うつ状態	
O266			妊娠中肝障害	
O995			妊娠中感冒	
O995			妊娠中気管支炎	
O290			妊娠中呼吸器合併症	
O290			妊娠中誤嚥性肺炎	
O469			妊娠中出血	
O263			妊娠中の遺残した子宮内避妊器具	
O25			妊娠中の栄養失調症	
O221			妊娠中の会陰静脈瘤	
O266			妊娠中の黄疸	
O222			妊娠中の下肢血栓性静脈炎	
O221			妊娠中の外陰静脈瘤	
O293			妊娠中の局所麻酔に対する中毒反応	
O235			妊娠中の子宮頚管炎	
O235			妊娠中の子宮内感染	
O223			妊娠中の深在静脈血栓症	
O224			妊娠中の痔核	
O230			妊娠中の腎感染症	
O235			妊娠中の性器感染症	
O221			妊娠中の性器の静脈瘤	
O296			妊娠中の挿管困難	
O296			妊娠中の挿管不成功	
O260			妊娠中の体重過剰増加	
O261			妊娠中の体重増加不良	
O998			妊娠中の耐糖能低下	
O221			妊娠中の腟静脈瘤	
O249			妊娠中の糖尿病	
O232			妊娠中の尿道感染症	
O239			妊娠中の尿路性器感染症	
O225			妊娠中の脳静脈血栓症	
O290			妊娠中の肺の圧迫性虚脱	
O231			妊娠中の膀胱感染症	
O299			妊娠中の麻酔合併症	
O291			妊娠中の麻酔による心停止	
O291			妊娠中の麻酔による心不全	
O292			妊娠中の麻酔による脳無酸素症	
O234			妊娠中の無症候性細菌尿	
O353			妊娠中風疹感染	
O290			妊娠中メンデルソン症候群	
O244			妊娠糖尿病	
P700			妊娠糖尿病母体児症候群	
O990			妊娠貧血症	
O120			妊娠浮腫	
O471			妊娠満３７週以後の偽陣痛	
O470			妊娠満３７週未満の偽陣痛	
F03			認知症	
F051			認知症に重なったせん妄	
F050			認知症に重ならないせん妄	
O997			妊婦性皮膚炎	
O981			妊婦梅毒	
Q871			ヌーナン症候群	
N948			ヌック管水腫	
Q828			ネーゲリ病	
R619			寝汗	
B779			ネコ回虫症	
B660			猫肝吸虫症	
T141			猫咬創	
A281			猫ひっかき病	
Q808			ネザートン症候群	
A020			ネズミチフス菌腸炎	
A022			ネズミチフス菌腹膜炎	
T670			熱射病	
T300			熱傷	
L910			熱傷後ケロイド	
L910			熱傷後瘢痕ケロイド	
L910			熱傷後瘢痕ケロイド潰瘍	
L910			熱傷後瘢痕ケロイド拘縮	
T794			熱傷ショック	
M6139			熱傷性筋骨化症	
L910			熱傷瘢痕	
T671			熱性虚脱	
R560			熱性痙攣	
T671			熱性失神	
N391			熱性蛋白尿	
T677			熱性浮腫	
L984			熱帯性潰瘍	
L742			熱帯性汗疹	
L703			熱帯性ざ瘡	
K901			熱帯性スプルー	
J82			熱帯性肺好酸球増多症	
B509			熱帯熱マラリア	
L433			熱帯扁平苔癬	
T678			熱中症	
T672			熱痙攣	
T676			熱疲労	
N049			ネフローゼ症候群	
Q615			ネフロンろう	
G712			ネマリンミオパチー	
G608			ネラトン症候群	
E241			ネルソン症候群	
D179			粘液脂肪腫	
D219			粘液腫	
E039			粘液水腫	
E001			粘液水腫型先天性ヨード欠乏症候群	
E035			粘液水腫性昏睡	
L985			粘液水腫性苔癬	
J348			粘液性鼻漏	
D432			粘液乳頭状上衣腫	
H100			粘液膿性結膜炎	
J411			粘液膿性慢性気管支炎	
R195			粘液便	
K921			粘血便	
T143			捻挫	
T941			捻挫後遺症	
L443			念珠状紅色苔癬	
K073			捻転歯	
Q353			粘膜下口蓋裂	
D379			粘膜下腫瘍	
A667			粘膜フランベジア	
H490			ノートナーゲル症候群	
C859			脳悪性リンパ腫	
G935			脳圧迫	
E859			脳アミロイド血管症	
I678			脳壊死	
G049			脳炎	
G09			脳炎後遺症	
F071			脳炎後症候群	
G09			脳炎後てんかん	
G213			脳炎後パーキンソン症候群	
Q788			濃化異骨症	
Q828			脳回転状皮膚	
H312			脳回転状脈絡膜網膜萎縮症	
O998			脳海綿状血管腫合併妊娠	
H250			のう下加齢性白内障	
L010			膿痂疹	
L010			膿痂疹外耳炎	
L708			膿痂疹性ざ瘡	
L011			膿痂疹性湿疹	
C717			脳幹悪性腫瘍	
G939			脳幹機能障害	
C717			脳幹膠芽腫	
I635			脳幹梗塞	
I635			脳幹梗塞・急性期	
I635			脳幹梗塞・慢性期	
S063			脳幹挫傷	
S0631			脳幹挫傷・頭蓋内に達する開放創合併あり	
S0630			脳幹挫傷・頭蓋内に達する開放創合併なし	
C717			脳幹神経膠腫	
G431			脳幹性前兆を伴う片頭痛	
I679			脳幹卒中症候群	
G35			脳幹多発性硬化症	
Q283			脳幹部海綿状血管腫	
Q283			脳幹部血管腫	
I613			脳幹部出血	
D431			脳幹部腫瘍	
C717			脳幹部星細胞腫	
I630			脳外主幹動脈血栓症脳梗塞	
I631			脳外主幹動脈塞栓症脳梗塞	
I632			脳外主幹動脈閉塞脳梗塞	
T905			脳外傷後遺症	
R298			脳機能低下	
J869			膿胸	
C859			膿胸関連リンパ腫	
F078			脳局所性精神症候群	
I678			脳虚血症	
D329			脳くも膜のう腫	
G961			脳くも膜癒着症	
B451			脳クリプトコッカス症	
E728			脳クレアチン欠乏症候群	
B431			脳クロモミコーシス	
Q043			脳形成不全性水頭症	
A178			脳結核	
A178			脳結核腫	
F453			脳血管運動神経症	
Q283			脳血管形成不全	
D180			脳血管腫	
I679			脳血管障害	
G214			脳血管障害性パーキンソン症候群	
F069			脳血管性精神障害	
Q283			脳血管先天奇形	
I635			脳血管閉塞性脳梗塞	
I64			脳血管発作	
G459			脳血管攣縮	
I638			脳血管攣縮による脳梗塞	
I669			脳血栓症	
Q000			脳欠損	
E755			脳腱黄色腫症	
G379			脳硬化症	
I639			脳梗塞	
I639			脳梗塞・急性期	
I639			脳梗塞・慢性期	
I693			脳梗塞後遺症	
G819			脳梗塞後の片麻痺	
S062			脳挫傷	
S0621			脳挫傷・頭蓋内に達する開放創合併あり	
S0620			脳挫傷・頭蓋内に達する開放創合併なし	
T905			脳挫傷後遺症	
S062			脳挫創	
S0621			脳挫創・頭蓋内に達する開放創合併あり	
S0620			脳挫創・頭蓋内に達する開放創合併なし	
Z944			脳死肝移植後	
Z948			脳死小腸移植後	
G938			脳死状態	
Z940			脳死腎移植後	
Z948			脳死膵移植後	
G939			脳疾患	
C715			脳室悪性腫瘍	
G049			脳室炎	
Q283			脳室海綿状血管腫	
G938			脳室拡大	
G930			脳室間腔のう胞	
C715			脳室上衣腫	
Q283			脳室静脈性血管腫	
D320			脳室髄膜腫	
I615			脳室内出血	
D432			脳室内腫瘍	
Z942			脳死肺移植後	
P591			濃縮胆汁症候群	
R829			濃縮尿	
T889			脳手術後遺症	
I619			脳出血	
I691			脳出血後遺症	
F069			脳出血後遺性精神障害	
D432			脳腫瘍	
T889			脳腫瘍摘出術後遺症	
G934			脳症	
C725			脳神経悪性腫瘍	
D432			脳神経腫瘍	
D333			脳神経鞘腫	
S049			脳神経損傷	
T903			脳神経損傷後遺症	
G529			脳神経麻痺	
D333			脳神経良性腫瘍	
S060			脳振盪	
S0601			脳振盪・頭蓋内に達する開放創合併あり	
S0600			脳振盪・頭蓋内に達する開放創合併なし	
F072			脳振盪後症候群	
I678			脳循環不全	
J47			のう状気管支拡張症	
I671			のう状脳動脈瘤	
Q283			脳静脈奇形	
I676			脳静脈血栓症	
G08			脳静脈洞血栓症	
N136			膿腎症	
G919			脳水腫	
D420			脳髄膜腫瘍	
G969			脳髄膜症	
R11			脳性嘔吐	
G961			脳性髄膜癒着	
R093			膿性痰	
G801			脳性対麻痺	
J348			膿性鼻閉	
G809			脳性麻痺	
O993			脳性麻痺合併妊娠	
B500			脳性マラリア	
G801			脳性両麻痺	
R839			脳脊髄液圧上昇	
R830			脳脊髄液酵素異常	
R831			脳脊髄液ホルモンの異常値	
G960			脳脊髄液漏	
G968			脳脊髄液漏出症	
G049			脳脊髄炎	
T060			脳脊髄損傷	
A521			脳脊髄梅毒	
G09			脳脊髄膜炎後四肢痙性麻痺	
A170			脳脊髄膜結核	
I669			脳塞栓症	
I64			脳卒中	
I694			脳卒中後遺症	
G409			脳卒中後てんかん	
G819			脳卒中後片麻痺	
S069			脳損傷	
S0691			脳損傷・頭蓋内に達する開放創合併あり	
S0690			脳損傷・頭蓋内に達する開放創合併なし	
S069			脳対側損傷	
S0691			脳対側損傷・頭蓋内に達する開放創合併あり	
S0690			脳対側損傷・頭蓋内に達する開放創合併なし	
B699			のう虫症	
B691			のう虫症性眼内炎	
B698			のう虫症性筋炎	
S069			脳直撃損傷	
S0691			脳直撃損傷・頭蓋内に達する開放創合併あり	
S0690			脳直撃損傷・頭蓋内に達する開放創合併なし	
I725			脳底動脈解離	
I651			脳底動脈狭窄症	
I651			脳底動脈血栓症	
G450			脳底動脈循環不全	
I635			脳底動脈先端症候群	
I651			脳底動脈先端塞栓症	
I651			脳底動脈塞栓症	
I651			脳底動脈閉塞症	
I725			脳底動脈瘤	
I604			脳底動脈瘤破裂によるくも膜下出血	
S062			脳底部挫傷	
S0621			脳底部挫傷・頭蓋内に達する開放創合併あり	
S0620			脳底部挫傷・頭蓋内に達する開放創合併なし	
Q282			脳動静脈奇形	
I608			脳動静脈奇形破裂	
I608			脳動静脈奇形破裂によるくも膜下出血	
I619			脳動静脈奇形破裂による脳出血	
I671			脳動静脈瘻	
I677			脳動脈炎	
I638			脳動脈解離による脳梗塞	
I669			脳動脈狭窄症	
I672			脳動脈硬化症	
I678			脳動脈循環不全	
I669			脳動脈閉塞症	
I671			脳動脈瘤	
I609			脳動脈瘤破裂	
G459			脳動脈攣縮	
I639			脳軟化症	
N390			膿尿	
G060			脳膿瘍	
C719			脳胚細胞腫瘍	
A521			脳梅毒	
I610			脳皮質下出血	
L080			膿皮症	
G968			脳表ヘモジデリン沈着症	
G936			脳浮腫	
J670			農夫肺	
G935			脳ヘルニア	
L089			膿疱	
Q110			のう胞状眼球	
H332			のう胞状網膜剥離	
L401			膿疱性乾癬	
L700			膿疱性ざ瘡	
D329			のう胞性髄膜腫	
E849			のう胞性線維症	
N850			のう胞性腺増殖症	
D332			のう胞性脳腫瘍	
H268			のう胞性白内障	
D391			のう胞性卵巣腫瘍	
D181			のう胞性リンパ管腫	
H358			のう胞様黄斑浮腫	
D320			脳膜腫	
I678			脳毛細血管拡張症	
H355			脳網膜変性症	
T609			農薬中毒	
L029			膿瘍	
K572			膿瘍性Ｓ状結腸憩室	
K572			膿瘍性横行結腸憩室	
K572			膿瘍性下行結腸憩室	
K572			膿瘍性結腸憩室	
K572			膿瘍性上行結腸憩室	
K578			膿瘍性腸憩室	
E756			脳リピドーシスの認知症	
Q040			脳梁形成不全	
Q040			脳梁欠損症	
C718			脳梁膠芽腫	
D170			脳梁脂肪腫	
D332			脳良性腫瘍	
G371			脳梁離断	
G371			脳梁離断症候群	
Z988			脳梁離断術後	
S062			脳裂傷	
A439			ノカルジア症	
R232			のぼせ	
B86			ノルウェー疥癬	
A081			ノロウイルス性胃腸炎	
A081			ノロウイルス性胃腸炎に伴う痙攣	
A081			ノロウイルス性腸炎	
A081			ノロウイルス脳症	
E740			ハース病	
E720			ハートナップ病	
E760			ハーラー症候群	
C884			肺ＭＡＬＴリンパ腫	
B441			肺アスペルギルス症	
B441			肺アスペルギローマ	
T047			背圧挫損傷	
E854			肺アミロイドーシス	
D022			肺異型腺腫様過形成	
T868			肺移植拒絶反応	
Z943			肺移植後	
Z528			肺移植ドナー	
T868			肺移植不全	
T178			肺異物	
L671			灰色毛	
B679			肺エキノコックス症	
J850			肺壊疽	
J189			肺炎	
P236			肺炎桿菌性先天性肺炎	
J150			肺炎桿菌肺炎	
J851			肺炎合併肺膿瘍	
A491			肺炎球菌感染症	
J028			肺炎球菌性咽頭炎	
M0019			肺炎球菌性関節炎	
J202			肺炎球菌性気管支炎	
I301			肺炎球菌性心膜炎	
G001			肺炎球菌性髄膜炎	
A403			肺炎球菌性敗血症	
K650			肺炎球菌性腹膜炎	
J13			肺炎球菌肺炎	
A162			肺炎結核	
D143			肺過誤腫	
R942			肺活量減少	
J852			肺化膿症	
C349			肺カルチノイド	
R942			肺換気不全	
R942			肺換気量減少	
B371			肺カンジダ症	
D432			胚芽異形成性神経上皮腫瘍	
C349			肺芽腫	
C349			肺癌	
Z122			肺癌検診	
C795			肺癌骨転移	
C349			肺癌肉腫	
C349			肺癌による閉塞性肺炎	
J439			肺気腫	
B89			肺寄生虫症	
R942			肺機能検査異常	
B664			肺吸虫症	
J981			肺虚脱	
M6098			背筋炎	
M7298			背筋筋膜炎	
T090			背筋挫傷	
Q336			肺形成不全症	
A162			肺結核	
A150			肺結核・鏡検確認あり	
A152			肺結核・組織学的確認あり	
A151			肺結核・培養のみ確認あり	
B909			肺結核後遺症	
A162			肺結核腫	
B909			肺結核術後	
I288			肺血管狭窄症	
I289			肺血管疾患	
D180			肺血管腫	
S254			肺血管損傷	
J984			肺結石	
I269			肺血栓塞栓症	
Q333			肺欠損症	
A419			敗血症	
J020			敗血症性咽頭炎	
J209			敗血症性気管支炎	
M8699			敗血症性骨髄炎	
A419			敗血症性ショック	
I330			敗血症性心内膜炎	
I301			敗血症性心膜炎	
L029			敗血症性膿瘍	
A419			敗血症性肺炎	
L080			敗血症性皮膚炎	
A419			敗血性壊疽	
D180			肺硬化性血管腫	
I270			肺高血圧症	
C966			肺好酸球性肉芽腫症	
I269			肺梗塞	
B382			肺コクシジオイデス症	
C809			胚細胞腫	
D860			肺サルコイドーシス	
S273			肺挫傷	
S2731			肺挫傷・胸腔に達する開放創合併あり	
S2730			肺挫傷・胸腔に達する開放創合併なし	
R048			肺出血	
D381			肺腫瘍	
R91			肺腫瘤	
R91			肺腫瘤陰影	
B49			肺真菌症	
S244			肺神経叢損傷	
B659			肺住血吸虫症	
C349			肺絨毛癌	
D022			肺上皮内癌	
Q264			肺静脈還流異常症	
I288			肺静脈狭窄症	
I269			肺静脈血栓症	
I269			肺静脈血栓塞栓症	
Q269			肺静脈先天異常	
S254			肺静脈損傷	
I270			肺静脈閉塞症	
I868			肺静脈瘤	
J81			肺水腫	
B420			肺スポロトリコーシス	
R060			肺性呼吸困難	
I279			肺性心	
I279			肺性心疾患	
M8949			肺性肥厚性骨関節症	
J953			肺切除後遺症	
Z902			肺切除術後	
J841			肺線維症	
C349			肺腺癌	
J980			肺穿孔	
D381			肺腺腫症	
J984			肺尖ヘルニア	
C349			肺腺扁平上皮癌	
C349			肺腺様のう胞癌	
G728			背側骨間筋麻痺	
Q056			背側脊椎破裂	
I269			肺塞栓症	
S273			肺損傷	
S2731			肺損傷・胸腔に達する開放創合併あり	
S2730			肺損傷・胸腔に達する開放創合併なし	
A221			肺炭疽	
C349			肺大細胞癌	
C349			肺大細胞神経内分泌癌	
A810			ハイデンハイン疾患	
B583			肺トキソプラズマ症	
S254			肺動静脈損傷	
I280			肺動静脈瘻	
Q257			肺動脈異常	
I281			肺動脈拡張	
Q257			肺動脈起始異常	
Q256			肺動脈狭窄症	
Q257			肺動脈形成不全症	
I269			肺動脈血栓症	
I269			肺動脈血栓塞栓症	
Q257			肺動脈欠損	
I270			肺動脈性肺高血圧症	
S254			肺動脈損傷	
I288			肺動脈破裂	
Q256			肺動脈分岐部狭窄症	
Q255			肺動脈閉鎖症	
Q243			肺動脈弁下狭窄症	
I372			肺動脈弁狭窄兼閉鎖不全症	
I370			肺動脈弁狭窄症	
Q223			肺動脈弁欠損	
I379			肺動脈弁疾患	
Q256			肺動脈弁上狭窄症	
Q223			肺動脈弁先天奇形	
Q220			肺動脈弁閉鎖	
I371			肺動脈弁閉鎖不全症	
I281			肺動脈瘤	
I280			肺動脈瘻	
M1109			ハイドロオキシアパタイト沈着症	
D143			肺軟骨腫	
C349			肺肉腫	
D143			肺乳頭腫	
R391			排尿困難	
R391			排尿障害	
R398			排尿時灼熱感	
R55			排尿性失神	
R309			排尿痛	
T271			肺熱傷	
C349			肺粘表皮癌	
Q335			肺の異所組織	
J984			肺のう胞	
J852			肺膿瘍	
A430			肺ノカルジア症	
Q339			肺の先天奇形	
Q331			肺の副葉	
S273			肺破裂	
S2731			肺破裂・胸腔に達する開放創合併あり	
S2730			肺破裂・胸腔に達する開放創合併なし	
A527			肺梅毒	
B410			肺パラコクシジオイデス症	
A310			肺非結核性抗酸菌症	
C435			背部悪性黒色腫	
C496			背部悪性線維性組織球腫	
C496			背部悪性軟部腫瘍	
C476			背部悪性末梢神経鞘腫	
M5495			背部圧迫感	
R91			肺部異常陰影	
C496			背部横紋筋肉腫	
C445			背部基底細胞癌	
M7918			背部筋肉痛	
M7958			背部筋肉内異物残留	
D171			背部血管脂肪腫	
D180			背部血管腫	
T090			背部擦過創	
T090			背部挫傷	
S212			背部刺創	
D171			背部脂肪腫	
C496			背部脂肪肉腫	
R222			背部腫脹	
D487			背部腫瘍	
R222			背部腫瘤	
M7928			背部神経痛	
L899			背部褥瘡	
D225			背部青色母斑	
D235			背部石灰化上皮腫	
L022			背部せつ	
T099			背部損傷	
Q825			背部単純性血管腫	
T211			背部第１度熱傷	
T212			背部第２度熱傷	
T213			背部第３度熱傷	
T090			背部打撲傷	
M5495			背部痛	
D171			背部軟性線維腫	
L984			背部難治性皮膚潰瘍	
D481			背部軟部腫瘍	
T210			背部熱傷	
T031			背部捻挫	
L022			背部膿瘍	
T090			背部皮下血腫	
D481			背部皮下腫瘍	
R222			背部皮下腫瘤	
L984			背部皮膚潰瘍	
C445			背部皮膚癌	
S212			背部皮膚欠損創	
D235			背部皮膚良性腫瘍	
C496			背部平滑筋肉腫	
D225			背部扁平母斑	
L033			背部蜂巣炎	
D045			背部ボーエン病	
D225			背部母斑	
D225			背部母斑細胞母斑	
C445			背部メルケル細胞癌	
C445			背部有棘細胞癌	
L022			背部よう	
B402			肺ブラストミセス症	
C445			背部隆起性皮膚線維肉腫	
D216			背部良性軟部腫瘍	
D181			背部リンパ管腫	
T983			背部リンパ管腫摘出後遺症	
Q332			肺分画症	
D143			肺平滑筋腫	
E831			肺ヘモジデリン沈着症	
J984			肺ヘルニア	
C349			肺扁平上皮癌	
K625			排便後出血	
R194			排便習慣の変化	
R198			排便障害	
A202			肺ペスト	
R048			肺胞出血	
C349			肺胞上皮癌	
J439			肺胞性肺気腫	
A420			肺放線菌症	
J840			肺胞蛋白症	
E662			肺胞低換気症候群	
J840			肺胞微石症	
C349			肺未分化癌	
B460			肺ムコール症	
I270			肺毛細血管腫症	
A162			肺門結核	
R91			肺門部異常陰影	
C340			肺門部小細胞癌	
C340			肺門部腺癌	
C340			肺門部大細胞癌	
C340			肺門部肺癌	
C340			肺門部非小細胞癌	
C340			肺門部扁平上皮癌	
A163			肺門リンパ節結核	
R590			肺門リンパ節腫脹	
C771			肺門リンパ節転移	
R91			肺野異常陰影	
R91			肺野円形陰影	
A212			肺野兎病	
Q333			肺葉欠損症	
M6259			廃用症候群	
H501			廃用性外斜視	
M6259			廃用性筋萎縮	
M8129			廃用性骨粗鬆症	
M802			廃用性骨粗鬆症・病的骨折あり	
H530			廃用性弱視	
H500			廃用性内斜視	
N923			排卵期出血	
N970			排卵障害	
N940			排卵痛	
L720			稗粒腫	
D143			肺良性腫瘍	
D381			肺類上皮血管内皮腫	
J984			肺瘻	
B879			はえ幼虫症	
L405			破壊性関節炎	
M4789			破壊性脊椎関節症	
F201			破瓜型統合失調症	
F620			破局体験後の持続的人格変化	
F410			破局発作状態	
F458			歯ぎしり	
T888			歯ぎしり用口腔内装置破損	
T888			歯ぎしり用口腔内装置不適合	
R030			白衣高血圧	
B362			白砂毛	
G934			白質消失病	
E752			白質ジストロフィー	
G934			白質脳症	
Q386			白色海綿様母斑	
K132			白色水腫	
L900			白色苔癬	
L305			白色粃糠疹	
L950			白色皮膚萎縮	
L010			白色ぶどう状球菌性膿痂疹	
A080			白色便性下痢症	
D648			白赤芽球症	
B359			白癬	
B358			白癬菌性肉芽腫	
B350			白癬性毛瘡	
H355			白点状眼底	
H355			白点状網膜炎	
H052			拍動性眼球突出症	
H269			白内障	
Z988			白内障術後	
H598			白内障術後炎症	
H598			白内障術後結膜炎	
H598			白内障術後虹彩炎	
L80			白斑	
L671			白毛	
M2336			剥離外側半月	
T1420			剥離骨折	
J841			剥離性間質性肺炎	
K141			剥離性限局性舌炎	
K130			剥離性口唇炎	
K051			剥離性歯肉炎	
K20			剥離性食道炎	
K141			剥離性舌炎	
L26			剥離性皮膚炎	
M2333			剥離内側半月	
M2339			剥離半月	
Q841			白輪毛	
M926			ハグランド病	
R262			跛行	
E063			ハシトキシコーシス	
E063			橋本脳症	
E063			橋本病	
P008			橋本病母体より出生した児	
B447			播種性アスペルギルス症	
B457			播種性クリプトコッカス症	
A199			播種性結核	
D65			播種性血管内凝固	
B387			播種性コクシジオイデス症	
B427			播種性スポロトリコーシス	
B417			播種性パラコクシジオイデス症	
B787			播種性糞線虫症	
B407			播種性ブラストミセス症	
B464			播種性ムコール症	
A35			破傷風	
O429			破水	
L749			発汗障害	
D729			白血球機能障害	
D70			白血球減少症	
D71			白血球接着不全症	
D728			白血球増加症	
R72			白血球の異常	
D720			白血球の遺伝性異常	
C959			白血病	
C959			白血病性関節症	
H350			白血病性網膜症	
R98			発見死体	
K529			発酵性下痢	
H184			ハッサル・ヘンレ疣	
R490			発声異常	
R490			発声困難	
R490			発声障害	
F89			発達障害	
R628			発達性異常	
F82			発達性協同障害	
F812			発達性計算障害	
F800			発達性構音障害	
F88			発達性失認	
F810			発達性読字障害	
F818			発達性表出性書字障害	
F82			発達性律動障害	
R620			発達遅滞	
Q150			発達緑内障	
A505			ハッチンソン三主徴	
A505			ハッチンソン歯	
R629			発育異常	
Q658			発育性股関節形成不全	
R628			発育増加異常	
R629			発育遅延	
R628			発育不全	
R490			発音障害	
T888			発音補助装置破損	
T888			発音補助装置不適合	
T888			発音補整装置破損	
T888			発音補整装置不適合	
R471			発語障害	
F070			発動性障害	
R509			発熱	
D70			発熱性好中球減少症	
R21			発熱発疹	
Q677			鳩胸	
H180			ハドソン・ステーリ線	
J340			鼻入口部膿瘍	
J340			鼻壊死	
J340			鼻壊疽	
J340			鼻潰瘍	
B001			鼻下部ヘルペス	
S099			鼻外傷	
M951			花キャベツ状耳	
H680			鼻耳管炎	
S099			鼻損傷	
J339			鼻茸	
R040			鼻血	
B461			鼻脳ムコール症	
Q309			鼻の先天奇形	
L309			鼻背部湿疹	
S0271			鼻副鼻腔開放骨折	
S0270			鼻副鼻腔骨折	
D385			鼻副鼻腔腫瘍	
J340			鼻蜂巣炎	
F988			鼻ほじり	
Q302			鼻裂症	
S032			歯の亜脱臼	
Z948			歯の移植術後	
K028			歯の鋭縁	
K004			歯の形成異常	
K008			歯の形成期の変色	
K081			歯の欠損	
K006			歯の交換期障害	
T818			歯の口底迷入	
K035			歯の骨性癒着	
K036			歯の色素沈着	
T818			歯の上顎洞迷入	
K073			歯の対称捻転	
S032			歯の脱臼	
K081			歯の脱落	
K089			歯の動揺	
K006			歯の難生	
K009			歯の白色斑	
K038			歯の破折	
K004			歯の発育不全	
K003			歯のフッ素症	
K006			歯の埋伏症	
T818			歯の迷入	
R278			羽ばたき振戦	
T630			ハブ咬傷	
S763			ハムストリング肉離れ	
F986			早口言語症	
Q870			ハラーマン・ストライフ症候群	
Z209			針刺し事故	
T1420			破裂骨折	
I715			破裂性胸腹部大動脈瘤	
I711			破裂性胸部大動脈瘤	
I724			破裂性大腿動脈瘤	
I605			破裂性椎骨動脈解離によるくも膜下出血	
I600			破裂性内頚動脈解離によるくも膜下出血	
I713			破裂性腹部大動脈瘤	
H183			破裂デスメ膜	
T601			ハロゲン系殺虫剤の毒作用	
Q560			半陰陽	
G522			反回神経麻痺	
E230			汎下垂体機能低下症	
S065			半球間硬膜下血腫	
S0651			半球間硬膜下血腫・頭蓋内に達する開放創合併あり	
S0650			半球間硬膜下血腫・頭蓋内に達する開放創合併なし	
S1210			ハングマン骨折	
D619			汎血球減少症	
N057			半月体形成性糸球体腎炎	
M2309			半月のう腫	
M2399			半月板障害	
S832			半月板損傷	
S832			半月板断裂	
S832			半月板バケツ柄状断裂	
M2339			半月板変性	
M2333			半月板ロッキング	
F913			反抗挑戦性障害	
L905			瘢痕	
L905			瘢痕拘縮	
R401			半昏睡	
H021			瘢痕性眼瞼外反症	
H020			瘢痕性眼瞼内反症	
L664			瘢痕性紅斑性網様毛包炎	
K624			瘢痕性肛門狭窄	
L669			瘢痕性脱毛症	
B940			瘢痕性トラコーマ	
L121			瘢痕性類天疱瘡	
Q738			半肢症	
R292			反射欠如	
R292			反射減退	
R292			反射亢進	
R258			反射性痙攣	
M8900			反射性交感神経性ジストロフィー	
N311			反射性神経因性膀胱	
H920			反射性耳痛	
H570			反射性瞳孔強直	
N394			反射性尿失禁	
R34			反射性無尿	
J431			汎小葉性肺気腫	
R208			半身しびれ	
T291			半身第１度熱傷	
T292			半身第２度熱傷	
T293			半身第３度熱傷	
T009			半身打撲	
R208			半身知覚障害	
E854			斑状アミロイドーシス	
H185			斑状角膜変性	
R21			斑状丘疹性皮疹	
L940			斑状強皮症	
K003			斑状歯	
R233			斑状出血	
R21			斑状皮疹	
L909			斑状皮膚萎縮症	
H355			斑状網膜	
L418			斑状類乾癬	
G908			汎自律神経失調症	
R11			反芻	
A309			ハンセン病	
A309			ハンセン病性関節炎	
A309			ハンセン病性筋炎	
A309			ハンセン病ニューロパチー	
R200			半側温覚消失	
R481			半側空間失認	
R251			半側振戦	
D510			ハンター舌炎	
K072			反対咬合	
M2186			反張膝	
G10			ハンチントン病	
G10			ハンチントン病の認知症	
Q764			半椎症	
H350			斑点状網膜症	
B022			ハント症候群	
C965			ハンド・シューラー・クリスチャン病	
F329			反応性うつ病	
M0299			反応性関節障害	
F308			反応性興奮	
F448			反応性錯乱	
F239			反応性精神病	
L871			反応性穿孔性膠原線維症	
R464			反応性低下	
G408			反応性てんかん	
R21			反応性発疹症	
K296			反応性リンパ組織増生症	
K650			汎発性化膿性腹膜炎	
B358			汎発性頑癬	
B027			汎発性帯状疱疹	
L631			汎発性脱毛症	
L401			汎発性膿疱性乾癬	
B358			汎発性白癬	
B372			汎発性皮膚カンジダ症	
B369			汎発性皮膚真菌症	
L298			汎発性皮膚そう痒症	
B007			汎発性ヘルペス	
J324			汎副鼻腔炎	
H441			汎ぶどう膜炎	
F420			反復思考	
F339			反復心因性うつ病	
F339			反復性うつ病	
R11			反復性嘔吐	
H160			反復性角膜潰瘍	
M2441			反復性肩関節前方脱臼	
M2441			反復性肩関節脱臼	
F381			反復性気分障害	
R074			反復性胸痛	
G442			反復性緊張型頭痛	
G440			反復性群発頭痛	
N029			反復性血尿	
H200			反復性虹彩炎	
H200			反復性虹彩毛様体炎	
M2445			反復性股関節脱臼	
R103			反復性臍仙痛	
M221			反復性膝蓋骨亜脱臼	
M220			反復性膝蓋骨脱臼	
F333			反復性心因性抑うつ精神病	
K112			反復性耳下腺炎	
F333			反復性精神病性うつ病	
H200			反復性前部ぶどう膜炎	
H200			反復性前房蓄膿	
F318			反復性躁病エピソード	
G629			反復性多発性神経炎	
F381			反復性短期うつ病エピソード	
M2449			反復性脱臼	
M2442			反復性肘関節脱臼	
H939			反復性聴力障害	
N390			反復性尿路感染症	
D848			反復性皮膚疾患	
R104			反復性腹痛	
G440			反復性発作性片側頭痛	
N309			反復性膀胱炎	
H200			反復性毛様体炎	
O820			反復帝王切開	
M204			ハンマートウ	
K011			半埋伏歯	
K011			半埋伏智歯	
Q000			半無脳症	
H534			半盲	
C918			バーキット白血病	
C837			バーキットリンパ腫	
I731			バージャー病	
E268			バーター症候群	
Q878			バート・ホッグ・デュベ症候群	
S5250			バートン骨折	
E835			バーネット症候群	
T888			バー破損	
M921			バーンズ病	
A539			梅毒	
P002			梅毒感染母体より出生した児	
R762			梅毒血清反応偽陽性	
A530			梅毒血清反応陽性	
A527			梅毒腫	
A505			梅毒性鞍鼻	
A503			梅毒性角結膜炎	
A503			梅毒性角膜炎	
A527			梅毒性滑液包炎	
A513			梅毒性乾癬	
A527			梅毒性気管炎	
A527			梅毒性筋炎	
A521			梅毒性痙性脊髄麻痺	
A527			梅毒性喉頭気管炎	
A527			梅毒性呼吸器障害	
A527			梅毒性ゴム腫	
A521			梅毒性視神経萎縮	
A520			梅毒性心筋炎	
A520			梅毒性心内膜炎	
A520			梅毒性心弁膜炎	
A520			梅毒性心膜炎	
A521			梅毒性髄膜炎	
A520			梅毒性脊髄性動脈炎	
A527			梅毒性脊椎炎	
A513			梅毒性舌潰瘍	
A520			梅毒性大動脈炎	
A520			梅毒性大動脈弁閉鎖不全症	
A520			梅毒性大動脈瘤	
A513			梅毒性脱毛症	
A521			梅毒性聴神経炎	
A520			梅毒性動脈炎	
A520			梅毒性動脈内膜炎	
A513			梅毒性粘膜疹	
A520			梅毒性脳動脈炎	
A520			梅毒性肺動脈弁逆流症	
A513			梅毒性白斑	
A513			梅毒性ばら疹	
A521			梅毒性パーキンソン症候群	
A527			梅毒性腹膜炎	
A527			梅毒性網脈絡膜炎	
R762			梅毒反応生物学的偽陽性	
J674			麦芽製造業者肺	
X75			爆死自殺	
T149			爆死自殺未遂	
K318			瀑状胃	
A498			バクテロイデス感染症	
T708			爆発損傷症候群	
H000			麦粒腫	
T482			バクロフェン中毒	
E050			バセドウ病	
E050			バセドウ病眼症	
E050			バセドウ病術後再発	
P008			バセドウ病母体児	
R683			ばち爪	
R683			ばち指	
T818			抜歯窩治癒不全	
T814			抜歯後感染	
K103			抜歯後歯槽骨炎	
T810			抜歯後出血	
T888			抜歯後疼痛	
T814			抜歯創瘻孔形成	
Z470			抜釘	
I820			バッド・キアリ症候群	
F633			抜毛癖	
Q631			馬蹄腎	
E616			バナジウム欠乏症	
Q858			バナヤン・ライリー・ルバルカバ症候群	
M201			バニオン	
R829			馬尿酸尿症	
M2389			ばね膝	
M6534			ばね指	
G834			馬尾症候群	
D434			馬尾神経腫瘍	
G544			馬尾神経障害	
D334			馬尾神経鞘腫	
C721			馬尾上衣腫	
G951			馬尾性間欠性跛行	
S343			馬尾損傷	
B600			バベシア症	
B09			ばら疹	
A070			バランチジウム症	
G255			バリズム	
H476			バリント症候群	
N150			バルカン腎症	
Q254			バルサルバ洞動脈瘤	
A449			バルトネラ症	
N758			バルトリン腺炎	
D280			バルトリン腺腫	
N750			バルトリン腺のう胞	
N751			バルトリン腺膿瘍	
F132			バルビタール酸依存	
T423			バルビツレート中毒	
T426			バルプロ酸中毒	
M530			バレー・リュー症候群	
K221			バレット潰瘍	
K227			バレット食道	
C155			バレット食道癌	
G375			バロー病	
A504			晩期先天神経梅毒	
A505			晩期先天性心血管梅毒	
A507			晩期先天梅毒	
A503			晩期先天梅毒性間質性角膜炎	
A505			晩期先天梅毒性関節障害	
A503			晩期先天梅毒性眼障害	
A505			晩期先天梅毒性骨軟骨障害	
A504			晩期先天梅毒性髄膜炎	
A504			晩期先天梅毒性多発ニューロパチー	
A504			晩期先天梅毒性脳炎	
A529			晩期梅毒	
A527			晩期梅毒性滑液包炎	
A521			晩期梅毒性球後視神経炎	
A521			晩期梅毒性視神経萎縮	
A527			晩期梅毒性上強膜炎	
A527			晩期梅毒性女性骨盤炎症性疾患	
A521			晩期梅毒性髄膜炎	
A521			晩期梅毒性多発ニューロパチー	
A521			晩期梅毒性聴神経炎	
A527			晩期梅毒性白斑	
A521			晩期梅毒脊髄炎	
A521			晩期梅毒脳炎	
A521			晩期梅毒脳脊髄炎	
B740			バンクロフト糸状虫症	
A231			バング熱	
A491			バンコマイシン耐性腸球菌感染症	
R234			板状硬結	
J981			板状無気肺	
D640			伴性低色素性鉄芽球性貧血	
Q789			バンデルヘーベ症候群	
T888			バンドループ脱離	
T888			バンドループ破損	
T888			バンドループ不適合	
T855			バンパー埋没症候群	
E801			晩発性皮膚ポルフィリン症	
E288			晩発閉経	
G20			パーキンソン症候群	
G20			パーキンソン病	
G20			パーキンソン病Ｙａｈｒ１	
G20			パーキンソン病Ｙａｈｒ２	
G20			パーキンソン病Ｙａｈｒ３	
G20			パーキンソン病Ｙａｈｒ４	
G20			パーキンソン病Ｙａｈｒ５	
G20			パーキンソン病の認知症	
F609			パーソナリティ障害	
E880			パイログロブリン血症	
A280			パスツレラ症	
F410			パニック障害	
F410			パニック発作	
R896			パパニコロウ試験陽性	
T443			パパベリン中毒	
Q828			パピヨン・ルフェブル症候群	
B344			パポーバウイルス感染症	
T426			パラアルデヒド中毒	
B348			パラインフルエンザウイルス感染症	
J204			パラインフルエンザウイルス気管支炎	
J122			パラインフルエンザウイルス肺炎	
D682			パラ血友病	
T603			パラコート中毒	
J684			パラコート肺	
B419			パラコクシジオイデス症	
T888			パラタルバー脱離	
T888			パラタルバー破損	
T888			パラタルバー不適合	
A014			パラチフス	
A011			パラチフスＡ	
A012			パラチフスＢ	
A013			パラチフスＣ	
A014			パラチフス熱関節炎	
F220			パラノイア	
T520			パラフィン油中毒	
T520			パラフィンワックス中毒	
D892			パラプロテイン血症	
G711			パラミオトニア	
A669			パランジ	
Q998			パリスター・キリアン症候群	
H108			パリノー結膜炎	
H108			パリノー結膜腺症候群	
H498			パリノー症候群	
B343			パルボウイルス感染症	
C341			パンコースト症候群	
G230			パントテン酸キナーゼ関連神経変性症	
E538			パントテン酸欠乏症	
M920			パンナー病	
C830			脾Ｂ細胞性リンパ腫／白血病・分類不能型	
I219			非Ｑ波心筋梗塞	
I219			非ＳＴ上昇型心筋梗塞	
C859			脾悪性リンパ腫	
J451			非アトピー性喘息	
F448			非アルコール性亜急性錯乱状態	
F060			非アルコール性器質性幻覚状態	
F058			非アルコール性急性錯乱状態	
F04			非アルコール性コルサコフ症候群	
F04			非アルコール性コルサコフ精神病	
K758			非アルコール性脂肪性肝炎	
O059			非医学的人工妊娠中絶	
D730			脾萎縮	
Z948			被移植歯	
T97			非医薬品毒作用後遺症	
R688			冷え症	
N411			非炎症性慢性骨盤内疼痛症候群	
T140			皮下異物	
T797			皮下気腫	
L858			皮角	
D369			被角血管腫	
I610			被殻出血	
O331			比較的狭骨盤	
T140			皮下血腫	
R229			皮下結節	
R234			皮下硬結	
E669			皮下脂肪型肥満	
C863			皮下脂肪織炎様Ｔ細胞リンパ腫	
R233			皮下出血	
P580			皮下出血による新生児黄疸	
D481			皮下腫瘍	
R229			皮下腫瘤	
D361			皮下神経腫	
Q361			皮下唇裂	
T145			皮下静脈損傷	
T140			皮下損傷	
D801			非家族性低ガンマグロブリン血症	
H659			非化膿性中耳炎	
B432			皮下フェオミコーシス性のう胞	
B432			皮下フェオミコーシス性膿瘍	
B679			皮下包虫症	
L562			光接触皮膚炎	
K529			非感染性Ｓ状結腸炎	
K529			非感染性胃腸炎	
K529			非感染性回腸炎	
H605			非感染性急性外耳炎	
K529			非感染性空腸炎	
K529			非感染性下痢	
K529			非感染性大腸炎	
K529			非感染性腸炎	
K440			非還納性横隔膜ヘルニア	
K420			非還納性臍ヘルニア	
K403			非還納性鼡径ヘルニア	
K413			非還納性大腿ヘルニア	
K430			非還納性腹壁瘢痕ヘルニア	
K436			非還納性腹壁ヘルニア	
K433			非還納性傍ストーマヘルニア	
M2531			非外傷性肩関節不安定症	
M4342			非外傷性環軸関節亜脱臼	
I620			非外傷性急性硬膜下血腫	
I621			非外傷性急性硬膜外血腫	
M6659			非外傷性腱断裂	
M6229			非外傷性コンパートメント症候群	
M6213			非外傷性尺側手根屈筋断裂	
K631			非外傷性腸穿孔	
G939			非外傷性低脳圧症	
I629			非外傷性頭蓋内出血	
Q742			非外傷性腓骨筋腱脱臼	
D735			非外傷性脾臓破裂	
F220			被害妄想	
F980			非器質性遺尿症	
F981			非器質性遺糞症	
F511			非器質性過眠症	
F512			非器質性睡眠・覚醒スケジュール障害	
F519			非器質性睡眠障害	
F29			非器質性精神病	
F510			非器質性不眠症	
J448			非気腫型慢性閉塞性肺疾患	
R568			ひきつけ	
R948			脾機能検査異常	
D731			脾機能亢進症	
D352			非機能性下垂体腺腫	
D377			非機能性膵神経内分泌腫瘍	
D441			非機能性副腎腫瘍	
D730			脾機能低下症	
T741			被虐待児症候群	
T741			被虐待配偶者症候群	
D356			非クローム親和性傍神経節細胞腫	
A319			非結核性抗酸菌症	
A318			非結核性抗酸菌性滑膜炎	
A318			非結核性抗酸菌性胸膜炎	
A318			非結核性抗酸菌性腱鞘炎	
A318			非結核性抗酸菌性股関節炎	
A318			非結核性抗酸菌性骨髄炎	
A318			非結核性抗酸菌性脊椎炎	
A318			非結核性抗酸菌性足関節炎	
A311			非結核性抗酸菌性皮膚潰瘍	
A318			非結核性抗酸菌性リンパ節炎	
D180			脾血管腫	
E725			非ケトン性高グリシン血症	
B350			ひげ白癬	
L210			粃糠疹	
G039			肥厚性硬膜炎	
L658			粃糠性脱毛症	
L910			肥厚性瘢痕	
M8949			肥厚性皮膚骨膜症	
J310			肥厚性鼻炎	
L430			肥厚性扁平苔癬	
Q400			肥厚性幽門狭窄症	
D735			脾梗塞	
G911			非交通性水頭症	
Q514			非交通性副角子宮	
E872			非呼吸性アシドーシス	
E873			非呼吸性アルカローシス	
S141			非骨傷性頚髄損傷	
S8241			腓骨頭開放骨折	
S8241			腓骨頭開放性粉砕骨折	
S8240			腓骨頭骨折	
S8240			腓骨頭粉砕骨折	
C402			腓骨悪性腫瘍	
S8260			腓骨遠位骨端線損傷	
S8241			腓骨遠位端開放骨折	
S8240			腓骨遠位端骨折	
S8240			腓骨遠位端剥離骨折	
C402			腓骨遠位部悪性骨腫瘍	
D480			腓骨遠位部骨腫瘍	
D162			腓骨遠位部良性骨腫瘍	
S8241			腓骨開放骨折	
S8241			腓骨開放性粉砕骨折	
D169			非骨化性線維腫	
S8240			腓骨亀裂骨折	
S8240			腓骨近位骨端線損傷	
S8241			腓骨近位端開放骨折	
S8240			腓骨近位端骨折	
C402			腓骨近位部悪性骨腫瘍	
D480			腓骨近位部骨腫瘍	
D162			腓骨近位部良性骨腫瘍	
S930			腓骨筋腱脱臼	
Z895			腓骨欠損	
M7676			腓骨腱炎	
C402			腓骨骨幹部悪性骨腫瘍	
S8241			腓骨骨幹部開放骨折	
S8240			腓骨骨幹部骨折	
D480			腓骨骨幹部骨腫瘍	
D162			腓骨骨幹部良性骨腫瘍	
S8240			腓骨骨折	
S898			腓骨骨挫傷	
M8696			腓骨骨髄炎	
C402			腓骨骨肉腫	
D480			腓骨腫瘍	
S841			腓骨神経損傷	
G573			腓骨神経不全麻痺	
G573			腓骨神経麻痺	
S852			腓骨動脈損傷	
D162			腓骨内軟骨腫	
C402			腓骨軟骨肉腫	
P133			腓骨の分娩損傷	
S8240			腓骨剥離骨折	
M8436			腓骨疲労骨折	
D162			腓骨良性腫瘍	
O059			非合法的妊娠中絶	
S810			膝汚染創	
M1226			膝色素性絨毛結節性滑膜炎	
M2389			膝靱帯弛緩	
S836			膝靱帯損傷	
S898			膝損傷	
Q741			膝の先天奇形	
M674			膝半月板ガングリオン	
M2339			膝半月板石灰化症	
S810			膝皮膚欠損創	
M932			膝離断骨軟骨炎	
L853			皮脂欠乏症	
L853			皮脂欠乏性湿疹	
D485			皮脂腺腫瘍	
R470			皮質運動性失語症	
R470			皮質下運動性失語症	
R470			皮質下感覚性失語症	
Q043			皮質下帯状異所性灰白質	
F012			皮質下認知症	
S068			皮質下脳損傷	
S0681			皮質下脳損傷・頭蓋内に達する開放創合併あり	
S0680			皮質下脳損傷・頭蓋内に達する開放創合併なし	
E752			皮質下のう胞をもつ大頭型白質脳症	
S040			皮質視覚野損傷	
I635			皮質枝梗塞	
I676			皮質静脈血栓症	
H250			皮質性加齢性白内障	
R482			皮質性失行症	
G112			皮質性小脳萎縮症	
F011			皮質認知症	
I611			皮質脳内出血	
H476			皮質盲	
H905			皮質聾	
L721			皮脂のう胞	
C261			脾脂肪肉腫	
F911			非社会化型素行障害	
F602			非社会性パーソナリティ障害	
R161			脾腫	
D738			脾周囲炎	
D377			脾腫瘍	
Q750			非症候性頭蓋骨縫合早期癒合症	
C349			非小細胞肺癌	
N328			非神経因性過活動膀胱	
T144			皮神経挫傷	
J81			非心原性肺水腫	
D050			非浸潤性小葉癌	
D051			非浸潤性乳管癌	
D059			非浸潤性乳癌	
I781			非新生物性母斑	
O010			非侵入全奇胎	
O011			非侵入部分奇胎	
S570			肘圧挫傷	
S581			肘下部外傷性切断	
D594			非自己免疫性溶血性貧血	
S570			肘挫滅傷	
S570			肘挫滅創	
M7782			肘周囲炎	
S481			肘上部外傷性切断	
G711			非ジストロフィー性ミオトニー症候群	
S599			肘損傷	
I472			非持続性心室頻拍	
O362			非重症胎児水腫のための母体管理	
S353			脾静脈損傷	
I868			脾静脈瘤	
R590			肘リンパ節腫脹	
E720			非腎性シスチン症	
L510			非水疱性多形紅斑	
T611			ヒスタミン様症候群	
E708			ヒスチジン血症	
E708			ヒスチジン尿症	
F458			ヒステリー球	
F444			ヒステリー性運動失調症	
F444			ヒステリー性失声症	
M4189			ヒステリー性側弯症	
F445			ヒステリー性てんかん	
F604			ヒステリー性パーソナリティ障害	
F449			ヒステリー反応	
B399			ヒストプラスマ腫	
B399			ヒストプラスマ症	
R829			ヒストン尿症	
D70			脾性好中球減少症	
F072			非精神病性外傷後脳症候群	
D648			脾性貧血	
N341			非性病性尿道炎	
D738			脾線維症	
S051			非穿孔性眼球外傷	
S2680			非穿通性心臓外傷	
S099			非穿通性頭部外傷	
Q723			腓側列欠損	
T570			ひ素色素沈着	
T570			砒素中毒	
S360			脾損傷	
S3601			脾損傷・腹腔に達する開放創合併あり	
S3600			脾損傷・腹腔に達する開放創合併なし	
D738			脾臓炎	
Q668			非対称性弯曲足	
F432			悲嘆反応	
I422			肥大型心筋症	
B665			肥大吸虫症	
K703			非代償性アルコール性肝硬変	
K746			非代償性肝硬変	
J312			肥大性咽頭炎	
J370			肥大性喉頭炎	
J371			肥大性喉頭気管炎	
K051			肥大性歯肉炎	
J350			肥大性扁桃炎	
Q245			左冠動脈肺動脈起始症	
Q245			左冠動脈右バルサルバ洞起始症	
Q261			左上大静脈遺残	
Q257			左肺動脈形成不全症	
Q257			左肺動脈欠損	
Q257			左肺動脈上行大動脈起始症	
Q257			左肺動脈右肺動脈起始症	
E049			非中毒性甲状腺腫	
E042			非中毒性多結節性甲状腺腫	
E041			非中毒性単結節性甲状腺腫	
E040			非中毒性びまん性甲状腺腫	
E630			必須脂肪酸欠乏症	
Q858			ヒッペル病	
F328			非定型うつ病	
G501			非定型顔面痛	
C719			非定型奇形腫様／ラブドイド腫瘍	
M6259			非定型筋萎縮症	
K088			非定型歯痛	
F841			非定型小児精神病	
F503			非定型神経性大食症	
F501			非定型神経性無食欲症	
F841			非定型自閉症	
H570			非定型性アーガイル・ロバートソン症候群	
F99			非定型精神障害	
F28			非定型精神病	
C929			非定型的白血病	
J189			非定型肺炎	
B059			非定型麻疹	
C922			非定型慢性骨髄性白血病	
D593			非典型溶血性尿毒症症候群	
T858			ヒトアジュバント病	
E15			非糖尿病性低血糖性昏睡	
M8699			非特異骨髄炎	
J841			非特異性間質性肺炎	
M1399			非特異性関節炎	
N762			非特異性外陰炎	
I454			非特異性心室内ブロック	
L299			非特異性そう痒症	
K633			非特異性多発性小腸潰瘍	
K633			非特異性多発性小腸潰瘍症	
I880			非特異性腸間膜リンパ節炎	
K638			非特異性直腸Ｓ状結腸炎	
K626			非特異性直腸潰瘍	
R761			非特異性ツベルクリン反応	
R031			非特異性低血圧症	
N341			非特異性尿道炎	
M6589			非特異性慢性滑膜炎	
I889			非特異性リンパ節炎	
R948			非特異的ＳＴ−Ｔ変化	
R030			非特異的血圧上昇	
K752			非特異的反応性肝炎	
T636			ヒトデ毒	
B07			ヒトパピローマウイルス感染症	
P002			ヒトパピローマウイルス感染母体より出生した児	
P002			ヒトパルボウイルスＢ１９感染母体より出生した児	
B348			ヒトパレコウイルス感染症	
B348			ヒトメタニューモウイルス感染症	
J208			ヒトメタニューモウイルス気管支炎	
J211			ヒトメタニューモウイルス細気管支炎	
J123			ヒトメタニューモウイルス肺炎	
I728			脾動脈解離	
S352			脾動脈損傷	
I728			脾動脈瘤	
E723			ヒドロオキシリジン血症	
E725			ヒドロキシプロリン血症	
A181			泌尿器結核	
Q649			泌尿生殖器奇形	
Z300			避妊指導	
Z300			避妊相談	
T140			非熱傷性水疱	
D735			脾捻転	
C261			脾の悪性腫瘍	
N430			被のう精巣水瘤	
T808			被のう性腹膜硬化症	
D734			脾のう胞	
D733			脾膿瘍	
J301			ヒノキ花粉症	
Q890			脾の先天奇形	
P151			脾の分娩損傷	
A482			非肺炎性レジオネラ症	
F430			疲憊せん妄	
L659			非瘢痕性脱毛症	
L950			皮斑様血管炎	
H570			非梅毒性アーガイル・ロバートソン症候群	
C830			脾びまん性赤脾髄小Ｂ細胞性リンパ腫	
K219			非びらん性胃食道逆流症	
C848			皮膚Ｔ細胞リンパ腫	
C449			皮膚悪性腫瘍	
C449			皮膚悪性線維性組織球腫	
E854			皮膚アミロイドーシス	
A067			皮膚アメーバ症	
L909			皮膚萎縮症	
T868			皮膚移植拒絶反応	
Z945			皮膚移植後	
Z521			皮膚移植ドナー	
T868			皮膚移植不全	
Q829			皮膚異常	
L923			皮膚異物肉芽腫	
R02			皮膚壊死	
R02			皮膚壊疽	
L932			皮膚エリテマトーデス	
L309			皮膚炎	
L984			皮膚潰瘍	
L239			皮膚過敏症	
R202			皮膚感覚異常	
B372			皮膚カンジダ症	
L089			皮膚感染症	
C449			皮膚癌	
F060			皮膚寄生虫妄想	
C438			皮膚境界部悪性黒色腫	
M339			皮膚筋炎	
M331			皮膚筋炎性間質性肺炎	
M331			皮膚筋炎性呼吸器障害	
P008			皮膚筋炎母体より出生した児	
K076			非復位性顎関節円板障害	
S861			腓腹筋挫傷	
S818			腓腹筋挫創	
S861			腓腹筋損傷	
M7916			腓腹筋痛	
S861			腓腹筋肉離れ	
S861			腓腹筋不全断裂	
M7966			腓腹部痛	
B452			皮膚クリプトコッカス症	
Q829			皮膚形成異常	
A184			皮膚結核	
R229			皮膚結節	
M308			皮膚結節性多発動脈炎	
T141			皮膚欠損創	
A201			皮膚結合織ペスト	
R229			皮膚限局腫脹	
H268			皮膚原性白内障	
C866			皮膚原発性ＣＤ３０陽性Ｔ細胞リンパ増殖性疾患	
C848			皮膚原発性γδＴ細胞リンパ腫	
C866			皮膚原発性未分化大細胞リンパ腫	
C833			皮膚原発びまん性大細胞型Ｂ細胞リンパ腫・下肢型	
R234			皮膚硬結	
B383			皮膚コクシジオイデス症	
D863			皮膚サルコイドーシス	
Q828			皮膚弛緩症	
L816			皮膚色素欠乏症	
L819			皮膚色素沈着	
B359			皮膚糸状菌症	
C449			皮膚脂肪肉腫	
D485			皮膚腫瘍	
R229			皮膚腫瘤	
Q828			皮膚掌紋異常	
L819			皮膚色異常	
B369			皮膚真菌症	
A363			皮膚ジフテリア	
D049			皮膚上皮内癌	
L942			皮膚石灰沈着症	
D239			皮膚線維腫	
C449			皮膚線維肉腫	
A184			皮膚腺病	
L299			皮膚そう痒症	
T140			皮膚損傷	
A199			皮膚粟粒結核	
A220			皮膚炭疽	
R203			皮膚知覚過敏	
R208			皮膚知覚障害	
K003			非フッ素化合物性エナメル斑	
R529			皮膚疼痛症	
Q059			皮膚洞	
M308			皮膚動脈炎	
L929			皮膚肉芽腫	
D239			皮膚乳頭腫	
B552			皮膚粘膜リーシュマニア症	
L029			皮膚膿瘍	
A431			皮膚ノカルジア症	
L959			皮膚の血管炎	
L919			皮膚の肥厚性障害	
B870			皮膚はえ幼虫症	
T141			皮膚剥脱創	
C792			皮膚白血病	
A311			皮膚非結核性抗酸菌症	
L503			皮膚描記性じんま疹	
L984			皮膚びらん	
C449			皮膚付属器癌	
D485			皮膚付属器腫瘍	
A662			皮膚フランベジア	
B781			皮膚糞線虫症	
B403			皮膚ブラストミセス症	
D239			皮膚平滑筋腫	
A428			皮膚放線菌症	
B463			皮膚ムコール症	
A184			皮膚疣状結核	
B769			皮膚幼線虫移行症	
R234			皮膚落屑	
B551			皮膚リーシュマニア症	
A320			皮膚リステリア症	
D239			皮膚良性腫瘍	
D360			皮膚良性リンパ腺腫症	
A260			皮膚類丹毒	
L988			皮膚瘻	
H438			飛蚊症	
C900			非分泌型骨髄腫	
H800			非閉塞性耳硬化症	
K550			非閉塞性腸間膜虚血	
I422			非閉塞性肥大型心筋症	
N118			非閉塞性慢性腎盂腎炎	
C830			脾辺縁帯リンパ腫	
I489			非弁膜症性心房細動	
I480			非弁膜症性発作性心房細動	
D150			被包型胸腺腫	
C859			非ホジキンリンパ腫	
F192			非麻薬性鎮痛剤依存症	
D470			肥満細胞腫症	
Q822			肥満細胞症	
C943			肥満細胞性白血病	
E669			肥満症	
E662			肥満低換気症候群	
P832			非免疫性胎児水腫	
C772			脾門部リンパ節転移	
A379			百日咳	
L559			日焼け	
R470			表現的失語症	
H161			表在性角膜炎	
I809			表在性静脈炎	
K140			表在性舌炎	
T339			表在性凍傷	
B359			表在性白癬症	
D485			表在性皮膚脂肪腫性母斑	
Q803			表在性表皮融解性魚鱗癬	
T959			表在損傷後遺症	
F801			表出性言語障害	
R620			標準発達遅延	
L030			ひょう疽	
K293			表層性胃炎	
D239			表皮のう腫	
L720			表皮のう胞	
T140			表皮剥離	
Q825			表皮母斑	
Q803			表皮融解性魚鱗癬	
A499			日和見感染	
B487			日和見真菌症	
I362			非リウマチ性三尖弁狭窄兼閉鎖不全症	
I360			非リウマチ性三尖弁狭窄症	
I369			非リウマチ性三尖弁障害	
I361			非リウマチ性三尖弁閉鎖不全症	
I342			非リウマチ性僧帽弁狭窄症	
I359			非リウマチ性大動脈弁障害	
R470			非流暢性失語	
N341			非淋菌性尿道炎	
B883			蛭寄生症	
Q431			ヒルシュスプルング病	
Q432			ヒルシュスプルング病類縁疾患	
C131			披裂喉頭蓋ひだ下咽頭面癌	
C321			披裂喉頭蓋ひだ喉頭面癌	
S135			披裂軟骨脱臼	
Q628			披裂尿管	
R53			疲労感	
H55			疲労眼振	
M8439			疲労骨折	
M6089			疲労性筋炎	
M7289			疲労性筋膜炎	
M8439			疲労性骨膜障害	
F400			広場恐怖症	
C185			脾弯曲部癌	
N049			頻回再発型ネフローゼ症候群	
D649			貧血	
Q858			貧血母斑	
H350			貧血網膜症	
R068			頻呼吸	
R35			頻尿症	
I489			頻拍型心房細動	
R000			頻拍症	
N920			頻発月経	
R000			頻脈症	
I489			頻脈性心房細動	
R000			頻脈性不整脈	
G448			鼻・副鼻腔疾患による頭痛	
Q874			ビールス症候群	
S070			鼻圧挫傷	
F453			鼻咽腔異常感症	
D106			鼻咽腔血管線維腫	
D106			鼻咽腔線維腺腫	
S099			鼻咽腔天蓋部損傷	
J398			鼻咽腔閉鎖機能不全	
J311			鼻咽頭萎縮	
T172			鼻咽頭異物	
A168			鼻咽頭結核	
D370			鼻咽頭腫瘍	
A361			鼻咽頭ジフテリア	
J392			鼻咽頭のう胞	
J391			鼻咽頭膿瘍	
B873			鼻咽頭はえ幼虫症	
J392			鼻咽頭浮腫	
J391			鼻咽頭蜂巣炎	
J310			鼻炎	
E538			ビオチン欠乏症	
E708			ビオプテリン代謝異常症	
S008			鼻下擦過創	
C433			鼻腔悪性黒色腫	
T171			鼻腔異物	
T980			鼻腔異物挿入後遺症	
C300			鼻腔癌	
D868			鼻腔サルコイドーシス	
D385			鼻腔腫瘍	
J340			鼻腔内膿瘍	
J348			鼻腔内びらん	
D140			鼻腔乳頭腫	
J341			鼻腔のう腫	
J330			鼻腔ポリープ	
D140			鼻腔良性腫瘍	
J343			鼻甲介肥厚症	
K091			鼻口蓋管のう胞	
T71			鼻口部閉塞による窒息	
C414			尾骨悪性腫瘍	
S0221			鼻骨開放骨折	
S3221			尾骨開放骨折	
S0221			鼻骨開放性粉砕骨折	
S0220			鼻骨骨折	
S3220			尾骨骨折	
M4628			尾骨骨髄炎	
D480			尾骨腫瘍	
S337			尾骨ストレイン	
T902			鼻骨陳旧性骨折	
M5338			尾骨痛	
S337			尾骨捻挫	
S0220			鼻骨粉砕骨折	
S300			尾骨部挫傷	
S300			尾骨部打撲傷	
M5338			尾骨部痛	
M8408			鼻骨変形治癒骨折	
D168			尾骨良性腫瘍	
S012			鼻根部打撲挫創	
S012			鼻根部裂創	
F82			微細脳機能障害	
S068			微細脳損傷	
K098			鼻歯槽のう胞	
R040			鼻出血症	
D594			微小血管障害性溶血性貧血	
I208			微小血管性狭心症	
G712			微小コア疾患	
N050			微小糸球体変化	
H504			微小斜視	
N040			微小変化型ネフローゼ症候群	
K098			鼻唇のう胞	
O622			微弱陣痛	
P036			微弱陣痛新生児	
P036			微弱陣痛胎児	
J310			鼻汁	
R098			鼻充血	
R848			鼻汁検査異常	
K908			微絨毛封入体病	
I610			尾状核出血	
E880			ビスアルブミン血症	
K102			ビスフォスフォネート関連顎骨壊死	
T568			ビスマス中毒	
R492			鼻声	
H46			鼻性視神経炎	
H470			鼻性視神経症	
J348			鼻石	
J340			鼻せつ	
C433			鼻尖悪性黒色腫	
C443			鼻尖基底細胞癌	
C443			鼻尖皮膚癌	
S012			鼻尖部挫創	
D043			鼻尖ボーエン病	
C443			鼻尖有棘細胞癌	
J348			鼻前庭炎	
C300			鼻前庭癌	
J340			鼻前庭せつ	
J341			鼻前庭のう胞	
J348			鼻前庭びらん	
S012			鼻前庭部挫創	
L309			鼻前庭部湿疹	
Q011			鼻前頭部脳瘤	
A240			鼻疽	
H534			鼻側半盲	
E670			ビタミンＡ過剰症	
E509			ビタミンＡ欠乏症	
E503			ビタミンＡ欠乏性角膜潰瘍	
E502			ビタミンＡ欠乏性角膜乾燥症	
E504			ビタミンＡ欠乏性角膜軟化症	
E507			ビタミンＡ欠乏性眼疾患	
E500			ビタミンＡ欠乏性結膜乾燥症	
E505			ビタミンＡ欠乏性夜盲	
E538			ビタミンＢ１２欠乏症	
D519			ビタミンＢ１２欠乏性貧血	
E711			ビタミンＢ１２反応型メチルマロン酸血症	
E519			ビタミンＢ１欠乏症	
E530			ビタミンＢ２欠乏症	
E531			ビタミンＢ６欠乏症	
E672			ビタミンＢ６大量摂取症候群	
E539			ビタミンＢ群欠乏症	
E54			ビタミンＣ欠乏症	
E54			ビタミンＣ欠乏症性歯肉炎	
E833			ビタミンＤ依存症	
E833			ビタミンＤ依存症Ｉ型	
E833			ビタミンＤ依存症ＩＩ型	
E550			ビタミンＤ依存性くる病	
E673			ビタミンＤ過剰症	
E559			ビタミンＤ欠乏症	
E550			ビタミンＤ欠乏性くる病	
M8339			ビタミンＤ欠乏性骨軟化症	
E833			ビタミンＤ抵抗性くる病	
E560			ビタミンＥ欠乏症	
E561			ビタミンＫ欠乏症	
D684			ビタミンＫ欠乏による凝固因子欠乏	
E678			ビタミン過剰症	
E569			ビタミン欠乏症	
O211			ビタミン欠乏症を伴う妊娠悪阻	
D539			ビタミン欠乏性貧血	
F55			ビタミン剤乱用	
L280			ビダール苔癬	
J340			鼻中隔壊死	
S0221			鼻中隔開放骨折	
J340			鼻中隔潰瘍	
C300			鼻中隔癌	
S0220			鼻中隔骨折	
R040			鼻中隔出血	
D385			鼻中隔腫瘍	
J348			鼻中隔穿孔	
S031			鼻中隔脱臼	
S035			鼻中隔軟骨捻挫	
J348			鼻中隔軟骨膜炎	
J340			鼻中隔膿瘍	
J340			鼻中隔びらん	
J342			鼻中隔弯曲症	
G610			ビッカースタッフ脳幹脳炎	
J348			鼻痛	
F453			鼻内異常感	
J348			鼻内癒着症	
J348			鼻軟骨膜炎	
R509			微熱	
C433			鼻背悪性黒色腫	
C443			鼻背基底細胞癌	
C443			鼻背皮膚癌	
D043			鼻背ボーエン病	
C443			鼻背有棘細胞癌	
C433			鼻部悪性黒色腫	
S012			鼻部開放創	
S011			眉部割創	
S012			鼻部割創	
S012			鼻部貫通創	
S012			鼻部外傷性異物	
L810			鼻部外傷性色素沈着	
S003			鼻部外傷性腫脹	
S003			鼻部外傷性皮下異物	
C443			鼻部基底細胞癌	
D170			鼻部血管脂肪腫	
S002			眉部血腫	
S012			鼻部咬創	
S003			鼻部擦過創	
S003			鼻部挫傷	
S012			鼻部挫創	
S012			鼻部刺創	
D170			鼻部脂肪腫	
D033			鼻部上皮内黒色腫	
D223			鼻部青色母斑	
D233			鼻部石灰化上皮腫	
S003			鼻部切創	
S012			鼻部創傷	
T201			鼻部第１度熱傷	
T202			鼻部第２度熱傷	
T203			鼻部第３度熱傷	
S003			鼻部打撲傷	
S003			鼻部虫刺傷	
S003			鼻部皮下血腫	
S003			鼻部皮下出血	
R220			鼻部皮下腫瘤	
C443			鼻部皮膚癌	
S012			鼻部皮膚欠損創	
S003			鼻部皮膚剥離創	
D233			鼻部皮膚良性腫瘍	
D223			鼻部扁平母斑	
D043			鼻部ボーエン病	
D223			鼻部母斑	
D223			鼻部母斑細胞母斑	
D233			鼻部毛芽腫	
C443			鼻部有棘細胞癌	
S012			鼻部裂創	
R448			鼻閉	
R448			鼻閉感	
J841			びまん性間質性肺炎	
L400			びまん性乾癬	
N044			びまん性管内増殖性糸球体腎炎ネフローゼ症候群	
H603			びまん性外耳炎	
J40			びまん性気管支炎	
J47			びまん性気管支拡張症	
J929			びまん性胸膜肥厚	
G370			びまん性硬化症	
M354			びまん性好酸球性筋膜炎	
E049			びまん性甲状腺腫	
K224			びまん性食道痙攣	
L208			びまん性神経皮膚炎	
S062			びまん性軸索損傷	
D429			びまん性髄膜腫症	
C719			びまん性星細胞腫	
E030			びまん性先天性甲状腺腫	
E752			びまん性体幹被角血管腫	
C838			びまん性大細胞型・バーキット中間型分類不能Ｂ細胞性リンパ腫	
C838			びまん性大細胞型・ホジキン中間型分類不能Ｂ細胞性リンパ腫	
C833			びまん性大細胞型Ｂ細胞性リンパ腫	
L659			びまん性脱毛症	
E050			びまん性中毒性甲状腺腫	
C459			びまん性中皮腫	
S062			びまん性脳損傷	
S0621			びまん性脳損傷・頭蓋内に達する開放創合併あり	
S0620			びまん性脳損傷・頭蓋内に達する開放創合併なし	
J180			びまん性肺炎	
J841			びまん性肺胞傷害	
H268			びまん性白内障	
J448			びまん性汎細気管支炎	
H161			びまん性表層角膜炎	
N042			びまん性膜性糸球体腎炎ネフローゼ症候群	
H301			びまん性脈絡膜炎	
N048			びまん性メサンギウム硬化症	
S011			眉毛部割創	
D233			眉毛部石灰化上皮腫	
S011			眉毛部裂創	
A040			病原性大腸菌感染症	
K137			病巣性口腔ムチン症	
L985			病巣性ムチン症	
R418			病態失認	
M2439			病的関節脱臼	
F688			病的感動性性格	
M8449			病的骨折	
F632			病的窃盗	
N898			病的帯下	
F630			病的賭博	
E668			病的肥満症	
F100			病的酩酊	
C433			鼻翼悪性黒色腫	
C443			鼻翼基底細胞癌	
J340			鼻翼膿瘍	
C443			鼻翼皮膚癌	
S012			鼻翼部切創	
S012			鼻翼部裂創	
D043			鼻翼ボーエン病	
C443			鼻翼有棘細胞癌	
K296			びらん性胃炎	
M154			びらん性関節症	
K051			びらん性歯肉炎	
K298			びらん性十二指腸炎	
N308			びらん性膀胱炎	
T886			ビリグラフィンショック	
D538			微量元素欠乏性貧血	
K802			ビリルビン結石	
E807			ビリルビン代謝障害	
R822			ビリルビン尿	
H045			鼻涙管狭窄症	
H045			鼻涙管結石	
H045			鼻涙管閉鎖症	
B650			ビルハルツ住血吸虫症	
J348			鼻漏	
I673			ビンスワンガー病	
Q758			ビンダー症候群	
T781			ピーナッツアレルギー	
T780			ピーナッツによるアナフィラキシーショック	
D640			ピアソン症候群	
Q870			ピエール・ロバン症候群	
G310			ピック病	
E531			ピリドキシン欠乏症	
D643			ピリドキシン反応性貧血	
R202			ピリピリ感	
L270			ピリン疹	
E744			ピルビン酸カルボキシラーゼ欠損症	
D552			ピルビン酸キナーゼ欠乏性貧血	
E872			ピルビン酸血症	
E744			ピルビン酸欠損症	
E744			ピルビン酸脱水素酵素複合体欠損症	
Z894			ピロゴフ切断術後	
B600			ピロプラスム症	
M1129			ピロリン酸カルシウム結晶沈着症	
K033			ピンク・スポット	
A679			ピンタ	
A671			ピンタ性角化症	
A670			ピンタ性丘疹	
A670			ピンタ性下疳	
A671			ピンタ性紅斑	
T513			フーゼル油の毒作用	
E752			ファーバー病	
T888			ファイバーポスト脱離	
T888			ファイバーポスト破損	
T888			ファイバーポスト不適合	
Q870			ファイファー症候群	
E752			ファブリー病	
Q218			ファロー五徴症	
Q213			ファロー三徴症	
Q213			ファロー四徴症	
E720			ファンコニー症候群	
D610			ファンコニ貧血	
Q380			ファンデルヴォウデ症候群	
F412			不安うつ病	
F411			不安緊張状態	
F419			不安障害	
F411			不安神経症	
E10			不安定型糖尿病	
I200			不安定狭心症	
Q656			不安定股関節	
O320			不安定胎位のための母体管理	
D582			不安定ヘモグロビン症	
F418			不安ヒステリー	
T888			フィクスドリテーナー脱離	
T888			フィクスドリテーナー破損	
T888			フィクスドリテーナー不適合	
B818			フィサロプテラ線虫感染症	
D682			フィブリノゲン異常症	
D682			フィブリノゲン欠乏症	
D688			フィブリノゲン減少症	
D682			フィブリン減少症	
J40			フィブリン性気管支炎	
K659			フィブリン性腹膜炎	
N078			フィブロネクチン腎症	
H161			フィラメント状角膜炎	
B749			フィラリア症	
B749			フィラリア性乳び性陰のう水瘤	
N049			フィンランド型先天性ネフローゼ症候群	
R628			不育症	
B069			風疹	
P002			風疹ウイルス感染母体より出生した児	
B060			風疹髄膜炎	
B068			風疹性関節炎	
B060			風疹性髄膜脳炎	
B068			風疹性肺炎	
B060			風疹脊髄炎	
B060			風疹脳炎	
B060			風疹脳脊髄炎	
R21			風疹様発疹	
L720			封入性類皮腫	
G724			封入体筋炎	
T888			フェイスボータイププロトラクター破損	
T888			フェイスボータイププロトラクター不適合	
B431			フェオミコーシス性脳膿瘍	
F650			フェティシズム	
F651			フェティシズム的服装倒錯症	
T391			フェナセチン中毒	
K061			フェニトイン歯肉増殖症	
E701			フェニルケトン尿症	
T433			フェノチアジン系抗精神病薬中毒	
M0500			フェルティー症候群	
H308			フォークト・小柳・原田病	
H208			フォークト・小柳病	
A278			フォートブラッグ熱	
E740			フォーブス病	
G951			フォア・アラジュアニン症候群	
Q386			フォアダイス状態	
H471			フォスター・ケネディー症候群	
L752			フォックス・フォアダイス病	
T796			フォルクマン阻血性拘縮	
E221			フォルベス・アルブライト症候群	
Q850			フォン・レックリングハウゼン病	
D680			フォンウィルブランド病	
E740			フォンギールケ病	
I971			フォンタン術後症候群	
Q858			フォンヒッペル・リンダウ病	
I678			フォヴィル症候群	
D460			不応性血小板減少症	
D460			不応性好中球減少症	
D464			不応性貧血	
R451			不穏状態	
T888			付加装置脱離	
T888			付加装置破損	
T888			付加装置不適合	
I451			不完全右脚ブロック	
Q212			不完全型心内膜床欠損症	
Q212			不完全型房室中隔欠損症	
I454			不完全脚ブロック	
I447			不完全左脚ブロック	
H535			不完全色盲	
Q625			不完全重複腎盂尿管	
Q647			不完全重複尿道	
R33			不完全尿閉	
R468			不機嫌	
N926			不規則月経	
K088			不規則歯槽突起	
G472			不規則睡眠	
K043			不規則象牙質	
N393			腹圧性尿失禁	
K076			復位性顎関節円板障害	
C140			副咽頭間隙悪性腫瘍	
D370			副咽頭間隙腫瘍	
Q514			副角子宮	
O008			副角妊娠	
Q447			副肝	
Q445			副肝管	
Q103			副眼筋	
Q103			副眼瞼	
Q798			副筋	
K650			腹腔骨盤部膿瘍	
S345			腹腔神経節損傷	
S345			腹腔神経叢損傷	
I774			腹腔動脈圧迫症候群	
I728			腹腔動脈解離	
S352			腹腔動脈損傷	
I728			腹腔動脈瘤	
K650			腹腔内遺残膿瘍	
K661			腹腔内出血	
R190			腹腔内腫瘤	
S369			腹腔内臓器損傷	
S3691			腹腔内臓器損傷・腹腔に達する開放創合併あり	
S3690			腹腔内臓器損傷・腹腔に達する開放創合併なし	
D481			腹腔内デスモイド	
K650			腹腔内膿瘍	
K668			腹腔内遊離体	
D181			腹腔内リンパ管腫	
C772			腹腔内リンパ節の悪性腫瘍	
C772			腹腔リンパ節転移	
G908			副交感神経緊張症	
Q506			副広間膜	
C750			副甲状腺悪性腫瘍	
E210			副甲状腺過形成	
C750			副甲状腺癌	
E213			副甲状腺機能亢進症	
E215			副甲状腺機能障害	
E209			副甲状腺機能低下症	
E213			副甲状腺クリーゼ	
E892			副甲状腺欠損症	
E892			副甲状腺欠損性テタニー	
D351			副甲状腺腺腫	
Q892			副甲状腺先天奇形	
D351			副甲状腺多発性腺腫	
D351			副甲状腺のう腫	
E214			副甲状腺のう胞	
H160			匐行性角膜潰瘍	
E230			複合下垂体ホルモン欠損症	
D818			複合カルボキシラーゼ欠損症	
M8900			複合性局所疼痛症候群	
M8900			複合性局所疼痛症候群Ｉ型	
M8900			複合性局所疼痛症候群ＩＩ型	
O326			複合胎位のための母体管理	
E569			複合ビタミン欠乏症	
T0281			複合部位の開放骨折	
T0280			複合部位の骨折	
D229			複合母斑	
T888			複合レジン冠過高	
T888			複合レジン冠粗造	
T888			複合レジン冠脱離	
T888			複合レジン冠低位	
T888			複合レジン冠破損	
T888			複合レジン冠不適合	
S859			伏在静脈損傷	
N851			複雑型子宮内膜異型増殖症	
N850			複雑型子宮内膜増殖症	
Q249			複雑心奇形	
H612			複雑耳垢	
K603			複雑痔瘻	
K562			複雑性イレウス	
Q702			複雑性合趾症	
Q700			複雑性合指症	
K053			複雑性歯周炎	
K051			複雑性歯肉炎	
N390			複雑性尿路感染症	
N308			複雑性膀胱炎	
T143			複雑脱臼	
F100			複雑酩酊	
Q692			副趾	
H532			複視	
Q690			副指	
T888			副子脱離	
T888			副子破損	
T888			副子不適合	
I493			副収縮	
Q740			副手根骨	
G528			副神経障害	
S047			副神経損傷	
G528			副神経麻痺	
Q170			副耳	
C749			副腎悪性腫瘍	
E274			副腎萎縮	
Q891			副腎異常	
E278			副腎炎	
C749			副腎癌	
E272			副腎クリーゼ	
A187			副腎結核	
E274			副腎梗塞	
D175			副腎骨髄脂肪腫	
E274			副腎出血	
D441			副腎腫瘍	
C749			副腎神経芽腫	
E275			副腎髄質過形成	
E275			副腎髄質機能亢進症	
D441			副腎髄質腫瘍	
C741			副腎髄質の悪性腫瘍	
E259			副腎性器症候群	
I152			副腎性高血圧症	
E713			副腎脊髄ニューロパチー	
E274			副腎石灰化症	
D350			副腎腺腫	
S378			副腎損傷	
S3781			副腎損傷・骨盤腔に達する開放創合併あり	
S3780			副腎損傷・骨盤腔に達する開放創合併なし	
D350			副腎のう腫	
E278			副腎のう胞	
Q891			副腎の先天奇形	
E713			副腎白質ジストロフィー	
E278			副腎皮質過形成症	
C740			副腎皮質癌	
E270			副腎皮質機能亢進症	
E274			副腎皮質機能低下症	
E274			副腎皮質機能低下に伴う貧血	
Q891			副腎皮質形成不全	
E248			副腎皮質結節性過形成	
E274			副腎皮質刺激ホルモン不応症	
D441			副腎皮質腫瘍	
C740			副腎皮質の悪性腫瘍	
D350			副腎皮質のう腫	
T887			副腎皮質ホルモン剤副作用	
R856			腹水細胞診陽性	
R858			腹水腫瘍マーカー高値	
R18			腹水症	
H511			輻輳麻痺	
Q384			副唾液腺	
Q384			副唾液腺管	
H932			複聴	
M6098			腹直筋炎	
Q795			腹直筋離開症	
R104			腹痛症	
O321			複殿位	
X69			服毒自殺	
T659			服毒自殺未遂	
Q831			副乳	
Q831			副乳腫脹	
Q833			副乳頭	
D486			副乳部腫瘍	
Q890			副脾	
R198			腹皮拘急	
Q828			副皮膚弁	
Q308			副鼻	
B448			副鼻腔アスペルギローマ	
T170			副鼻腔異物	
J329			副鼻腔炎	
T889			副鼻腔炎術後症	
S012			副鼻腔開放創	
C319			副鼻腔癌	
J398			副鼻腔気管支症候群	
A168			副鼻腔結核	
B49			副鼻腔真菌症	
S099			副鼻腔損傷	
D140			副鼻腔内反性乳頭腫	
C410			副鼻腔軟骨肉腫	
D140			副鼻腔乳頭腫	
J341			副鼻腔のう胞	
T701			副鼻腔の気圧性外傷	
Q308			副鼻腔壁先天異常	
J338			副鼻腔ポリープ	
D140			副鼻腔良性腫瘍	
C435			腹部悪性黒色腫	
C762			腹部悪性腫瘍	
C494			腹部悪性軟部腫瘍	
C474			腹部悪性末梢神経鞘腫	
R104			腹部圧痛	
K551			腹部アンギナ	
S318			腹部汚染創	
S399			腹部外傷	
C445			腹部基底細胞癌	
M6098			腹部筋炎	
M7298			腹部筋筋膜症	
D171			腹部血管脂肪腫	
D180			腹部血管腫	
T918			腹部血管損傷後遺症	
S309			腹部擦過創	
S309			腹部挫傷	
S318			腹部刺創	
D171			腹部脂肪腫	
C494			腹部脂肪肉腫	
R190			腹部腫脹	
R190			腹部腫瘤	
C152			腹部食道癌	
C762			腹部神経芽腫	
F453			腹部神経症	
D225			腹部青色母斑	
D235			腹部石灰化上皮腫	
L022			腹部せつ	
S399			腹部損傷	
Q825			腹部単純性血管腫	
T211			腹部第１度熱傷	
T212			腹部第２度熱傷	
T213			腹部第３度熱傷	
I714			腹部大動脈拡張	
I740			腹部大動脈血栓症	
Z958			腹部大動脈ステント植え込み状態	
I740			腹部大動脈塞栓症	
S350			腹部大動脈損傷	
I740			腹部大動脈閉塞症	
I714			腹部大動脈瘤	
I714			腹部大動脈瘤切迫破裂	
I713			腹部大動脈瘤破裂	
S309			腹部打撲傷	
S309			腹部虫刺傷	
Q539			腹部停留精巣	
G408			腹部てんかん	
Q893			腹部内臓逆位	
Q893			腹部内臓転位	
D171			腹部軟性線維腫	
L984			腹部難治性皮膚潰瘍	
T210			腹部熱傷	
L022			腹部膿瘍	
B354			腹部白癬	
R193			腹部板状硬	
D481			腹部皮下腫瘍	
L984			腹部皮膚潰瘍	
C445			腹部皮膚癌	
S318			腹部皮膚欠損創	
C445			腹部皮膚線維肉腫	
D235			腹部皮膚良性腫瘍	
R198			腹部不快感	
C494			腹部平滑筋肉腫	
D225			腹部扁平母斑	
D045			腹部ボーエン病	
R14			腹部膨満	
D225			腹部母斑	
D225			腹部母斑細胞母斑	
C445			腹部メルケル細胞癌	
A213			腹部野兎病	
C445			腹部有棘細胞癌	
L022			腹部よう	
T058			腹部離断	
C445			腹部隆起性皮膚線維肉腫	
D214			腹部良性軟部腫瘍	
C494			腹壁悪性線維性組織球腫	
R02			腹壁壊疽	
C494			腹壁横紋筋肉腫	
S311			腹壁開放創	
S301			腹壁下血腫	
D489			腹壁外デスモイド	
M7918			腹壁筋痛	
Q795			腹壁欠損	
S301			腹壁挫傷	
R222			腹壁腫瘤	
M7928			腹壁神経痛	
C494			腹壁線維肉腫	
T813			腹壁創し開	
R104			腹壁痛	
D481			腹壁デスモイド	
L022			腹壁膿瘍	
Q793			腹壁破裂	
L984			腹壁瘢痕部潰瘍	
K432			腹壁瘢痕ヘルニア	
R222			腹壁皮下腫瘤	
D214			腹壁皮下線維腫	
K439			腹壁ヘルニア	
T814			腹壁縫合糸膿瘍	
T813			腹壁縫合不全	
L033			腹壁蜂巣炎	
R222			腹壁瘤水腫	
A184			腹壁冷膿瘍	
K632			腹壁瘻孔	
Q692			副母趾	
C482			腹膜悪性腫瘍	
K659			腹膜炎	
C482			腹膜癌	
C786			腹膜偽粘液腫	
D177			腹膜血管脂肪腫	
K661			腹膜出血	
D484			腹膜腫瘍	
K668			腹膜垂炎	
K458			腹膜前ヘルニア	
C451			腹膜中皮腫	
C786			腹膜転移	
O000			腹膜妊娠	
C786			腹膜播種	
K660			腹膜癒着	
G710			福山型先天性筋ジストロフィー	
Q506			副卵管	
N835			副卵管捻転	
Q503			副卵巣	
Q766			副肋骨	
Q178			袋耳	
T612			フグ中毒	
F421			不潔恐怖症	
T1420			不顕性骨折	
E771			フコース症	
B487			フサリウム症	
R609			浮腫	
E871			浮腫型低ナトリウム血症	
K859			浮腫性膵炎	
J382			浮腫性声帯炎	
T304			腐蝕	
K20			腐食性食道炎	
K222			腐食性食道狭窄	
T549			腐蝕性物質の毒作用	
R258			不随意運動症	
R252			不随意痙攣性運動	
K074			不正咬合	
O640			不正軸廻入	
O648			不正軸進入	
N939			不正性器出血	
I499			不整脈	
I428			不整脈原性右室心筋症	
H522			不正乱視	
M303			不全型川崎病	
B022			不全型ハント症候群	
M352			不全型ベーチェット病	
T1420			不全骨折	
N812			不全子宮脱	
R470			不全失語症	
O321			不全足位	
Q512			不全中隔子宮	
G822			不全対麻痺	
G819			不全片麻痺	
G839			不全麻痺	
O034			不全流産	
D397			付属器腫瘍	
N838			付属器腫瘤	
F24			二人組精神病	
G710			縁取り空胞を伴う遠位型ミオパチー	
S390			腹筋挫傷	
H208			フックス異色毛様体炎	
H185			フックスジストロフィー	
H353			フックス斑	
T595			フッ素中毒	
G430			普通型片頭痛	
F459			不定愁訴症	
T809			不適合輸血反応	
R468			不登校	
H523			不同視	
H530			不同視性弱視	
T753			船酔い	
E888			フマラーゼ欠損症	
G470			不眠症	
R509			不明熱	
R478			不明瞭言語	
J680			フューム肺炎	
T888			不要鉤	
G508			フライ症候群	
M927			フライバーグ病	
K068			フラビーガム	
A663			フランベジア性角化症	
A666			フランベジア性関節水症	
A667			フランベジア性関節隣接結節	
A666			フランベジア性骨ゴム腫	
G111			フリードライヒ運動失調症	
G008			フリードレンダー桿菌性髄膜炎	
Q870			フリーマン・シェルドン症候群	
H162			フリクテン性角結膜炎	
H162			フリクテン性角膜炎	
H160			フリクテン性角膜潰瘍	
H162			フリクテン性結膜炎	
H164			フリクテン性パンヌス	
J358			振子様扁桃	
L929			不良肉芽	
R251			ふるえ	
T888			フレームタイププロトラクター破損	
T888			フレームタイププロトラクター不適合	
A031			フレクスナー菌赤痢	
Q870			フレザー症候群	
G958			フロアン症候群	
I729			吻合性動脈瘤	
K289			吻合部潰瘍	
K287			吻合部潰瘍瘢痕	
T818			吻合部狭窄	
T1420			粉砕骨折	
B789			糞線虫症	
F445			憤怒痙攣	
K564			糞便充塞	
K564			糞便性イレウス	
R11			糞便性嘔吐	
C160			噴門癌	
K222			噴門狭窄	
C160			噴門食道接合部癌	
K221			噴門部潰瘍	
K317			噴門部ポリープ	
L720			粉瘤	
K632			糞瘻	
I018			ブイヨー症候群	
F82			不器用	
F82			不器用児症候群	
M152			ブシャール結節	
J301			ブタクサ花粉症	
A232			ブタ流産菌病	
T513			ブチルアルコール中毒	
T434			ブチロフェノン系神経抑制薬中毒	
G255			舞踏病	
G255			舞踏病様運動	
A490			ぶどう球菌感染症	
A050			ぶどう球菌食中毒	
J028			ぶどう球菌性咽頭炎	
M0009			ぶどう球菌性関節炎	
H010			ぶどう球菌性眼瞼炎	
J90			ぶどう球菌性胸膜炎	
M0005			ぶどう球菌性股関節炎	
M0006			ぶどう球菌性膝関節炎	
I301			ぶどう球菌性心膜炎	
G003			ぶどう球菌性髄膜炎	
P232			ぶどう球菌性先天性肺炎	
L00			ぶどう球菌性熱傷様皮膚症候群	
J152			ぶどう球菌性肺炎	
A412			ぶどう球菌性敗血症	
J852			ぶどう球菌性肺膿瘍	
J038			ぶどう球菌性扁桃炎	
K090			ぶどう状歯原性のう胞	
R730			ぶどう糖負荷試験異常	
C694			ぶどう膜悪性黒色腫	
H209			ぶどう膜炎	
H209			ぶどう膜角膜炎	
Q148			ぶどう膜欠損	
D868			ぶどう膜耳下腺熱	
I479			ブブレ症候群	
E232			部分型中枢性尿崩症	
O441			部分前置胎盤	
Q268			部分体静脈還流異常	
H500			部分調節性内斜視	
R402			部分的意識喪失	
E881			部分的脂肪萎縮症	
G402			部分てんかん	
Q263			部分肺静脈還流異常	
O011			部分胞状奇胎	
G412			部分発作重延状態	
J981			部分無気肺	
O722			部分癒着胎盤	
O731			部分癒着胎盤・出血を伴わない	
R238			ブラ	
D898			ブラウ症候群	
G838			ブラウン・セカール症候群	
M925			ブラウント病	
B768			ブラジル鉤虫症	
A968			ブラジル出血熱	
L103			ブラジル天疱瘡	
B409			ブラストミセス症	
B403			ブラストミセス性指間びらん症	
J439			ブラ性肺気腫	
S059			ブラックアイ	
R233			ブラックヒール	
K116			ブランダン・ヌーンのう胞	
F450			ブリケー障害	
T888			ブリッジ過高	
T888			ブリッジ前装部脱離	
T888			ブリッジ前装部破損	
T888			ブリッジ前装部不適合	
T888			ブリッジ粗造	
T888			ブリッジ脱離	
T888			ブリッジ低位	
T888			ブリッジ破損	
T888			ブリッジ不適合	
A751			ブリル病	
I738			ブルートウ症候群	
Q828			ブルーム症候群	
I490			ブルガダ症候群	
A239			ブルセラ症	
A239			ブルセラ症性脊椎炎	
M921			ブレイルスフォード病	
R238			ブレブ	
M8689			ブロディー骨膿瘍	
P838			ブロンズベビー症候群	
A928			ブワンバ熱	
R470			文意失語症	
I638			分水界梗塞	
N350			分娩後遺症尿道狭窄	
O723			分娩後ＤＩＣ	
O904			分娩後急性腎不全	
O723			分娩後凝固障害	
O905			分娩後甲状腺炎	
O992			分娩後甲状腺機能亢進症	
O992			分娩後甲状腺機能低下症	
O871			分娩後骨盤血栓性静脈炎	
O861			分娩後子宮頚管炎	
O712			分娩後子宮内反症	
O711			分娩後子宮破裂	
O721			分娩後出血	
O871			分娩後深在静脈血栓症	
O872			分娩後痔核	
O861			分娩後腟炎	
O922			分娩後乳房萎縮	
O862			分娩後尿路感染症	
O861			分娩後付属器炎	
O723			分娩後無フィブリノゲン血症	
O151			分娩子癇	
O679			分娩時異常出血	
O709			分娩時会陰裂傷	
O695			分娩時臍帯血管損傷	
O751			分娩時ショック	
P103			分娩時新生児くも膜下出血	
P100			分娩時新生児硬膜下出血	
P104			分娩時新生児テント裂傷	
P109			分娩時新生児頭蓋内出血	
P109			分娩時新生児頭蓋内裂傷	
P102			分娩時新生児脳室内出血	
P101			分娩時新生児脳出血	
O994			分娩時心臓合併症	
P159			分娩時児損傷	
O993			分娩時中枢神経系合併症	
O713			分娩時軟産道損傷	
O994			分娩時脳血管疾患合併症	
O993			分娩時脳障害	
O995			分娩時肺合併症	
P112			分娩時無酸素脳症	
O710			分娩前子宮破裂	
O469			分娩前出血	
P021			分娩前出血新生児	
P021			分娩前出血胎児	
P139			分娩損傷による骨格	
O711			分娩中子宮破裂	
O752			分娩中の発熱	
O669			分娩停止	
O744			分娩における局所麻酔に対する中毒反応	
O747			分娩における喉頭痙攣	
O747			分娩における挿管不成功または挿管困難	
O749			分娩における麻酔合併症	
O742			分娩における麻酔の循環器系合併症	
O743			分娩における麻酔の中枢神経系合併症	
O920			分娩に関連する陥没乳頭	
O910			分娩に関連する乳頭感染症	
O921			分娩に関連する乳頭亀裂	
O910			分娩に関連する乳房感染症	
O911			分娩に関連する乳房膿瘍	
O912			分娩に関連する非化膿性乳腺炎	
O834			分娩のための児破壊手術	
O753			分娩の敗血症	
P149			分娩麻痺	
O619			分娩誘発の不成功	
O48			分娩予定日超過	
Q631			分葉腎	
Q890			分葉脾	
Q512			分離性重複子宮	
F930			分離不安障害	
D485			分離母斑	
F451			分類困難な身体表現性障害	
D469			分類不能型骨髄異形成症候群	
C946			分類不能の骨髄異形成及び骨髄増殖性腫瘍	
D839			分類不能免疫不全症	
K051			プラーク性歯肉炎	
M8704			プライザー病	
L235			プラスチックアレルギー性接触皮膚炎	
T888			プラスティックブラケット脱離	
T888			プラスティックブラケット破損	
T888			プラスティックブラケット不適合	
D728			プラスマ細胞増加症	
Q871			プラダー・ウィリー症候群	
D501			プランマー・ヴィンソン症候群	
E052			プランマー病	
A810			プリオン病	
Q794			プルンベリー症候群	
T888			プレートタイプリテーナー破損	
T888			プレートタイプリテーナー不適合	
D682			プレカリクレイン欠乏症	
D685			プロテインＣ欠乏症	
D685			プロテインＳ欠乏症	
A498			プロテウス菌感染症	
Q858			プロテウス症候群	
E800			プロトポルフィリン症	
D682			プロトロンビン欠乏症	
T393			プロピオン酸系抗炎症薬中毒	
E711			プロピオン酸血症	
T513			プロピルアルコール中毒	
D352			プロラクチン産生下垂体腺腫	
D352			プロラクチン産生腫瘍	
E221			プロラクチン分泌異常症	
E221			プロラクチン分泌過剰症	
E230			プロラクチン分泌低下症	
E728			プロリダーゼ欠損症	
E720			プロリン尿症	
M158			ヘーガース結節	
C914			ヘアリー細胞白血病	
C830			ヘアリー細胞白血病亜型	
D219			平滑筋腫	
C499			平滑筋肉腫	
D239			平滑筋母斑	
N951			閉経	
N959			閉経期障害	
M8109			閉経後骨粗鬆症	
M8005			閉経後骨粗鬆症・骨盤部病的骨折あり	
M8008			閉経後骨粗鬆症・脊椎病的骨折あり	
M8003			閉経後骨粗鬆症・前腕病的骨折あり	
M8000			閉経後骨粗鬆症・多発病的骨折あり	
M8005			閉経後骨粗鬆症・大腿部病的骨折あり	
M800			閉経後骨粗鬆症・病的骨折あり	
N950			閉経後出血	
N951			閉経後症候群	
K075			閉口異常	
H819			平衡異常	
R42			平衡障害	
K458			閉鎖孔ヘルニア	
K450			閉鎖孔ヘルニア嵌頓	
K073			閉鎖歯列弓	
S3630			閉鎖性胃損傷	
S0630			閉鎖性一次性脳幹外傷	
S3670			閉鎖性胃腸管穿孔破裂	
S3670			閉鎖性胃腸管損傷	
S3630			閉鎖性胃破裂	
S0630			閉鎖性延髄損傷	
S3610			閉鎖性肝損傷	
S3610			閉鎖性肝内血腫	
S3610			閉鎖性肝被膜下血腫	
S3610			閉鎖性外傷性肝破裂	
S2700			閉鎖性外傷性気胸	
S0660			閉鎖性外傷性くも膜下出血	
S2720			閉鎖性外傷性血気胸	
S2710			閉鎖性外傷性血胸	
S0650			閉鎖性外傷性硬膜下水腫	
S3790			閉鎖性外傷性骨盤内血腫	
S0680			閉鎖性外傷性小脳血腫	
S2780			閉鎖性外傷性食道破裂	
S2680			閉鎖性外傷性心臓破裂	
S3700			閉鎖性外傷性腎血腫	
S0680			閉鎖性外傷性髄液耳漏	
S0680			閉鎖性外傷性髄液鼻漏	
S0620			閉鎖性外傷性脳圧迫	
S0680			閉鎖性外傷性脳室内出血	
F072			閉鎖性外傷性脳症	
S0680			閉鎖性外傷性脳動脈瘤	
S0630			閉鎖性外傷性脳内血腫	
S0610			閉鎖性外傷性脳浮腫	
S3600			閉鎖性外傷性脾破裂	
S2740			閉鎖性気管支損傷	
S0630			閉鎖性基底核部脳損傷	
S2790			閉鎖性気道損傷	
S0650			閉鎖性急性硬膜下血腫	
S0640			閉鎖性急性硬膜外血腫	
S2780			閉鎖性胸管損傷	
S2750			閉鎖性胸部気管損傷	
S2760			閉鎖性胸膜損傷	
S0630			閉鎖性局所性脳挫傷	
S0630			閉鎖性局所性脳損傷	
S3650			閉鎖性結腸損傷	
S0640			閉鎖性後頭蓋窩硬膜外血腫	
S0690			閉鎖性後頭部外傷	
S0650			閉鎖性硬膜下血腫	
S0640			閉鎖性硬膜外血腫	
S0690			閉鎖性硬膜損傷	
T1420			閉鎖性骨折	
S3790			閉鎖性骨盤内臓器損傷	
S3760			閉鎖性子宮穿孔	
S3760			閉鎖性子宮損傷	
S0640			閉鎖性矢状洞部硬膜外血腫	
S3690			閉鎖性消化管血腫	
S3640			閉鎖性小腸損傷	
S0630			閉鎖性小脳挫傷	
S2780			閉鎖性食道損傷	
S2680			閉鎖性心臓挫傷	
S2690			閉鎖性心臓損傷	
H801			閉鎖性耳硬化症	
S2780			閉鎖性縦隔血腫	
S3640			閉鎖性十二指腸損傷	
S3700			閉鎖性腎損傷	
S3700			閉鎖性腎破裂	
S3620			閉鎖性膵損傷	
S3620			閉鎖性膵臓破裂	
S2770			閉鎖性多発性胸腔内臓器損傷	
S3770			閉鎖性多発性骨盤内臓器損傷	
S3670			閉鎖性多発性腹腔内臓器損傷	
S3610			閉鎖性胆管損傷	
S3610			閉鎖性胆のう損傷	
T143			閉鎖性脱臼	
S0640			閉鎖性遅発性硬膜外血腫	
S3690			閉鎖性腸管損傷	
S3690			閉鎖性腸管破裂	
S3680			閉鎖性腸間膜損傷	
S3660			閉鎖性直腸損傷	
S099			閉鎖性頭部外傷	
S0690			閉鎖性頭部損傷	
S2250			閉鎖性動揺胸郭	
S2680			閉鎖性鈍的心臓外傷	
S3710			閉鎖性尿管挫傷	
S3710			閉鎖性尿管損傷	
S3710			閉鎖性尿管断裂	
S3730			閉鎖性尿道損傷	
S3730			閉鎖性尿道断裂	
S3790			閉鎖性尿路損傷	
S0630			閉鎖性脳幹挫傷	
S0620			閉鎖性脳挫創	
S0690			閉鎖性脳損傷	
S0690			閉鎖性脳対側損傷	
S0690			閉鎖性脳直撃損傷	
S0620			閉鎖性脳底部挫傷	
S2730			閉鎖性肺挫傷	
S2730			閉鎖性肺損傷	
S2730			閉鎖性肺破裂	
S0650			閉鎖性半球間硬膜下血腫	
S0680			閉鎖性皮質下脳損傷	
S3600			閉鎖性脾損傷	
S0620			閉鎖性びまん性脳損傷	
S3690			閉鎖性腹腔内臓器損傷	
S3780			閉鎖性副腎損傷	
S3720			閉鎖性膀胱損傷	
S0680			閉鎖性傍大脳鎌血腫	
S3750			閉鎖性卵管損傷	
S3740			閉鎖性卵巣損傷	
F402			閉所恐怖症	
M4039			平背症候群	
K566			閉塞性イレウス	
K440			閉塞性横隔膜ヘルニア	
K831			閉塞性黄疸	
R942			閉塞性換気障害	
K744			閉塞性肝硬変	
J448			閉塞性気管支炎	
I709			閉塞性血管炎	
I731			閉塞性血栓血管炎	
J448			閉塞性細気管支炎	
K420			閉塞性臍ヘルニア	
G473			閉塞性睡眠時無呼吸	
G039			閉塞性髄膜炎	
K403			閉塞性鼡径ヘルニア	
K413			閉塞性大腿ヘルニア	
K566			閉塞性大腸炎	
I709			閉塞性動脈硬化症	
I709			閉塞性動脈内膜炎	
I669			閉塞性脳血管障害	
J188			閉塞性肺炎	
J439			閉塞性肺気腫	
I421			閉塞性肥大型心筋症	
J310			閉塞性鼻炎	
K430			閉塞性腹壁瘢痕ヘルニア	
K436			閉塞性腹壁ヘルニア	
K450			閉塞性閉鎖孔ヘルニア	
K433			閉塞性傍ストーマヘルニア	
J981			閉塞性無気肺	
H262			併発白内障	
R492			閉鼻声	
D552			ヘキソキナーゼ欠乏性貧血	
D251			壁内子宮平滑筋腫	
T888			ヘッドギア付ダイナミックポジショナー破損	
T888			ヘッドギア付ダイナミックポジショナー不適合	
D573			ヘテロ接合型ヘモグロビンＳ症	
M151			ヘバーデン結節	
D685			ヘパリン・コファクターＩＩ欠乏症	
D695			ヘパリン起因性血小板減少症	
T630			ヘビ咬傷	
T630			ヘビ毒	
L26			ヘブラ粃糠疹	
L282			ヘブラ痒疹	
I446			ヘミブロック	
E831			ヘモクロマトーシス	
E831			ヘモクロマトーシス性関節障害	
D582			ヘモグロビンＣ病	
D582			ヘモグロビンＤ病	
D582			ヘモグロビンＥ病	
D740			ヘモグロビンＭ病	
D572			ヘモグロビンＳＣ病	
D572			ヘモグロビンＳＤ病	
D572			ヘモグロビンＳＥ病	
D570			ヘモグロビンＳＳ病	
D582			ヘモグロビン異常症	
R823			ヘモグロビン尿症	
E831			ヘモジデリン沈着症	
F843			ヘラー症候群	
K296			ヘリコバクター・ピロリ胃炎	
A498			ヘリコバクター・ピロリ感染症	
B085			ヘルパンギーナ	
B009			ヘルペスウイルス感染症	
B003			ヘルペスウイルス髄膜炎	
B002			ヘルペスウイルス性咽頭炎	
B005			ヘルペスウイルス性角結膜炎	
B008			ヘルペスウイルス性肝炎	
A600			ヘルペスウイルス性外陰腟炎	
B001			ヘルペスウイルス性外耳炎	
B005			ヘルペスウイルス性虹彩炎	
B005			ヘルペスウイルス性虹彩毛様体炎	
B000			ヘルペスウイルス性湿疹	
B002			ヘルペスウイルス性歯肉口内炎	
B004			ヘルペスウイルス性髄膜脳炎	
B005			ヘルペスウイルス性前部ぶどう膜炎	
A600			ヘルペスウイルス性腟炎	
B007			ヘルペスウイルス性敗血症	
B008			ヘルペスウイルス性ひょう疽	
B005			ヘルペスウイルス性網脈絡膜炎	
B004			ヘルペスウイルス脊髄炎	
B004			ヘルペスウイルス脳脊髄炎	
B005			ヘルペス角膜炎	
B002			ヘルペス口内炎	
B004			ヘルペス脳炎	
B941			ヘルペス脳炎後遺症	
E703			ヘルマンスキー・パドラック症候群	
Q811			ヘルリッツ型接合部型表皮水疱症	
T401			ヘロイン中毒	
H161			辺縁角膜炎	
F070			辺縁系てんかん人格症候群	
G049			辺縁系脳炎	
K053			辺縁性化膿性歯根膜炎	
K053			辺縁性歯周組織炎	
O441			辺縁前置胎盤	
H162			辺縁フリクテン	
H546			片眼視力低下	
J156			変形菌肺炎	
M1991			変形性肩関節症	
M1999			変形性関節症	
K076			変形性顎関節症	
M1991			変形性胸鎖関節症	
M4784			変形性胸椎症	
M4782			変形性頚椎症	
M1991			変形性肩鎖関節症	
M169			変形性股関節症	
M179			変形性膝関節症	
M1993			変形性手関節症	
M4799			変形性脊椎炎	
M4799			変形性脊椎症	
M1997			変形性足関節症	
M1992			変形性肘関節症	
M1994			変形性中手関節症	
M4786			変形性腰椎症	
R71			変形赤血球症	
M8409			変形治癒骨折	
H531			変視症	
Q748			片肢性骨端異形成症	
R638			偏食	
K037			変色歯	
G439			片頭痛	
G433			片頭痛性前兆に誘発される痙攣発作	
I639			片頭痛性脳梗塞	
G438			片頭痛に関連する周期性症候群	
G432			片頭痛発作重積	
R498			変声	
H442			変性近視	
M4186			変性側弯症	
R202			片側感覚異常	
R200			片側感覚消失	
R201			片側感覚鈍麻	
Q045			片側巨脳症	
G405			片側痙攣片麻痺てんかん症候群	
Z896			片側骨盤切断術後	
Z896			片側骨盤離断術後	
Q369			片側性完全唇裂	
Q379			片側性唇・粘膜下口蓋裂	
Q379			片側性唇顎・粘膜下口蓋裂	
Q379			片側性唇顎口蓋裂	
Q371			片側性唇顎硬口蓋裂	
Q375			片側性唇顎硬軟口蓋裂	
Q373			片側性唇顎軟口蓋裂	
Q379			片側性唇顎裂	
Q379			片側性唇口蓋垂裂	
Q379			片側性唇口蓋裂	
Q371			片側性唇硬口蓋裂	
Q375			片側性唇硬軟口蓋裂	
Q373			片側性唇軟口蓋裂	
Q369			片側性唇裂	
Q369			片側性不完全唇裂	
R201			片側対性知覚麻痺	
R203			片側知覚過敏	
R201			片側知覚不全	
R201			片側知覚麻痺	
R203			片側痛覚過敏	
R200			片側痛覚消失	
R201			片側痛覚鈍麻	
Q898			片側肥大症	
H919			片側聾	
Q369			変治唇裂	
C859			扁桃悪性リンパ腫	
B442			扁桃アスペルギルス症	
J358			扁桃遺残	
T172			扁桃異物	
J039			扁桃炎	
J358			扁桃潰瘍	
C090			扁桃窩癌	
C099			扁桃癌	
J358			扁桃結石	
J36			扁桃周囲炎	
J36			扁桃周囲膿瘍	
D370			扁桃腫瘍	
A360			扁桃ジフテリア	
J039			扁桃性アンギナ	
A010			扁桃チフス	
C099			扁桃肉腫	
D104			扁桃乳頭腫	
J36			扁桃膿瘍	
J358			扁桃瘢痕	
J351			扁桃肥大	
J350			扁桃病巣感染症	
D104			扁桃良性腫瘍	
M9125			扁平股	
A513			扁平コンジローマ	
L309			扁平湿疹	
M2147			扁平足	
L439			扁平苔癬	
L438			扁平苔癬様角化症	
Q764			扁平椎	
Q758			扁平頭蓋	
Q668			扁平内反足	
D229			扁平母斑	
B07			扁平疣贅	
G819			片麻痺	
G431			片麻痺性片頭痛	
Q778			変容性骨異形成症	
F480			ベーアド病	
M7126			ベーカーのう腫	
E713			β−ケトチオラーゼ欠損症	
E771			β−マンノシドーシス	
E728			ベータアミノ酸代謝障害	
D561			ベータサラセミア	
M352			ベーチェット病	
H355			ベール病	
R943			ベクトル心電図異常	
A65			ベジェル	
G710			ベスレムミオパチー	
G710			ベッカー型筋ジストロフィー	
G711			ベッカー病	
D225			ベッカー母斑	
Q873			ベックウィズ・ウイーデマン症候群	
K120			ベドナーアフタ	
L200			ベニエ痒疹	
A922			ベネズエラ馬脳脊髄炎ウイルス病	
A968			ベネズエラ出血熱	
I679			ベネディクト症候群	
I472			ベラパミル感受性心室頻拍	
T567			ベリリウム中毒	
J632			ベリリウム肺症	
J632			ベリリウム肺症性肝肉芽腫	
G930			ベルガ腔のう胞	
R200			ベルゲル感覚異常	
D691			ベルナール・スーリエ症候群	
L562			ベルロック皮膚炎	
R195			便異常	
Q210			弁下型左室右房交通症	
R15			便失禁	
O629			娩出力異常	
R195			便色異常	
R80			ベンス・ジョーンズ蛋白尿症	
C900			ベンスジョーンズ型多発性骨髄腫	
R195			便潜血	
T521			ベンゼン中毒	
T522			ベンゼンの同族体の毒作用	
F132			ベンゾジアゼピン依存症	
T424			ベンゾジアゼピン中毒	
L84			胼胝	
B79			鞭虫症	
K590			便通異常	
K589			便秘型過敏性腸症候群	
K590			便秘症	
I38			弁膜炎	
I489			弁膜症性心房細動	
I38			弁膜閉鎖不全症	
Z950			ペースメーカ植え込み後	
T827			ペースメーカ植え込み後感染症	
T828			ペースメーカ植え込み後皮膚圧迫壊死	
T821			ペースメーカ電池消耗	
T821			ペースメーカ不全	
T821			ペースメーカリード断線	
Q134			ペータース異常	
A209			ペスト	
A203			ペスト髄膜炎	
A207			ペスト敗血症	
T404			ペチジン中毒	
N898			ペッサリー潰瘍	
B482			ペトリエリド症	
B484			ペニシリウム症	
T887			ペニシリンアレルギー	
T886			ペニシリンショック	
A491			ペニシリン耐性肺炎球菌感染症	
A498			ペプトコッカス感染	
A498			ペプトストレプトコックス属感染	
E52			ペラグラ	
E52			ペラグラ性脳症	
E52			ペラグラ性皮膚炎	
G238			ペリー症候群	
E752			ペリツェウス・メルツバッハ病	
G378			ペリツェウス・メルツバッハ様病１	
A441			ペルー疣贅	
E713			ペルオキシソーム形成異常症	
E713			ペルオキシソーム病	
D720			ペルゲル・ヒュー症候群	
M9115			ペルテス病	
E748			ペントース尿症	
E071			ペンドレッド症候群	
T888			ホールディングアーチ脱離	
T888			ホールディングアーチ破損	
T888			ホールディングアーチ不適合	
F843			崩壊精神病	
L039			蜂窩織炎	
J36			蜂窩織炎性アンギナ	
F631			放火癖	
N47			包茎	
K073			方形歯列弓	
N998			包茎術後変形	
E708			芳香族Ｌ−アミノ酸脱炭酸酵素欠損症	
E709			芳香族アミノ酸代謝障害	
T814			縫合糸膿瘍	
T813			縫合不全	
T810			縫合不全出血	
T818			縫合部狭窄	
T818			縫合部硬結	
T814			縫合部膿瘍	
K049			放散性歯痛	
R529			放散痛	
T634			蜂刺症	
K296			放射線胃炎	
J392			放射線咽頭炎	
L589			放射線角化腫	
T66			放射線外傷	
I308			放射線急性心膜炎	
J701			放射線胸膜炎	
K117			放射線口腔乾燥症	
E032			放射線甲状腺機能低下症	
H470			放射線視神経症	
T66			放射線宿酔	
N304			放射線出血性膀胱炎	
E890			放射線照射後甲状腺機能低下症	
M962			放射線照射後脊柱後弯症	
M965			放射線照射後脊柱側弯症	
K20			放射線食道炎	
G628			放射線神経炎	
I319			放射線心膜炎	
K102			放射線性下顎骨骨髄炎	
K102			放射線性化膿性顎骨壊死	
K102			放射線性顎骨壊死	
E064			放射線性甲状腺炎	
K121			放射線性口内炎	
K520			放射線性大腸炎	
K520			放射線性腸炎	
T300			放射線性熱傷	
J701			放射線性肺線維症	
D612			放射線性貧血	
N304			放射線性膀胱炎	
G958			放射線脊髄症	
K117			放射線唾液分泌障害	
K627			放射線直腸炎	
E890			放射線治療後甲状腺機能低下症	
I678			放射線脳壊死	
G938			放射線脳症	
J700			放射線肺炎	
H268			放射線白内障	
L589			放射線皮膚炎	
L598			放射線皮膚潰瘍	
I319			放射線慢性心膜炎	
H350			放射線網膜症	
K006			萌出異常	
K051			萌出性歯肉炎	
K006			萌出遅延	
K090			萌出のう胞	
L108			疱疹状天疱瘡	
L401			疱疹状膿痂疹	
L851			胞状異角化症	
O019			胞状奇胎	
D369			胞状腺腫	
H335			胞状網膜剥離	
T426			抱水クロラール中毒	
B471			放線菌腫	
A429			放線菌症	
A427			放線菌症性敗血症	
L039			蜂巣炎	
J391			蜂巣炎性咽頭炎	
K358			蜂巣炎性虫垂炎	
C499			胞巣状軟部肉腫	
R14			放屁	
N481			包皮炎	
S312			包皮挫創	
N488			包皮腫瘤	
S312			包皮切創	
S312			包皮裂創	
T888			補強線破損	
Z518			保険給付歯科矯正抜歯	
Z718			保健指導	
T888			保隙装置破損	
T888			保隙装置不適合	
R268			歩行異常	
R262			歩行困難	
R262			歩行障害	
R620			歩行遅延	
F680			補償神経症	
C819			ホジキンリンパ腫	
F432			ホスピタリズム	
D841			補体欠損症	
G255			発作性運動誘発舞踏アテトーシス	
D596			発作性寒冷ヘモグロビン尿症	
R060			発作性呼吸困難	
G118			発作性失調症	
F488			発作性神経症	
I480			発作性心房細動	
I471			発作性心房頻拍	
G255			発作性ジストニア性舞踏アテトーシス	
I471			発作性上室頻拍	
R51			発作性頭痛	
I471			発作性接合部頻拍	
I479			発作性頻拍	
I480			発作性頻脈性心房細動	
G440			発作性片側頭痛	
D595			発作性夜間ヘモグロビン尿症	
S051			ホッシウス輪	
R21			発疹	
A759			発疹チフス	
A752			発疹熱	
R21			発赤	
T888			補綴隙破損	
T888			補綴隙不適合	
R232			ほてり	
P922			哺乳障害	
P922			哺乳不全	
P922			哺乳力低下	
E039			ホフマン症候群	
E721			ホモシスチン尿症	
R268			歩容異常	
Q872			ホルト・オラム症候群	
G902			ホルネル症候群	
T592			ホルムアルデヒドガス中毒	
E071			ホルモン合成障害性甲状腺腫	
D449			ホルモン産生腫瘍	
C621			ホルモン産生精巣腫瘍	
D391			ホルモン産生卵巣腫瘍	
F55			ホルモン剤乱用	
T888			ホルンタイププロトラクター破損	
T888			ホルンタイププロトラクター不適合	
D818			ホロカルボキシラーゼ合成酵素欠損症	
K918			ホワイトヘッド肛門	
G252			本態性音声振戦症	
E741			本態性果糖尿症	
D891			本態性クリオグロブリン血症	
D473			本態性血小板血症	
I10			本態性高血圧症	
E780			本態性高コレステロール血症	
E785			本態性高脂血症	
R509			本態性高体温症	
E870			本態性高ナトリウム血症	
D619			本態性再生不良性貧血	
G250			本態性振戦	
G909			本態性自律神経症	
I950			本態性低血圧症	
E871			本態性低ナトリウム血症	
E834			本態性低マグネシウム血症	
G932			本態性頭蓋内圧亢進症	
D728			本態性白血球増多症	
D649			本態性貧血	
E748			本態性ペントース尿症	
D049			ボーエン病	
B07			ボーエン様丘疹症	
J631			ボーキサイト線維症	
L604			ボー線	
T888			ボーンタイププロトラクター破損	
T888			ボーンタイププロトラクター不適合	
A032			ボイド菌赤痢	
Z894			ボイド切断術後	
D430			傍鞍部腫瘍	
G930			傍鞍部類表皮のう胞	
L744			乏汗症	
N309			膀胱炎	
C671			膀胱円蓋部膀胱癌	
N328			膀胱潰瘍	
N328			膀胱下垂	
F453			膀胱過敏症	
S372			膀胱外傷	
Q641			膀胱外反症	
C679			膀胱癌	
Z126			膀胱癌検診	
R948			膀胱機能検査異常	
N329			膀胱機能障害	
N323			膀胱憩室	
N323			膀胱憩室炎	
N210			膀胱憩室結石	
N320			膀胱頚部狭窄	
N320			膀胱頚部硬化症	
N328			膀胱頚部肥厚	
Q643			膀胱頚部閉鎖	
N320			膀胱頚部閉塞	
C675			膀胱頚部膀胱癌	
D414			膀胱頚部ポリープ	
A181			膀胱結核	
D180			膀胱血管腫	
N210			膀胱結石症	
N308			膀胱後部膿瘍	
C674			膀胱後壁部膀胱癌	
N303			膀胱三角部炎	
C670			膀胱三角部膀胱癌	
N821			膀胱子宮頚瘻	
N308			膀胱周囲炎	
N308			膀胱周囲膿瘍	
N328			膀胱出血	
D414			膀胱腫瘍	
N328			膀胱腫瘤	
D090			膀胱上皮内癌	
N328			膀胱石灰化	
Q647			膀胱先天性異常	
C673			膀胱前壁部膀胱癌	
C672			膀胱側壁部膀胱癌	
S372			膀胱損傷	
S3721			膀胱損傷・骨盤腔に達する開放創合併あり	
S3720			膀胱損傷・骨盤腔に達する開放創合併なし	
R33			膀胱タンポナーデ	
N820			膀胱腟瘻	
N321			膀胱腸瘻	
N319			膀胱直腸障害	
R398			膀胱痛	
T191			膀胱内異物	
C679			膀胱肉腫	
D303			膀胱乳頭腫	
N137			膀胱尿管逆流	
N821			膀胱尿管腟瘻	
N342			膀胱尿道炎	
C679			膀胱尿路上皮癌	
N328			膀胱白板症	
N324			膀胱破裂	
N322			膀胱皮膚瘻	
D303			膀胱平滑筋腫	
N811			膀胱ヘルニア・女性	
N328			膀胱ヘルニア・男性	
C679			膀胱扁平上皮癌	
D414			膀胱ポリープ	
N811			膀胱瘤	
O348			膀胱瘤合併妊娠	
D303			膀胱良性腫瘍	
Z435			膀胱瘻開口部に対する手当て	
Z935			膀胱瘻造設状態	
C419			傍骨性骨肉腫	
C700			傍矢状洞悪性髄膜腫	
D320			傍矢状洞髄膜腫	
I458			房室解離	
I492			房室接合部期外収縮	
Q212			房室中隔欠損症	
I443			房室伝導障害	
I443			房室ブロック	
C809			傍腫瘍性辺縁系脳炎	
K449			傍食道ヘルニア	
D447			傍神経節腫	
K571			傍十二指腸乳頭憩室	
K458			傍十二指腸ヘルニア	
N281			傍腎盂のう胞	
C499			紡錘形細胞肉腫	
I671			紡錘状脳動脈瘤	
K435			傍ストーマヘルニア	
S068			傍大脳鎌血腫	
S0681			傍大脳鎌血腫・頭蓋内に達する開放創合併あり	
S0680			傍大脳鎌血腫・頭蓋内に達する開放創合併なし	
C719			乏突起神経膠腫	
R34			乏尿	
N838			傍卵管のう胞	
Q505			傍卵巣のう胞	
H214			膨隆虹彩	
R456			暴力行為	
S630			母指ＣＭ関節亜脱臼	
M189			母指ＣＭ関節症	
S630			母指ＣＭ関節脱臼	
M2534			母指ＣＭ関節不安定症	
M189			母指ＣＭ関節変形性関節症	
S636			母指ＩＰ関節尺側側副靱帯損傷	
S935			母趾ＩＰ関節側副靱帯損傷	
S636			母指ＩＰ関節側副靱帯損傷	
S636			母指ＩＰ関節橈側側副靱帯損傷	
S636			母指ＭＰ関節尺側側副靱帯損傷	
S634			母指ＭＰ関節尺側側副靱帯断裂	
S636			母指ＭＰ関節側副靱帯損傷	
S935			母趾ＭＰ関節側副靱帯損傷	
S634			母指ＭＰ関節側副靱帯断裂	
M2554			母指ＭＰ関節痛	
S636			母指ＭＰ関節橈側側副靱帯損傷	
S634			母指ＭＰ関節橈側側副靱帯断裂	
M2534			母指ＭＰ関節不安定症	
C436			母指悪性黒色腫	
C437			母趾悪性黒色腫	
S9241			母趾開放骨折	
S6251			母指開放骨折	
M6504			母指化膿性腱鞘炎	
M1994			母指関節症	
S631			母指関節脱臼	
M2557			母趾関節痛	
S636			母指関節捻挫	
P379			母子感染	
S563			母指外転筋断裂	
M674			母趾ガングリオン	
M674			母指ガングリオン	
S9241			母趾基節骨開放骨折	
S6251			母指基節骨開放骨折	
S6250			母指基節骨骨折	
S9240			母趾基節骨骨折	
S9240			母趾基節骨骨端線損傷	
S6250			母指基節骨骨端線損傷	
C446			母指基底細胞癌	
C447			母趾基底細胞癌	
M6254			母指球筋萎縮	
G728			母指球筋麻痺	
T231			母指球部第１度熱傷	
T232			母指球部第２度熱傷	
T233			母指球部第３度熱傷	
M7964			母指球部痛	
M6544			母指狭窄性腱鞘炎	
M2454			母指屈曲拘縮	
M6594			母指屈筋腱腱鞘炎	
M678			母指屈筋腱癒着	
D180			母指血管腫	
S654			母指血管損傷	
M6594			母指腱鞘炎	
D211			母指腱鞘巨細胞腫	
M200			母指腱性マレット指	
S610			母指咬創	
S9240			母趾骨折	
S6250			母指骨折	
M8697			母趾骨髄炎	
M8694			母指骨髄炎	
M200			母指骨性マレット指	
Q740			母指三指節症	
S600			母指挫傷	
S911			母趾挫創	
S610			母指挫創	
S610			母指刺創	
M8987			母趾種子骨障害	
R223			母指腫瘤	
M678			母指伸筋腱癒着	
S643			母指神経損傷	
S618			母指示指間切創	
S610			母指切創	
S680			母指切断	
S902			母趾爪下血腫	
S601			母指爪下血腫	
S636			母指側副靱帯損傷	
S634			母指側副靱帯断裂	
T231			母指第１度熱傷	
T232			母指第２度熱傷	
T233			母指第３度熱傷	
S610			母指打撲挫創	
S901			母趾打撲傷	
S600			母指打撲傷	
S6221			母指中手骨開放骨折	
S6220			母指中手骨骨折	
T928			母指陳旧性挫傷	
M7967			母趾痛	
M7964			母指痛	
L97			母趾難治性皮膚潰瘍	
T230			母指熱傷	
S935			母趾捻挫	
L024			母指膿瘍	
S610			母指剥皮創	
M6534			母指ばね指	
S608			母指皮下異物	
L97			母趾皮膚潰瘍	
C446			母指皮膚癌	
C447			母趾皮膚癌	
S911			母趾皮膚欠損創	
S610			母指皮膚欠損創	
M200			母指変形	
D046			母指ボーエン病	
D047			母趾ボーエン病	
D227			母趾母斑細胞母斑	
D226			母指母斑細胞母斑	
S9241			母趾末節骨開放骨折	
S6251			母指末節骨開放骨折	
S9240			母趾末節骨亀裂骨折	
S6250			母指末節骨亀裂骨折	
S9240			母趾末節骨骨折	
S6250			母指末節骨骨折	
S9240			母趾末節骨骨端線損傷	
S6250			母指末節骨骨端線損傷	
S610			母指末節部挫創	
M200			母指マレット指	
C446			母指有棘細胞癌	
C447			母趾有棘細胞癌	
A880			ボストン発疹	
E701			母性フェニルケトン尿症	
O40			母体因子による羊水過多症	
O750			母体窮迫	
P504			母体循環への胎児失血	
P925			母体乳房からの新生児哺乳困難	
O265			母体の低血圧症候群	
A771			ボタン熱	
M200			ボタンホール変形	
F522			勃起不全	
L010			ボックハルト膿痂疹	
A051			ボツリヌス中毒	
H818			ボニエ症候群	
P593			母乳性黄疸	
Q871			ボネビー・ウルリッヒ症候群	
D229			母斑	
D229			母斑細胞母斑	
Q859			母斑症	
D235			母斑様限局性体幹被角血管腫	
A961			ボリビア出血熱	
T888			ポータータイプ拡大装置破損	
T888			ポータータイプ拡大装置不適合	
Q798			ポーランド症候群	
Q858			ポイツ・ジェガース症候群	
T888			ポスト脱離	
T888			ポスト破損	
T888			ポスト不適合	
H404			ポスナーシュロスマン症候群	
Q606			ポッター症候群	
D369			ポリープ	
H353			ポリープ状脈絡膜血管症	
J381			ポリープ様声帯	
A809			ポリオ	
A809			ポリオウイルス感染症	
A809			ポリオウイルス髄膜炎	
E802			ポルフィリン症	
A848			ポワッサンウイルス病	
T888			ポンティック破損	
T827			ポンプポケット感染	
E740			ポンペ病	
Q875			マーシャル症候群	
Q740			マーデルング変形	
A983			マールブルグ病	
A493			マイコプラズマ感染症	
J200			マイコプラズマ気管支炎	
P236			マイコプラズマ性先天性肺炎	
J157			マイコプラズマ肺炎	
Q923			マイナートリソミー	
K011			埋伏歯	
K011			埋伏智歯	
H000			マイボーム腺炎	
H028			マイボーム腺機能不全	
H028			マイボーム腺梗塞	
D485			マイボーム腺腫瘍	
Q556			埋没陰茎	
Q178			埋没耳	
T888			マキシラリトラクター破損	
T888			マキシラリトラクター不適合	
Q781			マクキューン・オルブライト症候群	
F488			膜症神経症	
J028			膜性咽頭炎	
J40			膜性気管支炎	
N052			膜性腎症	
N055			膜性増殖性糸球体腎炎	
N055			膜性増殖性糸球体腎炎１型	
N056			膜性増殖性糸球体腎炎２型	
N055			膜性増殖性糸球体腎炎３型	
Q165			膜迷路異常	
N946			膜様月経困難症	
E786			マクラウド症候群	
J430			マクロード症候群	
R748			マクロアミラーゼ血症	
E612			マグネシウム欠乏症	
E834			マグネシウム欠乏性テタニー	
E834			マグネシウム代謝障害	
T568			マグネシウム中毒	
G112			マシャド・ジョセフ病	
B059			麻疹	
B051			麻疹髄膜炎	
B058			麻疹性角結膜炎	
B058			麻疹性角膜炎	
B058			麻疹性結膜炎	
B053			麻疹性中耳炎	
B050			麻疹脊髄炎	
B050			麻疹脳炎	
B050			麻疹脳脊髄炎	
B052			麻疹肺炎	
L539			麻疹様紅斑	
B358			マジョッキ肉芽腫	
T885			麻酔覚醒遅延	
T885			麻酔後低体温	
T882			麻酔ショック	
T883			麻酔性悪性高熱症	
T888			マスクタイププロトラクター破損	
T888			マスクタイププロトラクター不適合	
B470			マズラ菌症	
F655			マゾヒズム	
B880			まだに症	
C809			末期癌	
N185			末期腎不全	
E740			マックアードル病	
D898			マックル・ウエルズ症候群	
R02			末梢壊死	
T467			末梢血管拡張薬中毒	
T145			末梢血管外傷	
I99			末梢血管合併症	
Q279			末梢血管奇形	
Z520			末梢血幹細胞移植ドナー	
C479			末梢神経悪性腫瘍	
G629			末梢神経炎	
D482			末梢神経腫瘍	
G629			末梢神経障害	
G64			末梢神経障害性疼痛	
R430			末梢神経性嗅覚障害	
T144			末梢神経損傷	
I739			末梢循環障害	
R579			末梢循環不全	
G904			末梢自律神経過敏	
G909			末梢自律神経ニューロパチー	
C844			末梢性Ｔ細胞リンパ腫	
C844			末梢性Ｔ細胞リンパ腫・詳細不明	
H55			末梢性眼振	
G510			末梢性顔面神経麻痺	
I739			末梢性血管攣縮	
G64			末梢性神経障害性疼痛	
Q273			末梢性動静脈奇形	
Q256			末梢性肺動脈狭窄症	
R600			末梢性浮腫	
H813			末梢性めまい症	
H819			末梢前庭障害	
I771			末梢動脈狭窄症	
I7020			末梢動脈硬化症	
I7021			末梢動脈硬化症・壊疽あり	
I739			末梢動脈疾患	
I744			末梢動脈塞栓症	
H832			末梢迷路障害	
B658			マッテ住血吸虫症	
K560			麻痺性イレウス	
H024			麻痺性眼瞼下垂症	
H021			麻痺性眼瞼外反症	
M2435			麻痺性股関節脱臼	
H570			麻痺性散瞳	
R491			麻痺性失声症	
H499			麻痺性斜視	
H570			麻痺性縮瞳	
M2157			麻痺性尖足	
M4149			麻痺性側弯症	
H022			麻痺性兎眼症	
M2157			麻痺性内反足	
R261			麻痺性歩行	
R609			麻痺側浮腫	
Q784			マフッチ症候群	
T630			マムシ咬傷	
K031			磨耗症	
F112			麻薬中毒	
B452			マラセチア毛包炎	
B54			マラリア	
B54			マラリア性悪液質	
G600			マリー失調症	
E220			マリー症候群	
G111			マリネスコ・シェーグレン症候群	
F122			マリファナ依存	
F122			マリファナ中毒	
G371			マルキアファーヴァ・ビニャミ症候群	
Q871			マルケサーニ症候群	
S3270			マルゲーヌ骨折	
A771			マルセイユ熱	
A239			マルタ熱	
G712			マルチコア病	
T888			マルチブラケット装置脱離	
T888			マルチブラケット装置破損	
T888			マルチブラケット装置不適合	
E752			マルチプルスルファターゼ欠損症	
Q874			マルファン症候群	
A834			マレー渓谷脳炎	
B741			マレー糸状虫症	
M200			マレット指	
K226			マロリ・ワイス症候群	
E613			マンガン欠乏症	
T572			マンガン中毒	
J9610			慢性１型呼吸不全	
J9611			慢性２型呼吸不全	
C917			慢性ＮＫ細胞リンパ増殖性疾患	
M6586			慢性アキレス腱腱鞘炎	
A061			慢性アメーバ症	
A061			慢性アメーバ赤痢	
K709			慢性アルコール性肝障害	
K704			慢性アルコール性肝不全	
F107			慢性アルコール性脳症候群	
H654			慢性アレルギー性中耳炎	
K295			慢性胃炎	
K257			慢性胃潰瘍	
K257			慢性胃潰瘍活動期	
L904			慢性萎縮性肢端皮膚炎	
K051			慢性萎縮性老人性歯肉炎	
T860			慢性移植片対宿主病	
K529			慢性胃腸炎	
J370			慢性咽喉頭炎	
J312			慢性咽頭炎	
J312			慢性咽頭カタル	
J312			慢性咽頭痛	
B189			慢性ウイルス肝炎	
I500			慢性うっ血性心不全	
F951			慢性運動性チック障害	
B441			慢性壊死性肺アスペルギルス症	
K040			慢性壊疽性歯髄炎	
C833			慢性炎症関連びまん性大細胞型Ｂ細胞性リンパ腫	
G618			慢性炎症性脱髄性多発神経炎	
H401			慢性開放隅角緑内障	
K040			慢性開放性歯髄炎	
K040			慢性潰瘍性歯髄炎	
J311			慢性潰瘍性鼻咽頭炎	
J684			慢性化学性気管支炎	
H162			慢性角結膜炎	
G609			慢性家族性多発性神経炎	
H104			慢性カタル性結膜炎	
C845			慢性活動性ＥＢウイルス感染症	
M6589			慢性滑膜炎症	
J411			慢性化膿性気管支炎	
M8669			慢性化膿性骨髄炎	
K045			慢性化膿性根尖性歯周炎	
H663			慢性化膿性穿孔性中耳炎	
H663			慢性化膿性中耳炎	
J311			慢性化膿性鼻咽頭炎	
K739			慢性肝炎	
K739			慢性肝炎増悪	
I258			慢性冠状動脈不全	
M1399			慢性関節炎	
B99			慢性感染性貧血	
K721			慢性肝不全	
N763			慢性外陰炎	
G443			慢性外傷後頭痛	
H608			慢性外耳炎	
R05			慢性咳嗽	
K112			慢性顎下腺炎	
K076			慢性顎関節炎	
K102			慢性顎骨炎	
K102			慢性顎骨骨髄炎	
J42			慢性気管炎	
J42			慢性気管気管支炎	
J42			慢性気管支炎	
J47			慢性気管支拡張症	
J42			慢性気管支漏	
E871			慢性希釈性低ナトリウム血症	
R091			慢性胸膜炎	
K551			慢性虚血性全腸炎	
K551			慢性虚血性大腸炎	
K551			慢性虚血性腸炎	
T869			慢性拒絶反応	
G442			慢性緊張型頭痛	
G440			慢性群発頭痛	
M8656			慢性血行性脛骨骨髄炎	
M8659			慢性血行性骨髄炎	
M8655			慢性血行性大腿骨骨髄炎	
I272			慢性血栓塞栓性肺高血圧症	
H104			慢性結膜炎	
K529			慢性下痢症	
F28			慢性幻覚精神病	
H201			慢性虹彩毛様体炎	
J82			慢性好酸球性肺炎	
E063			慢性甲状腺炎	
L578			慢性光線性皮膚炎	
D600			慢性後天性赤芽球ろう	
J370			慢性喉頭炎	
J370			慢性喉頭蓋炎	
J371			慢性喉頭気管炎	
I620			慢性硬膜下血腫	
G919			慢性硬膜下水腫	
J9619			慢性呼吸不全	
J9609			慢性呼吸不全急性増悪	
H731			慢性鼓室炎	
M8669			慢性骨髄炎	
C921			慢性骨髄性白血病	
C921			慢性骨髄性白血病移行期	
C921			慢性骨髄性白血病急性転化	
C921			慢性骨髄性白血病慢性期	
C931			慢性骨髄単球性白血病	
N734			慢性骨盤腹膜炎	
H731			慢性鼓膜炎	
K045			慢性根尖性歯周炎	
I318			慢性細菌性心膜炎	
N411			慢性細菌性前立腺炎	
K861			慢性再発性膵炎	
D898			慢性再発性多発性骨髄炎	
N302			慢性再発性膀胱炎	
K053			慢性歯冠周囲炎	
L817			慢性色素性紫斑	
N039			慢性糸球体腎炎	
N711			慢性子宮内膜炎	
N731			慢性子宮傍結合織炎	
N711			慢性子宮留膿症	
K053			慢性歯周炎	
K053			慢性歯周膿瘍	
K040			慢性歯髄炎	
K047			慢性歯槽膿瘍	
L309			慢性湿疹	
K051			慢性歯肉炎	
B572			慢性シャガス病	
I311			慢性収縮性心膜炎	
H652			慢性漿液性中耳炎	
H654			慢性漿液ムチン性中耳炎	
F488			慢性心因反応	
I514			慢性心筋炎	
M7929			慢性神経痛	
H494			慢性進行性外眼筋麻痺症候群	
H652			慢性滲出性中耳炎	
I509			慢性心不全	
I482			慢性心房細動	
I319			慢性心膜炎	
K112			慢性耳下腺炎	
H680			慢性耳管炎	
H652			慢性耳管鼓室カタル	
H661			慢性耳管鼓室化膿性中耳炎	
K519			慢性持続型潰瘍性大腸炎	
K730			慢性持続性肝炎	
R53			慢性弱質	
K315			慢性十二指腸イレウス	
K298			慢性十二指腸炎	
K267			慢性十二指腸潰瘍	
K267			慢性十二指腸潰瘍活動期	
J398			慢性上気道炎	
H662			慢性上鼓室乳突洞化膿性中耳炎	
K603			慢性痔瘻	
N119			慢性腎盂腎炎	
N039			慢性腎炎症候群	
N189			慢性腎臓病	
N181			慢性腎臓病ステージＧ１	
N182			慢性腎臓病ステージＧ２	
N183			慢性腎臓病ステージＧ３	
N183			慢性腎臓病ステージＧ３ａ	
N183			慢性腎臓病ステージＧ３ｂ	
N184			慢性腎臓病ステージＧ４	
N185			慢性腎臓病ステージＧ５	
N185			慢性腎臓病ステージＧ５Ｄ	
N189			慢性腎不全	
L508			慢性じんま疹	
K861			慢性膵炎	
K859			慢性膵炎急性増悪	
G031			慢性髄膜炎	
A393			慢性髄膜炎菌菌血症	
N459			慢性精巣上体炎	
G049			慢性脊髄炎	
H669			慢性穿孔性中耳炎	
K140			慢性舌炎	
N411			慢性前立腺炎	
N410			慢性前立腺炎急性増悪	
K040			慢性増殖性歯髄炎	
L411			慢性苔癬状粃糠疹	
M8630			慢性多発性骨髄炎	
K830			慢性胆管炎	
C931			慢性単球性白血病	
K830			慢性胆細管炎	
K040			慢性単純性歯髄炎	
K811			慢性胆のう炎	
K529			慢性大腸炎	
I710			慢性大動脈解離	
K112			慢性唾液腺炎	
N761			慢性腟炎	
H669			慢性中耳炎	
H669			慢性中耳炎急性増悪	
H669			慢性中耳炎後遺症	
H669			慢性中耳炎術後再燃	
K36			慢性虫垂炎	
A061			慢性腸アメーバ症	
K529			慢性腸炎	
K551			慢性腸間膜動脈不全症候群	
K566			慢性腸狭窄症	
N036			慢性デンスデポジット病	
R522			慢性疼痛	
F628			慢性疼痛人格症候群	
Q438			慢性特発性偽性腸閉塞症	
D693			慢性特発性血小板減少性紫斑病	
A719			慢性トラコーマ	
I749			慢性動脈閉塞症	
D71			慢性肉芽腫症	
L208			慢性乳児湿疹	
N601			慢性乳腺炎	
N603			慢性乳腺症	
H701			慢性乳様突起炎	
N119			慢性尿細管間質性腎炎	
N342			慢性尿道炎	
N390			慢性尿路感染症	
G049			慢性脳炎	
J869			慢性膿胸	
L080			慢性膿皮症	
J852			慢性肺化膿症	
J439			慢性肺気腫	
I269			慢性肺血栓塞栓症	
B381			慢性肺コクシジオイデス症	
I279			慢性肺性心	
B401			慢性肺ブラストミセス症	
C951			慢性白血病	
K738			慢性非活動性肝炎	
H654			慢性非化膿性中耳炎	
N411			慢性非細菌性前立腺炎	
B372			慢性皮膚粘膜カンジダ症	
K140			慢性表在性舌炎	
G933			慢性疲労症候群	
D539			慢性貧血	
J311			慢性鼻咽頭炎	
J310			慢性鼻炎	
R509			慢性微熱	
N034			慢性びまん性管内増殖性糸球体腎炎	
N037			慢性びまん性半月体形成性糸球体腎炎	
N032			慢性びまん性膜性糸球体腎炎	
N033			慢性びまん性メサンギウム増殖性糸球体腎炎	
N119			慢性複雑性腎盂腎炎	
N302			慢性複雑性膀胱炎	
J329			慢性副鼻腔炎	
J329			慢性副鼻腔炎急性増悪	
J329			慢性副鼻腔膿瘍	
K658			慢性腹膜炎	
N701			慢性付属器炎	
K040			慢性閉鎖性歯髄炎	
H402			慢性閉塞隅角緑内障	
N111			慢性閉塞性腎盂腎炎	
J449			慢性閉塞性肺疾患	
J441			慢性閉塞性肺疾患の急性増悪	
K052			慢性辺縁性歯周炎急性発作	
K053			慢性辺縁性歯周炎軽度	
K053			慢性辺縁性歯周炎重度	
K053			慢性辺縁性歯周炎中等度	
G439			慢性片頭痛	
J350			慢性扁桃炎	
K590			慢性便秘	
K102			慢性放射線性顎骨壊死	
L581			慢性放射線皮膚炎	
G440			慢性発作性片側頭痛	
D70			慢性本態性好中球減少症症候群	
N302			慢性膀胱炎	
T427			慢性眠剤中毒	
H653			慢性ムコイド中耳炎	
H350			慢性網膜症	
K713			慢性薬物性肝炎	
K711			慢性薬物性肝不全	
T509			慢性薬物中毒	
J703			慢性薬物誘発性間質性肺障害	
A692			慢性遊走性紅斑	
I310			慢性癒着性心膜炎	
L282			慢性痒疹	
M5456			慢性腰痛症	
N701			慢性卵管炎	
N701			慢性卵巣炎	
I098			慢性リウマチ性冠状動脈炎	
I092			慢性リウマチ性心筋心膜炎	
I092			慢性リウマチ性心膜炎	
I092			慢性リウマチ性縦隔心膜炎	
F481			慢性離人症候群	
D70			慢性良性顆粒球減少症	
A540			慢性淋菌性尿道炎	
I891			慢性リンパ管炎	
C911			慢性リンパ性白血病	
I881			慢性リンパ節炎	
H044			慢性涙小管炎	
H040			慢性涙腺炎	
H044			慢性涙のう炎	
A242			慢性類鼻疽	
K601			慢性裂肛	
K601			慢性裂肛瘢痕	
H104			慢性濾胞性結膜炎	
B744			マンソネラ症	
B651			マンソン住血吸虫症	
T888			マンディブラリトラクター破損	
T888			マンディブラリトラクター不適合	
C831			マントル細胞リンパ腫	
E771			マンノシドーシス	
E803			ミエロペルオキシダーゼ欠損症	
G253			ミオクローヌス	
G403			ミオクローヌスてんかん	
G404			ミオクロニー欠神てんかん	
G404			ミオクロニー脱力発作を伴うてんかん	
R821			ミオグロビン尿	
G712			ミオチューブラーミオパチー	
G729			ミオパチー	
R432			味覚異常	
R432			味覚減退症	
R432			味覚障害	
R432			味覚消失	
Q245			右冠動脈肺動脈起始症	
Q245			右冠動脈左バルサルバ洞起始症	
Q257			右肺動脈形成不全症	
Q257			右肺動脈欠損	
Q257			右肺動脈上行大動脈起始症	
F078			右半球器質性感情障害	
K118			ミクリッツ症候群	
K118			ミクリッツ病	
B608			ミクロスポリジウム症	
S011			眉間部挫創	
S011			眉間部裂創	
T888			未研磨歯	
F608			未熟型パーソナリティ障害	
E550			未熟児くる病	
Q250			未熟児動脈管開存症	
P612			未熟児貧血	
P284			未熟児無呼吸発作	
H351			未熟児網膜症	
P280			未熟肺	
H269			未熟白内障	
Q703			みずかき趾	
Q701			みずかき指	
E877			水中毒	
A931			三日熱	
B519			三日熱マラリア	
E888			ミトコンドリアＤＮＡ枯渇症候群	
E888			ミトコンドリア肝症	
E888			ミトコンドリア呼吸鎖複合体欠損症	
E888			ミトコンドリア心筋症	
E888			ミトコンドリア糖尿病	
E888			ミトコンドリア糖尿病・眼合併症あり	
E888			ミトコンドリア糖尿病・ケトアシドーシス合併あり	
E888			ミトコンドリア糖尿病・昏睡合併あり	
E888			ミトコンドリア糖尿病・神経学的合併症あり	
E888			ミトコンドリア糖尿病・腎合併症あり	
E888			ミトコンドリア糖尿病・多発糖尿病性合併症あり	
E888			ミトコンドリア糖尿病・糖尿病性合併症あり	
E888			ミトコンドリア糖尿病・糖尿病性合併症なし	
E888			ミトコンドリア糖尿病・末梢循環合併症あり	
G713			ミトコンドリア脳筋症	
E888			ミトコンドリア病	
G713			ミトコンドリアミオパチー	
T561			水俣病	
G951			ミノール病	
Q282			未破裂先天性脳動静脈瘤	
I726			未破裂椎骨動脈解離	
I720			未破裂内頚動脈解離	
I671			未破裂脳動脈瘤	
C846			未分化大細胞リンパ腫	
C499			未分化肉腫	
Q828			ミベリー氏汗孔角化症	
D369			ミベリ被角血管腫	
K010			未萌出歯	
H938			耳萎縮	
S013			耳後部挫創	
R220			耳後部腫脹	
D487			耳後部腫瘍	
R220			耳後部腫瘤	
S004			耳後部打撲傷	
L028			耳後部膿瘍	
I881			耳後部リンパ節炎	
R590			耳後部リンパ節腫脹	
I881			耳後部リンパ腺炎	
H939			耳疾患	
D485			耳腫瘍	
R220			耳腫瘤	
B369			耳真菌症	
S099			耳損傷	
B022			耳帯状疱疹	
Q174			耳の位置異常	
H921			耳膿漏	
T700			耳の気圧性外傷	
B874			耳はえ幼虫症	
B001			耳ヘルペス	
R098			脈拍微弱	
D330			脈絡叢乳頭腫	
C693			脈絡膜悪性黒色腫	
H311			脈絡膜萎縮症	
H309			脈絡膜炎	
A185			脈絡膜結核	
D180			脈絡膜血管腫	
Q143			脈絡膜欠損症	
H311			脈絡膜硬化症	
D313			脈絡膜骨腫	
H319			脈絡膜疾患	
H313			脈絡膜出血	
D487			脈絡膜腫瘍	
H332			脈絡膜滲出	
H353			脈絡膜新生血管	
H313			脈絡膜断裂	
C794			脈絡膜転移癌	
Q143			脈絡膜の先天奇形	
H314			脈絡膜剥離	
H310			脈絡膜瘢痕	
H318			脈絡膜ヘルニア	
H311			脈絡膜変性	
D313			脈絡膜母斑	
D313			脈絡膜良性腫瘍	
T263			脈絡網膜熱傷	
K092			脈瘤性顎骨のう胞	
I679			ミヤール・ギュブレール症候群	
B664			宮崎肺吸虫症	
C882			ミュー重鎖病	
F681			ミュンヒハウゼン症候群	
G710			三好型筋ジストロフィー	
G710			三好型ミオパチー	
Q878			ミラー・ディカー症候群	
O362			ミラー症候群	
G610			ミラーフィッシャー症候群	
K831			ミリッチ症候群	
M8389			ミルクマン症候群	
B07			ミルメシア	
E880			無アルブミン血症	
E803			無カタラーゼ血症	
T634			ムカデ咬創	
D70			無顆粒球症	
D70			無顆粒球性アンギナ	
R200			無感覚症	
L744			無汗症	
Q824			無汗性外胚葉形成不全	
T673			無汗性日射病	
K078			無顎症	
Q111			無眼球症	
Q103			無眼瞼症	
D801			無ガンマグロブリン血症	
E839			無機質欠乏症	
E839			無機質代謝障害	
N19			無機能腎	
J981			無気肺	
R430			無嗅覚症	
Q041			無嗅脳症	
M331			無筋症性皮膚筋炎	
M8789			無菌性骨壊死	
K082			無菌性歯槽縁萎縮	
K868			無菌性膵壊死	
G030			無菌性髄膜炎	
T816			無菌性腹膜炎	
N912			無月経症	
F232			夢幻精神病	
H659			ムコーズス中耳炎	
B465			ムコール症	
H659			ムコイド中耳炎	
Q131			無虹彩	
Q131			無虹彩症	
B681			無鉤条虫症	
R068			無呼吸発作	
E763			ムコ多糖症	
E760			ムコ多糖症Ｉ型	
E761			ムコ多糖症ＩＩ型	
E762			ムコ多糖症ＩＩＩ型	
E762			ムコ多糖症ＩＶＡ型	
E762			ムコ多糖症ＩＶＢ型	
E762			ムコ多糖症ＩＶ型	
E762			ムコ多糖症ＶＩ型	
E762			ムコ多糖症ＶＩＩ型	
E779			ムコリピドーシス	
E770			ムコリピドーシス３型	
E751			ムコリピドーシス４型	
R470			無言症	
K318			無酸症	
H538			霧視	
D103			無歯顎堤乳頭腫	
D103			無歯顎堤良性腫瘍	
Q730			無肢症	
K000			無歯症	
R31			無症候性血尿	
K743			無症候性原発性胆汁性肝硬変	
K743			無症候性原発性胆汁性胆管炎	
E790			無症候性高尿酸血症	
C900			無症候性骨髄腫	
N390			無症候性細菌尿	
I256			無症候性心筋虚血	
A522			無症候性神経梅毒	
H931			無症候性耳鳴	
G35			無症候性多発性硬化症	
I638			無症候性多発性脳梗塞	
R80			無症候性蛋白尿	
I638			無症候性脳梗塞	
N390			無症候性膿尿	
A208			無症候性ペスト	
I638			無症候性ラクナ梗塞	
R200			無触覚症	
Q169			無耳症	
H270			無水晶体眼	
H405			無水晶体性緑内障	
K049			無髄歯	
N46			無精子症	
Q060			無脊髄症	
Q000			無脊髄脳症	
E830			無セルロプラスミン血症	
Q383			無舌症	
Q843			無爪症	
R934			無造影腎	
Q384			無唾液腺症	
T918			むちうち後遺症	
S134			むちうち損傷	
M0680			ムチランス変形	
L985			ムチン沈着症	
E063			無痛性甲状腺炎	
K802			無痛性胆石症	
Q000			無頭蓋症	
E880			無トランスフェリン血症	
R470			無動性無言症	
H931			無難聴性耳鳴	
Q832			無乳頭症	
Q838			無乳房	
R34			無尿	
R568			無熱性痙攣	
J189			無熱性肺炎	
R12			胸やけ	
Q043			無脳回症	
Q000			無脳症	
N970			無排卵月経	
N970			無排卵症	
E880			無ハプトグロブリン血症	
Q890			無脾症	
Q890			無脾症候群	
D688			無フィブリノゲン血症	
E786			無ベータリポ蛋白血症	
I472			無脈性心室頻拍	
L659			無毛症	
F513			夢遊症	
N310			無抑制性神経因性膀胱	
R53			無力症	
F607			無力性人格異常	
D728			無リンパ球症	
B269			ムンプス	
B268			ムンプス肝炎	
B268			ムンプス関節炎	
B268			ムンプス心筋炎	
B268			ムンプス腎炎	
B263			ムンプス膵炎	
B261			ムンプス髄膜炎	
B260			ムンプス精巣炎	
B262			ムンプス脊髄炎	
B268			ムンプス多発性ニューロパチー	
B268			ムンプス難聴	
B262			ムンプス脳炎	
B262			ムンプス脳脊髄炎	
B268			ムンプス卵巣炎	
G245			メージュ症候群	
E710			メープルシロップ尿症	
D694			メイ・ヘグリン異常症	
D720			メイ・ヘグリン症候群	
G522			迷走神経緊張症	
G522			迷走神経障害	
K911			迷走神経切離後症候群	
S048			迷走神経損傷	
G522			迷走神経痛	
G522			迷走神経麻痺	
H838			迷路うっ血	
H832			迷路過敏症	
H832			迷路機能異常	
H832			迷路機能損失	
H832			迷路機能低下症	
H802			迷路骨包耳硬化症	
H839			迷路障害	
H905			迷路性難聴	
A527			迷路梅毒	
H831			迷路瘻	
B658			メコン住血吸虫症	
F112			メサドン中毒	
N053			メサンギウム増殖性糸球体腎炎	
B72			メジナ虫症	
Q922			メジャートリソミー	
T409			メスカリン中毒	
D477			メソトレキセート関連リンパ増殖性疾患	
T426			メタカロン中毒	
B838			メタストロンギルス症	
E889			メタボリックシンドローム	
T444			メタラミノール中毒	
T888			メタルコア脱離	
T888			メタルコア破損	
T888			メタルコア不適合	
T888			メタルボンドクラウン過高	
T888			メタルボンドクラウン粗造	
T888			メタルボンドクラウン脱離	
T888			メタルボンドクラウン低位	
T888			メタルボンドクラウン破損	
T888			メタルボンドクラウン不適合	
T888			メタルリテーナー脱離	
T888			メタルリテーナー破損	
T888			メタルリテーナー不適合	
T511			メチルアルコール中毒	
E711			メチルクロトニルグリシン尿症	
E711			メチルマロン酸血症	
Q619			メッケル・グルーバー症候群	
Q430			メッケル憩室	
D749			メトヘモグロビン血症	
R823			メトヘモグロビン尿症	
Q861			メドウ症候群	
H810			メニエール症候群	
H810			メニエール病	
K296			メネトリエ病	
Q870			メビウス症候群	
R42			めまい	
R42			めまい感	
R42			めまい症	
H819			めまい症候群	
R42			めまい発作	
E54			メラー・バロウ病	
K140			メラー舌炎	
K137			メラニン過剰沈着	
L814			メラニン色素沈着症	
R829			メラニン尿	
Z731			メランコリー親和型性格	
G512			メルカーソン・ローゼンタール症候群	
C449			メルケル細胞癌	
G710			メロシン欠損型先天性筋ジストロフィー	
I889			免疫芽球性リンパ節症	
D808			免疫グロブリンＨ鎖欠損症	
R771			免疫グロブリン異常症	
R768			免疫グロブリン値上昇	
D899			免疫疾患	
C883			免疫増殖性小腸疾患	
D849			免疫不全	
Q824			免疫不全を伴う無汗性外胚葉形成異常症	
E830			メンケス病	
I702			メンケベルグ硬化症	
D848			メンデル遺伝型マイコバクテリア易感染症	
J954			メンデルソン症候群	
J660			綿肺症	
L700			面皰	
G408			モーア症候群	
M922			モークレアー病	
G576			モートン病	
T141			盲管銃創	
D239			毛芽腫	
K902			盲係蹄症候群	
L858			毛孔角化症	
L440			毛孔性紅色粃糠疹	
Q828			毛孔性苔癬	
L721			毛孔性のう胞	
L661			毛孔性扁平苔癬	
D225			蒙古斑	
I781			毛細血管拡張症	
G113			毛細血管拡張性運動失調症	
L980			毛細血管拡張性肉芽腫	
I789			毛細血管疾患	
I788			毛細血管出血	
D180			毛細血管性血管腫	
D698			毛細血管脆弱症	
L721			毛鞘性のう胞	
L818			網状肢端色素沈着症	
K133			毛状白板症	
L950			網状皮斑	
L415			網状類乾癬	
L678			毛脆弱症	
L738			毛瘡	
F200			妄想型統合失調症	
F61			妄想傾向	
F228			妄想性醜形恐怖症	
F220			妄想性障害	
F488			妄想性神経症	
F600			妄想性パーソナリティ障害	
L059			毛巣洞	
L059			毛巣のう胞	
F233			妄想反応	
F233			妄想を主とする急性精神病性障害	
L248			毛虫皮膚炎	
K598			盲腸アトニー	
K529			盲腸炎	
Q433a			盲腸回転不全	
K633			盲腸潰瘍	
C180			盲腸カルチノイド	
C180			盲腸癌	
K566			盲腸狭窄症	
K573			盲腸憩室	
K573			盲腸憩室炎	
K572			盲腸憩室穿孔	
K650			盲腸後部膿瘍	
K458			盲腸周囲ヘルニア	
D374			盲腸腫瘍	
C180			盲腸神経内分泌細胞癌	
C180			盲腸神経内分泌腫瘍	
D120			盲腸腺腫	
D374			盲腸粘膜下腫瘍	
K660			盲腸部癒着	
K635			盲腸ポリープ	
D120			盲腸良性腫瘍	
K632			盲腸瘻	
H534			盲点拡大	
R941			網電図異常	
B811			毛頭虫症	
D763			網内組織球腫	
K458			網のう孔ヘルニア	
B880			毛のう虫症	
L678			毛髪萎縮	
T182			毛髪胃石	
L671			毛髪変色	
L739			毛包炎	
C449			毛包癌	
H010			毛包眼瞼炎	
D239			毛包腫	
D239			毛包上皮腫	
L652			毛包性ムチン沈着症	
D229			毛包母斑	
D239			毛母腫	
Q141			網膜異形成	
S055			網膜異物	
H358			網膜うっ血	
H309			網膜炎	
H333			網膜円孔	
H356			網膜下出血	
C692			網膜芽細胞腫	
H333			網膜鋸状縁断裂	
H331			網膜鋸状縁のう胞	
H331			網膜偽のう胞	
Q141			網膜血管異常	
H350			網膜血管炎	
H342			網膜血管痙攣	
D180			網膜血管腫	
H350			網膜血管周囲炎	
H353			網膜血管腫状増殖	
H350			網膜血管障害	
H350			網膜血管鞘形成	
H350			網膜血管新生	
H350			網膜血管攣縮症	
H350			網膜血栓性静脈炎	
H333			網膜欠損	
H354			網膜格子状変性	
C692			網膜膠腫	
H350			網膜細動脈瘤	
H354			網膜柵状変性	
H354			網膜敷石状変性	
H355			網膜色素異常	
H356			網膜色素上皮下出血	
H355			網膜色素上皮症	
H357			網膜色素上皮剥離	
H355			網膜色素上皮変性	
H353			網膜色素線条症	
H353			網膜色素線状症	
Q141			網膜色素沈着	
H355			網膜色素斑	
H355			網膜色素変性	
H354			網膜周辺部瘢痕	
H354			網膜周辺部変性	
H356			網膜出血	
D487			網膜腫瘍	
H350			網膜症	
H359			網膜障害	
H438			網膜硝子体界面症候群	
H354			網膜小のう胞状変性	
H470			網膜神経障害	
D312			網膜神経線維腫	
H358			網膜滲出斑	
H356			網膜深層出血	
S058			網膜振盪	
H349			網膜循環障害	
H350			網膜静脈炎	
H348			網膜静脈血栓症	
H350			網膜静脈周囲炎	
H350			網膜静脈蛇行症	
H350			網膜静脈怒張	
H348			網膜静脈分枝閉塞症	
H348			網膜静脈分枝閉塞症による黄斑浮腫	
H348			網膜静脈閉塞症	
H348			網膜静脈閉塞症による黄斑浮腫	
H355			網膜性ジストロフィー	
H353			網膜赤道部変性	
H356			網膜前出血	
H353			網膜前膜	
H357			網膜層剥離	
H533			網膜対応異常	
H348			網膜中心静脈血栓症	
H348			網膜中心静脈塞栓症	
H348			網膜中心静脈閉塞症	
H348			網膜中心静脈閉塞症による黄斑浮腫	
H341			網膜中心動脈閉塞症	
H342			網膜動脈塞栓症	
H342			網膜動脈分枝閉塞症	
H342			網膜動脈閉塞症	
H331			網膜のう胞	
Q141			網膜の先天奇形	
H354			網膜白斑	
H332			網膜剥離	
H262			網膜剥離後白内障	
Z988			網膜剥離術後	
H310			網膜瘢痕	
H333			網膜馬蹄形裂孔	
Z988			網膜光凝固術後	
H356			網膜表在出血	
H358			網膜浮腫	
H331			網膜分離症	
G438			網膜片頭痛	
H354			網膜変性	
H350			網膜毛細血管瘤	
H354			網膜網状変性	
D312			網膜良性腫瘍	
H333			網膜裂孔	
H342			網脈微小塞栓症	
H313			網脈膜破裂	
H311			網脈絡膜萎縮	
H309			網脈絡膜炎	
H356			網脈絡膜出血	
H310			網脈絡膜瘢痕	
H311			網脈絡膜変性	
S053			網脈絡膜裂傷	
C719			毛様細胞性星細胞腫	
B812			毛様線虫症	
C694			毛様体悪性腫瘍	
H212			毛様体萎縮	
H447			毛様体異物残留	
H209			毛様体炎	
H525			毛様体筋麻痺	
D487			毛様体腫瘍	
H211			毛様体充血	
H213			毛様体のう胞	
H218			毛様体剥離	
H212			毛様体分離	
H212			毛様体変性	
D314			毛様体良性腫瘍	
R401			もうろう状態	
Q915			モザイクトリソミー１３	
Q911			モザイクトリソミー１８	
Q901			モザイクトリソミー２１	
A251			モニリフォルム連鎖桿菌症	
T431			モノアミンオキシダーゼ阻害性抗うつ薬中毒	
I441			モビッツ２型第２度房室ブロック	
I675			もやもや病	
J156			モラキセラ・カタラリス肺炎	
H102			モラックス・アクセンフェルド結膜炎	
G032			モラレ髄膜炎	
E615			モリブデン欠乏症	
E721			モリブデン補酵素欠損症	
K449			モルガーニ孔ヘルニア	
M8528			モルガーニ症候群	
G608			モルバン病	
F112			モルヒネ依存	
F112			モルヒネ型薬物依存	
T402			モルヒネ中毒	
F111			モルヒネ乱用	
F209			モレル・クレペリン病	
Q870			モワット・ウイルソン症候群	
S5200			モンテジア骨折	
I808			モンドール病	
K766			門脈圧亢進症	
K766			門脈圧亢進症性胃症	
K766			門脈圧亢進症性胃腸症	
K766			門脈圧亢進症性腸症	
K751			門脈炎	
K750			門脈炎性肝膿瘍	
K766			門脈拡張症	
Q265			門脈還流異常症	
R932			門脈ガス血症	
I81			門脈血栓症	
K746			門脈周囲性肝硬変	
K746			門脈性肝硬変	
Q265			門脈走行異常	
I81			門脈塞栓症	
S353			門脈損傷	
Q265			門脈閉鎖症	
I81			門脈閉塞症	
Q283			モンロー孔海綿状血管腫	
Q038			モンロー孔閉塞症	
R202			夜間異常知覚症	
R32			夜間遺尿	
I208			夜間狭心症	
R060			夜間呼吸困難	
J459			夜間性喘息	
R05			夜間咳	
F059			夜間せん妄	
R35			夜間多尿	
E162			夜間低血糖症	
R35			夜間頻尿症	
R42			夜間めまい	
M759			野球肩	
M7702			野球肘	
S636			野球指	
F514			夜驚症	
K259			薬剤性胃潰瘍	
M6289			薬剤性横紋筋融解症	
L270			薬剤性過敏症症候群	
D70			薬剤性顆粒球減少症	
J704			薬剤性間質性肺炎	
D695			薬剤性血小板減少性紫斑病	
K711			薬剤性劇症肝炎	
E722			薬剤性高アンモニア血症	
E078			薬剤性甲状腺機能障害	
E032			薬剤性甲状腺機能低下症	
D592			薬剤性酵素欠乏性貧血	
E221			薬剤性高プロラクチン血症	
M8359			薬剤性骨軟化症	
D611			薬剤性再生不良性貧血	
K221			薬剤性食道潰瘍	
D590			薬剤性自己免疫性溶血性貧血	
N142			薬剤性腎障害	
K853			薬剤性膵炎	
K521			薬剤性大腸炎	
K521			薬剤性腸炎	
M1029			薬剤性痛風	
I952			薬剤性低血圧症	
D642			薬剤性鉄芽球性貧血	
E13			薬剤性糖尿病	
E133			薬剤性糖尿病・眼合併症あり	
E131			薬剤性糖尿病・ケトアシドーシス合併あり	
E130			薬剤性糖尿病・昏睡合併あり	
E134			薬剤性糖尿病・神経学的合併症あり	
E132			薬剤性糖尿病・腎合併症あり	
E137			薬剤性糖尿病・多発糖尿病性合併症あり	
E136			薬剤性糖尿病・糖尿病性合併症あり	
E139			薬剤性糖尿病・糖尿病性合併症なし	
E135			薬剤性糖尿病・末梢循環合併症あり	
G211			薬剤性パーキンソン症候群	
K590			薬剤性便秘症	
D592			薬剤性溶血性貧血	
D521			薬剤性葉酸欠乏性貧血	
M310			薬剤誘発性過敏性血管炎	
L105			薬剤誘発性天疱瘡	
M320			薬剤誘発性ループス	
T509			薬剤漏出性皮膚障害	
T304			薬傷	
L270			薬疹	
K318			薬物胃障害	
F192			薬物依存	
T887			薬物過敏症	
F193			薬物禁断症候群	
F191			薬物誤用	
F197			薬物嗜癖抑うつ状態	
I458			薬物性ＱＴ延長症候群	
E872			薬物性アシドーシス	
H162			薬物性角結膜炎	
H168			薬物性角膜炎	
K716			薬物性肝炎	
K717			薬物性肝硬変	
K719			薬物性肝障害	
H010			薬物性眼瞼炎	
H102			薬物性結膜炎	
K117			薬物性口腔乾燥症	
L271			薬物性口唇炎	
K032			薬物性歯酸蝕症	
K061			薬物性歯肉肥大	
T886			薬物性ショック	
I427			薬物性心筋症	
N142			薬物性腎障害	
L508			薬物性じんま疹	
F199			薬物性精神障害	
L251			薬物性接触性皮膚炎	
L681			薬物性多毛	
H263			薬物性白内障	
L561			薬物性光アレルギー性反応	
L560			薬物性光毒性反応	
T509			薬物中毒症	
G405			薬物てんかん	
R502			薬物熱	
E231			薬物誘発性下垂体機能低下症	
G711			薬物誘発性筋強直症	
E242			薬物誘発性クッシング症候群	
M8149			薬物誘発性骨粗鬆症	
M804			薬物誘発性骨粗鬆症・病的骨折あり	
G251			薬物誘発性振戦	
G240			薬物誘発性ジストニア	
G620			薬物誘発性多発ニューロパチー	
L640			薬物誘発性男性ホルモン性脱毛症	
E661			薬物誘発性肥満症	
G254			薬物誘発性舞踏病	
G958			薬物誘発性ミエロパチー	
G253			薬物誘発性ミオクローヌス	
G720			薬物誘発性ミオパチー	
H406			薬物誘発性緑内障	
F191			薬物乱用	
G444			薬物乱用頭痛	
R634			やせ	
A219			野兎病	
F980			夜尿症	
B088			ヤバポックスウイルス疾患	
H536			夜盲症	
B662			槍形吸虫感染症	
Q870			ヤング・シンプソン症候群	
E754			ヤンスキー・ビールショウスキー病	
C419			ユーイング肉腫	
R208			湯あたり	
Q824			有汗性外胚葉形成異常症	
T789			有害作用	
T561			有機水銀中毒	
C449			有棘細胞癌	
E786			有棘赤血球舞踏病	
F181			有機溶剤吸引	
T529			有機溶剤の毒作用	
T600			有機リン中毒	
D252			有茎性漿膜下子宮筋腫	
D252			有茎性漿膜下子宮筋腫茎捻転	
S6211			有鉤骨開放骨折	
S6210			有鉤骨鉤骨折	
S6210			有鉤骨骨折	
B680			有鉤条虫症	
Q631			融合腎	
L83			融合性細網状乳頭腫症	
Q915			有糸分裂性不分離トリソミー１３	
Q911			有糸分裂性不分離トリソミー１８	
Q901			有糸分裂性不分離トリソミー２１	
K296			疣状胃炎	
D229			疣状色素性母斑	
B430			疣状皮膚炎	
G608			優性遺伝性感覚性ニューロパチー	
Q812			優性栄養障害型先天性表皮水疱症	
B07			疣贅	
N288			遊走腎	
R091			遊走性胸膜炎	
I821			遊走性血栓性静脈炎	
A260			遊走性紅斑	
G401			遊走性焦点発作を伴う乳児てんかん	
Q552			遊走精巣	
Q441			遊走胆のう	
R200			有痛性感覚脱失	
Q668			有痛性外脛骨	
R252			有痛性筋痙攣	
M2199			有痛性拘縮	
R300			有痛性排尿困難	
R229			有痛性皮下結節	
M2147			有痛性扁平足	
N483			有痛性勃起	
E882			有痛性リポマトーシス	
S6211			有頭骨開放骨折	
S6210			有頭骨骨折	
D229			有毛性母斑細胞母斑	
C164			幽門癌	
K311			幽門狭窄症	
K313			幽門痙攣	
C163			幽門前庭部癌	
K317			幽門部ポリープ	
K311			幽門閉鎖	
E771			遊離シアル酸蓄積症	
J708			輸血関連急性肺障害	
T808			輸血後ＧＶＨＤ	
B199			輸血後肝炎	
B199			輸血後肝障害	
T806			輸血後じんま疹	
E831			輸血後鉄過剰症	
T805			輸血によるショック	
T809			輸血反応	
K002			癒合歯	
Q702			癒合趾	
Q700			癒合指	
M4329			癒合椎	
L241			油脂刺激性接触皮膚炎	
K002			癒着歯	
K565			癒着性イレウス	
M750			癒着性肩関節包炎	
R091			癒着性胸膜炎	
G039			癒着性くも膜炎	
I310			癒着性心膜炎	
H741			癒着性中耳炎	
O720			癒着胎盤	
O730			癒着胎盤・出血を伴わない	
H170			癒着白斑	
K918			輸入脚症候群	
F988			指しゃぶり	
T887			ヨード過敏症	
E018			ヨード欠乏性甲状腺機能低下症	
T886			ヨードショック	
L029			よう	
J90			葉間胸水	
K028			要観察歯	
M7615			腰筋腱炎	
S390			腰筋損傷	
M7918			腰筋痛症	
D593			溶血性尿毒症症候群	
D599			溶血性貧血	
D528			溶血性貧血に伴う葉酸欠乏症	
H405			溶血緑内障	
E538			葉酸欠乏症	
D529			葉酸欠乏性貧血	
E538			葉酸先天代謝異常	
L242			溶剤刺激性接触皮膚炎	
L282			痒疹	
F988			幼児オナニー	
R568			幼児痙攣	
F488			幼児神経症	
D180			幼児性血管腫	
Q802			葉状魚鱗癬	
D486			葉状腫瘍	
O410			羊水過少症	
O40			羊水過多症	
O411			羊水感染症	
O418			羊水混濁	
O681			羊水混濁を合併する分娩	
O881			羊水塞栓症	
P241			羊水大量吸引症候群	
O429			羊水漏出	
G952			腰髄圧迫症	
S341			腰髄損傷	
Q057			腰髄膜瘤破裂	
S335			腰仙関節ストレイン	
S335			腰仙関節捻挫	
G541			腰仙神経叢障害	
S344			腰仙神経叢損傷	
G544			腰仙髄神経根障害	
S3281			腰仙椎開放骨折	
M519			腰仙椎間板障害	
S3280			腰仙椎骨折	
Q764			腰仙部移行椎	
M4637			腰仙部化膿性椎間板炎	
Q764			腰仙部奇形	
D171			腰仙部血管脂肪腫	
S300			腰仙部挫傷	
D171			腰仙部脂肪腫	
M5417			腰仙部神経根炎	
Q079			腰仙部神経根奇形	
Q057			腰仙部脊椎破裂	
S300			腰仙部打撲傷	
M512			腰仙部椎間板ヘルニア	
Q057			腰仙部皮膚洞	
R208			腰足知覚障害	
R628			幼稚症	
C412			腰椎悪性腫瘍	
S3200			腰椎圧迫骨折	
M4696			腰椎炎	
M4886			腰椎黄色靱帯骨化症	
S3201			腰椎横突起開放骨折	
S3200			腰椎横突起骨折	
S3201			腰椎開放骨折	
S3201			腰椎開放性脱臼骨折	
M4656			腰椎化膿性脊椎炎	
M4636			腰椎化膿性椎間板炎	
Q764			腰椎奇形	
S335			腰椎棘間靱帯損傷	
S3201			腰椎棘突起開放骨折	
S3200			腰椎棘突起骨折	
M8418			腰椎偽関節	
A180			腰椎結核	
M4886			腰椎後縦靱帯骨化症	
M4316			腰椎後方すべり症	
S341			腰椎硬膜外血腫	
M4026			腰椎後弯	
S3200			腰椎骨折	
M4626			腰椎骨髄炎	
C412			腰椎骨肉腫	
S3270			腰椎骨盤多発骨折	
M511			腰椎坐骨神経痛	
M514			腰椎シュモール結節	
D480			腰椎腫瘍	
M4786			腰椎症	
M4716			腰椎症性脊髄症	
S342			腰椎神経根損傷	
S335			腰椎ストレイン	
M4316			腰椎すべり症	
C412			腰椎脊索腫	
G971			腰椎穿刺後頭痛	
Q764			腰椎仙椎化	
M4056			腰椎前弯	
M4196			腰椎側弯症	
S320			腰椎損傷	
S3270			腰椎多発圧迫骨折	
S3270			腰椎多発骨折	
S331			腰椎脱臼	
S3200			腰椎脱臼骨折	
T911			腰椎陳旧性圧迫骨折	
M4886			腰椎椎間関節のう腫	
M4646			腰椎椎間板炎	
M519			腰椎椎間板症	
M9973			腰椎椎間板性椎間孔狭窄症	
S330			腰椎椎間板断裂	
M512			腰椎椎間板ヘルニア	
M513			腰椎椎間板変性症	
S3201			腰椎椎弓開放骨折	
S3200			腰椎椎弓骨折	
S3201			腰椎椎体開放骨折	
S3200			腰椎椎体骨折	
C795			腰椎転移	
C412			腰椎軟骨肉腫	
S335			腰椎捻挫	
S3200			腰椎破裂骨折	
M8448			腰椎病的骨折	
M5326			腰椎不安定症	
S3200			腰椎不顕性骨折	
S3200			腰椎不全骨折	
S300			腰椎部挫傷	
D487			腰椎部腫瘍	
M4306			腰椎分離症	
M4316			腰椎分離すべり症	
M4316			腰椎変性すべり症	
Q764			腰椎扁平椎	
D166			腰椎良性腫瘍	
M4396			腰椎弯曲症	
M5446			腰痛坐骨神経痛症候群	
M5456			腰痛症	
S300			腰殿部挫傷	
B029			腰殿部帯状疱疹	
S300			腰殿部打撲傷	
M5456			腰殿部痛	
M7918			腰背筋痛症	
S300			腰背部挫傷	
S300			腰背部打撲傷	
M7928			腰皮神経痛	
B029			腰腹帯状疱疹	
M5456			腰腹痛	
C435			腰部悪性黒色腫	
C496			腰部悪性線維性組織球腫	
C445			腰部基底細胞癌	
T001			腰部胸部打撲	
M7298			腰部筋筋膜炎	
M7958			腰部筋肉内異物残留	
T008			腰部頚部挫傷	
D171			腰部血管脂肪腫	
D180			腰部血管腫	
S300			腰部骨盤部挫傷	
S300			腰部挫傷	
T910			腰部挫傷後遺症	
D171			腰部脂肪腫	
C496			腰部脂肪肉腫	
R222			腰部腫瘤	
M5416			腰部神経根炎	
L400			腰部尋常性乾癬	
G959			腰部脊髄症	
M4806			腰部脊柱管狭窄症	
S310			腰部切創	
S399			腰部損傷	
T211			腰部第１度熱傷	
T212			腰部第２度熱傷	
T213			腰部第３度熱傷	
S397			腰部打撲挫創	
S300			腰部打撲傷	
M511			腰部椎間板症性神経根症	
M510			腰部椎間板症性脊髄症	
M511			腰部椎間板ヘルニアによる神経根症	
M510			腰部椎間板ヘルニアによる脊髄症	
T210			腰部熱傷	
T918			腰部捻挫後遺症	
L022			腰部膿瘍	
B356			腰部白癬	
R233			腰部皮下出血	
C445			腰部皮膚癌	
D235			腰部皮膚良性腫瘍	
D045			腰部ボーエン病	
C445			腰部有棘細胞癌	
K458			腰ヘルニア	
T882			腰麻ショック	
N009			溶連菌感染後急性糸球体腎炎	
A491			溶連菌感染症	
A409			溶連菌敗血症	
F341			抑うつ神経症	
F920			抑うつ性素行障害	
F341			抑うつ性パーソナリティ障害	
Q183			翼状頚	
M2181			翼状肩甲骨	
M2181			翼状肩甲症	
H110			翼状片	
B668			横川吸虫症	
B529			四日熱マラリア	
F514			夜なき	
Z269			予防接種	
M0229			予防接種後関節障害	
T880			予防接種後感染症	
G040			予防接種後脳炎	
G040			予防接種後脳脊髄炎	
T880			予防接種後敗血症	
T881			予防接種後発熱	
T881			予防接種副反応	
R42			よろめき感	
R260			よろめき歩行	
T430			四環系抗うつ薬中毒	
Q872			ラーセン症候群	
I469			来院時心肺停止	
L512			ライエル症候群	
L512			ライエル症候群型薬疹	
T750			雷撃	
G937			ライ症候群	
A308			らい性結節性紅斑	
M0239			ライター症候群	
N258			ライトウッド・オルブライト症候群	
J206			ライノウイルス気管支炎	
E345			ライフェンシュタイン症候群	
A692			ライム病	
A692			ライム病関節炎	
A692			ライム病髄膜炎	
A692			ライム病性多発ニューロパチー	
T465			ラウオルフィア中毒	
R098			ラ音	
L309			落屑性湿疹	
R21			落屑性皮疹	
H405			落屑緑内障	
I638			ラクナ梗塞	
L102			落葉状天疱瘡	
A835			ラクロス脳炎	
G048			ラスムッセン脳炎	
T1420			らせん骨折	
K224			螺旋状食道	
A962			ラッサ熱	
Q871			ラッセル・シルバー症候群	
T784			ラテックスアレルギー	
E236			ラトケのう胞	
G403			ラフォラ病	
K449			ラリー孔ヘルニア	
F800			ラリング	
E343			ラロン型低身長症	
Q211			卵円孔開存症	
H355			卵黄状黄斑ジストロフィー	
C809			卵黄のう腫瘍	
N709			卵管炎	
O001			卵管間質部妊娠	
C570			卵管癌	
N971			卵管機能異常	
N971			卵管狭窄症	
O001			卵管峡部妊娠	
D282			卵管筋腫	
N838			卵管痙攣	
Z907			卵管欠損	
Q504			卵管采のう胞	
N802			卵管子宮内膜症	
N709			卵管周囲炎	
D397			卵管腫瘍	
N971			卵管性不妊症	
D282			卵管線維腫	
S375			卵管損傷	
S3751			卵管損傷・骨盤腔に達する開放創合併あり	
S3750			卵管損傷・骨盤腔に達する開放創合併なし	
N971			卵管通過障害	
O001			卵管妊娠	
O001			卵管妊娠破裂	
N835			卵管捻転	
N838			卵管破裂	
Q506			卵管閉鎖	
N971			卵管閉塞	
O001			卵管膨大部妊娠	
N736			卵管癒着	
N709			卵管卵巣膿瘍	
N836			卵管留血腫	
O001			卵管流産	
N701			卵管留水症	
N709			卵管留膿症	
D282			卵管良性腫瘍	
Q875			ランガー・ギデオン症候群	
B530			卵形マラリア	
I458			ランゲニールセン症候群	
C966			ランゲルハンス細胞組織球症	
H522			乱視	
Q560			卵精巣	
Q560			卵精巣性性分化疾患	
B662			ランセット吸虫症	
C56			卵巣悪性腫瘍	
N833			卵巣萎縮	
N709			卵巣炎	
N981			卵巣過剰刺激症候群	
D391			卵巣顆粒膜細胞腫	
C56			卵巣カルチノイド	
C56			卵巣癌	
C799			卵巣癌全身転移	
C56			卵巣癌肉腫	
D27			卵巣奇形腫	
E289			卵巣機能異常	
E288			卵巣機能亢進症	
E289			卵巣機能障害	
G318			卵巣機能障害を伴う進行性白質脳症	
E283			卵巣機能不全	
D391			卵巣境界悪性腫瘍	
D27			卵巣莢膜細胞腫	
Q503			卵巣形成不全	
N835			卵巣茎捻転	
Z907			卵巣欠損	
E283			卵巣欠落症状	
D27			卵巣甲状腺腫	
D391			卵巣甲状腺腫性カルチノイド	
N801			卵巣子宮内膜症	
N801			卵巣子宮内膜症のう胞	
N709			卵巣周囲炎	
N838			卵巣出血	
D391			卵巣腫瘍	
O348			卵巣腫瘍合併妊娠	
D27			卵巣腫瘍茎捻転	
D391			卵巣腫瘍破裂	
N839			卵巣腫瘤	
D391			卵巣漿液性境界悪性腫瘍	
C56			卵巣漿液性腺癌	
D27			卵巣漿液性腺腫	
C56			卵巣小細胞癌	
C56			卵巣絨毛癌	
Q505			卵巣上体のう胞	
S358			卵巣静脈損傷	
D391			卵巣性索間質性腫瘍	
D27			卵巣成熟奇形腫	
D27			卵巣成熟のう胞性奇形腫	
C56			卵巣成熟のう胞性奇形腫・悪性転化	
Q560			卵巣精巣	
N970			卵巣性不妊症	
E288			卵巣性無月経	
D27			卵巣線維腫	
Q503			卵巣先天異常	
S374			卵巣損傷	
S3741			卵巣損傷・骨盤腔に達する開放創合併あり	
S3740			卵巣損傷・骨盤腔に達する開放創合併なし	
C56			卵巣胎児性癌	
N832			卵巣貯留のう胞	
N948			卵巣痛	
E894			卵巣摘出後遺症	
M8119			卵巣摘出術後骨粗鬆症	
M801			卵巣摘出術後骨粗鬆症・病的骨折あり	
S358			卵巣動脈損傷	
C56			卵巣肉腫	
O002			卵巣妊娠	
D391			卵巣粘液性境界悪性腫瘍	
C56			卵巣粘液性腺癌	
D27			卵巣粘液性腺腫	
N835			卵巣捻転	
D27			卵巣のう腫	
D27			卵巣のう腫茎捻転	
O655			卵巣のう腫による分娩停止	
D27			卵巣のう腫破裂	
N832			卵巣のう胞	
N709			卵巣膿瘍	
C56			卵巣胚細胞腫瘍	
E283			卵巣発育不全	
N838			卵巣破裂	
D27			卵巣ブレンナー腫瘍	
N834			卵巣ヘルニア	
C56			卵巣扁平上皮癌	
C56			卵巣未熟奇形腫	
C56			卵巣未分化胚細胞腫	
C56			卵巣明細胞腺癌	
D27			卵巣門細胞腫	
C56			卵巣卵黄のう腫瘍	
N709			卵巣卵管周囲炎	
N830			卵巣卵胞のう胞	
D27			卵巣良性腫瘍	
C56			卵巣類内膜腺癌	
F803			ランドウ・クレフナー症候群	
A071			ランブリア症	
N830			卵胞出血	
O419			卵膜異常	
O411			卵膜炎	
O722			卵膜残留	
O731			卵膜残留・出血を伴わない	
Q138			リーガー症候群	
B559			リーシュマニア症	
G318			リー症候群	
Q447			リーデル葉	
L814			リール黒皮症	
M0620			リウマチ性滑液包炎	
L531			リウマチ性環状紅斑	
I018			リウマチ性冠状動脈炎	
M053			リウマチ性胸膜炎	
M7900			リウマチ性筋炎	
H201			リウマチ性虹彩炎	
I070			リウマチ性三尖弁狭窄症	
I079			リウマチ性三尖弁疾患	
I071			リウマチ性三尖弁閉鎖不全症	
I099			リウマチ性心炎	
I090			リウマチ性心筋炎	
I099			リウマチ性心疾患	
I099			リウマチ性心臓炎	
I091			リウマチ性心臓弁膜症	
I099			リウマチ性心不全	
I091			リウマチ性心弁膜炎	
I010			リウマチ性心膜炎	
I059			リウマチ性僧帽弁疾患	
I051			リウマチ性僧帽弁閉鎖不全症	
M353			リウマチ性多発筋痛	
I062			リウマチ性大動脈弁狭窄兼閉鎖不全症	
I060			リウマチ性大動脈弁狭窄症	
I069			リウマチ性大動脈弁疾患	
I061			リウマチ性大動脈弁閉鎖不全症	
M0510			リウマチ性肺疾患	
M0630			リウマチ性皮下結節	
I029			リウマチ性舞踏病	
I092			リウマチ性癒着性心膜炎	
I00			リウマチ熱	
M1200			リウマチ熱後慢性関節障害	
R768			リウマチ反応陽性	
M0690			リウマチ様関節炎	
M0520			リウマトイド血管炎	
M45-0			リウマトイド脊椎炎	
I470			リエントリー性心室性不整脈	
T1420			離開骨折	
K140			リガ・フェーデ病	
A799			リケッチア感染症	
Q388			梨状窩瘻	
C12			梨状陥凹癌	
G570			梨状筋症候群	
F481			離人・現実感喪失症候群	
F481			離人症	
E723			リジン尿性蛋白不耐症	
A329			リステリア症	
A328			リステリア性心内膜炎	
A321			リステリア性髄膜炎	
A321			リステリア性髄膜脳炎	
A321			リステリア性脊髄炎	
A321			リステリア性脳炎	
A321			リステリア性脳脊髄炎	
A328			リステリア性脳動脈炎	
A327			リステリア性敗血症	
M1317			リスフラン関節炎	
S9231			リスフラン関節開放性脱臼骨折	
S968			リスフラン関節損傷	
S9230			リスフラン関節脱臼骨折	
S936			リスフラン関節捻挫	
Z894			リスフラン関節離断術後	
G371			離断症候群	
M932			離断性骨軟骨炎	
T435			リチウム中毒	
G809			リットル病	
T888			リップバンパー破損	
T888			リップバンパー不適合	
H55			律動性眼振	
T888			リテイナー脱離	
T888			リテイナー破損	
T888			リテイナー不適合	
N340			リトレー腺膿瘍	
I152			リドル症候群	
B348			リノウイルス感染症	
B481			リノスポリジウム症	
E788			リパーゼ欠損症	
R748			リパーゼ値異常	
E756			リピドーシス	
E878			リフィーディング症候群	
A924			リフトバレー熱	
M321			リブマン・サックス心内膜炎	
E530			リボフラビン欠乏症	
K754			リポイド肝炎	
E788			リポイドタンパク症	
J691			リポイド肺炎	
L921			リポイド類壊死症	
E881			リポジストロフィー	
E786			リポ蛋白欠乏症	
N078			リポタンパク糸球体症	
E882			リポマトーシス	
I898			リポメラニン性細網症	
T596			硫化水素中毒	
C449			隆起性皮膚線維肉腫	
A081			流行性嘔吐症	
B300			流行性角結膜炎	
B330			流行性胸膜痛	
B309			流行性結膜炎	
A985			流行性出血熱	
B269			流行性耳下腺炎	
B331			流行性多発関節炎	
A86			流行性脳炎	
A750			流行性発疹チフス	
A881			流行性めまい	
T542			硫酸中毒	
O039			流産	
O081			流産後ＤＩＣ	
O080			流産後子宮内膜炎	
O080			流産後子宮傍結合組織炎	
O084			流産後尿細管壊死	
O084			流産後尿毒症	
O080			流産後敗血症	
O080			流産後敗血症性ショック	
O084			流産後乏尿	
O084			流産後無尿	
O081			流産後無フィブリノゲン症	
O080			流産後卵管炎	
O080			流産後卵管卵巣炎	
O080			流産後卵巣炎	
A231			流産熱	
R470			流暢性失語	
H042			流涙	
Q788			流蝋骨症	
S8281			両果部開放骨折	
S8280			両果部骨折	
Q752			両眼隔離	
H542			両眼視力低下	
S498			菱形筋損傷	
S435			菱形靱帯捻挫	
I517			両室肥大	
T821			両室ペーシング機能付き植込型除細動器不全	
I509			両心不全	
K141			良性移動性舌炎	
D137			良性インスリノーマ	
K566			良性下行結腸狭窄	
N029			良性家族性血尿	
Q828			良性家族性天疱瘡	
E741			良性果糖尿症	
D190			良性胸膜中皮腫	
G933			良性筋痛性脳脊髄炎	
G938			良性くも膜下腔脳石	
D137			良性グルカゴノーマ	
N029			良性血尿	
D890			良性高グロブリン血症性紫斑病	
D239			良性黒色表皮腫	
D169			良性骨腫瘍	
D369			良性腫瘍	
D332			良性神経膠腫	
G403			良性新生児痙攣	
D197			良性心膜中皮腫	
D152			良性縦隔奇形腫	
D152			良性縦隔腫瘍	
I129			良性腎硬化症	
D137			良性膵内分泌腫瘍	
G403			良性成人型家族性ミオクローヌスてんかん	
D334			良性脊髄腫瘍	
J90			良性石綿胸水	
D750			良性赤血球増加症	
E888			良性対称性脂肪腫症	
D199			良性中皮腫	
D353			良性頭蓋咽頭腫	
G932			良性頭蓋内圧亢進症	
D219			良性軟部腫瘍	
G403			良性乳児ミオクローヌスてんかん	
N609			良性乳房異形成症	
L121			良性粘膜類天疱瘡	
K831			良性反復性肝内胆汁うっ滞症	
N029			良性反復性血尿	
D350			良性副腎皮質腫瘍	
D191			良性腹膜中皮腫	
G243			良性発作性斜頚	
H811			良性発作性頭位めまい症	
H811			良性発作性めまい	
H661			良性慢性化膿性中耳炎	
F641			両性役割服装倒錯症	
D24			良性葉状腫瘍	
T0251			両側下肢多発開放骨折	
T0250			両側下肢多発骨折	
K402			両側外鼡径ヘルニア	
T0241			両側上肢多発開放骨折	
T0240			両側上肢多発骨折	
N133			両側水腎症	
N133			両側水腎水尿管症	
G803			両側性アテトーシス	
H903			両側性感音難聴	
Q360			両側性完全唇裂	
M164			両側性外傷後股関節症	
M172			両側性外傷後膝関節症	
M182			両側性外傷性母指ＣＭ関節症	
M162			両側性形成不全性股関節症	
M160			両側性原発性股関節症	
M170			両側性原発性膝関節症	
M180			両側性原発性母指ＣＭ関節症	
H903			両側性高音障害急墜型感音難聴	
H903			両側性高音障害漸傾型感音難聴	
H906			両側性混合性難聴	
Q378			両側性唇・粘膜下口蓋裂	
Q378			両側性唇顎・粘膜下口蓋裂	
Q378			両側性唇顎口蓋裂	
Q370			両側性唇顎硬口蓋裂	
Q374			両側性唇顎硬軟口蓋裂	
Q372			両側性唇顎軟口蓋裂	
Q378			両側性唇顎裂	
Q378			両側性唇口蓋垂裂	
Q378			両側性唇口蓋裂	
Q370			両側性唇硬口蓋裂	
Q374			両側性唇硬軟口蓋裂	
Q372			両側性唇軟口蓋裂	
Q360			両側性唇裂	
Q601			両側性腎無発生	
Q654			両側性先天性股関節亜脱臼	
Q651			両側性先天性股関節脱臼	
M166			両側性続発性股関節症	
M174			両側性続発性膝関節症	
M184			両側性続発性母指ＣＭ関節症	
Q532			両側性停留精巣	
H900			両側性伝音難聴	
G522			両側性反回神経麻痺	
Q360			両側性不完全唇裂	
N271			両側性矮小腎	
K402			両側鼡径ヘルニア	
K412			両側大腿ヘルニア	
K402			両側内鼡径ヘルニア	
R590			両側肺門リンパ節腫脹	
Q201			両大血管右室起始症	
Q202			両大血管左室起始症	
R195			緑色便	
H409			緑内障	
Z988			緑内障術後	
H409			緑内障性乳頭陥凹	
H262			緑内障性斑紋	
H262			緑内障斑	
A498			緑膿菌感染症	
G008			緑膿菌髄膜炎	
H602			緑膿菌性外耳炎	
P235			緑膿菌性先天性肺炎	
A048			緑膿菌性腸炎	
J151			緑膿菌肺炎	
T888			リンガルアーチ脱離	
T888			リンガルアーチ破損	
T888			リンガルアーチ不適合	
T888			リンガルバー脱離	
T888			リンガルバー破損	
T888			リンガルバー不適合	
T888			リンガルブラケット装置脱離	
T888			リンガルブラケット装置破損	
T888			リンガルブラケット装置不適合	
A545			淋菌性咽頭炎	
A544			淋菌性滑膜炎	
A544			淋菌性関節炎	
A540			淋菌性外陰炎	
A540			淋菌性外陰腟炎	
A540			淋菌性亀頭炎	
A543			淋菌性結膜炎	
A544			淋菌性腱滑膜炎	
A543			淋菌性虹彩毛様体炎	
A548			淋菌性口内炎	
A544			淋菌性骨髄炎	
A540			淋菌性子宮頚管炎	
A548			淋菌性心筋炎	
A548			淋菌性心内膜炎	
A548			淋菌性心膜炎	
A542			淋菌性女性骨盤炎	
A548			淋菌性髄膜炎	
A542			淋菌性精巣炎	
A542			淋菌性精巣上体炎	
A542			淋菌性前立腺炎	
A540			淋菌性腟炎	
A540			淋菌性尿道炎	
A540			淋菌性尿道狭窄	
A548			淋菌性脳膿瘍	
A548			淋菌性肺炎	
A548			淋菌性敗血症	
A541			淋菌性バルトリン腺膿瘍	
A548			淋菌性腹膜炎	
A540			淋菌性膀胱炎	
A542			淋菌性卵管炎	
Q932			リング１８症候群	
N250			リン酸喪失性尿細管障害	
D392			臨床的侵入奇胎	
H534			輪状暗点	
R13			輪状咽頭筋機能不全	
H185			輪状角膜ジストロフィー	
S135			輪状甲状関節捻挫	
C130			輪状後部癌	
L309			鱗状湿疹	
Q451			輪状膵	
Q318			輪状軟骨欠損	
Q318			輪状軟骨後部裂	
Q318			輪状軟骨閉鎖	
S135			輪状披裂関節捻挫	
H350			輪状網膜症	
R234			鱗屑	
K030			隣接面咬耗	
E833			リン代謝障害	
C809			リンチ症候群	
T571			リン中毒	
I891			リンパ管炎	
I890			リンパ管拡張症	
D181			リンパ管腫	
M8950			リンパ管腫症	
C499			リンパ管肉腫	
B421			リンパ管皮膚型スポロトリコーシス	
C835			リンパ芽球性リンパ腫	
D728			リンパ球異常	
C813			リンパ球減少型古典的ホジキンリンパ腫	
D728			リンパ球減少症	
E236			リンパ球性下垂体炎	
J841			リンパ球性間質性肺炎	
A872			リンパ球性脈絡髄膜炎	
D728			リンパ球性類白血病反応	
D728			リンパ球増加症	
C814			リンパ球豊富型古典的ホジキンリンパ腫	
C830			リンパ形質細胞性リンパ腫	
C859			リンパ腫	
D763			リンパ腫関連血球貪食症候群	
C866			リンパ腫様丘疹症	
C838			リンパ腫様肉芽腫症	
K098			リンパ上皮性のう胞	
C919			リンパ性白血病	
C795			リンパ性白血病骨髄浸潤	
I889			リンパ節炎	
D861			リンパ節サルコイドーシス	
D487			リンパ節腫	
R599			リンパ節腫大	
D487			リンパ節腫瘍	
R591			リンパ節症	
C779			リンパ節転移	
D360			リンパ節良性腫瘍	
D360			リンパ腺混合腫瘍	
D728			リンパ組織球増多症	
I890			リンパ浮腫	
D219			リンパ脈管筋腫症	
I898			リンパ瘤	
I898			リンパ漏	
A549			淋病	
H161			輪紋状角膜炎	
G600			ルーシー・レヴィー症候群	
D686			ループスアンチコアグラント	
M321			ループス胸膜炎	
D688			ループス血小板減少症	
M321			ループス腎炎	
M321			ループス腸炎	
M321			ループス肺炎	
M321			ループス膀胱炎	
H042			涙液分泌過多	
H041			涙液分泌不全	
E291			類宦官症	
H046			涙管腫	
L419			類乾癬	
S058			涙管損傷	
S058			涙管断裂	
D315			涙管粘液のう胞腫	
Q106			涙器先天異常	
D315			涙器粘液のう胞腫	
D169			類骨骨腫	
H043			涙小管炎	
H045			涙小管狭窄	
H045			涙小管結石症	
H044			涙小管のう胞	
H045			涙小管閉塞症	
H046			涙小管瘻	
D489			類上皮血管筋脂肪腫	
L929			類上皮細胞肉芽腫	
C499			類上皮肉腫	
H041			涙腺萎縮	
H040			涙腺炎	
D487			涙腺腫瘍	
H041			涙腺粘液のう胞	
D315			涙腺粘液のう胞腫	
H041			涙腺のう腫	
H040			涙腺肥大	
E41			るいそう	
L280			類苔癬	
A269			類丹毒	
A267			類丹毒性敗血症	
H045			涙点外反	
Q104			涙点欠損症	
T158			涙点内異物	
H045			涙点閉塞症	
L129			類天疱瘡	
H045			涙道狭窄	
S058			涙道損傷	
H045			涙道閉塞症	
H046			涙道瘻	
H043			涙のう炎	
H043			涙のう周囲炎	
H043			涙のう周囲膿瘍	
D180			涙のう部血管腫	
D487			涙のう部腫瘍	
H046			涙のう瘻	
D728			類白血病反応	
L729			類皮腫	
D369			類皮のう胞	
A244			類鼻疽	
A241			類鼻疽肺炎	
A241			類鼻疽敗血症	
Q872			ルビンスタイン・ティビ症候群	
S0241			ルフォー１型開放骨折	
S0240			ルフォー１型骨折	
S0241			ルフォー２型開放骨折	
S0240			ルフォー２型骨折	
S0241			ルフォー３型開放骨折	
S0240			ルフォー３型骨折	
I740			ルリッシュ症候群	
L82			レーザー・トルラ症候群	
H472			レーベル遺伝性視神経症	
G500			レイダー傍三叉神経症候群	
I730			レイノー現象	
I730			レイノー症候群	
I730			レイノー病	
Q878			レオパード症候群	
T147			轢過創	
A481			レジオネラ症	
A481			レジオネラ肺炎	
T888			レジン前装金属冠過高	
T888			レジン前装金属冠前装部脱離	
T888			レジン前装金属冠前装部破損	
T888			レジン前装金属冠前装部不適合	
T888			レジン前装金属冠粗造	
T888			レジン前装金属冠脱離	
T888			レジン前装金属冠低位	
T888			レジン前装金属冠破損	
T888			レジン前装金属冠不適合	
T888			レスト破損	
K602			裂肛	
H330			裂孔原性網膜剥離	
Q302			裂溝性鼻	
E791			レッシュ・ナイハン症候群	
T141			裂傷	
G608			劣性遺伝性感覚性ニューロパチー	
Q812			劣性栄養障害型先天性表皮水疱症	
T141			裂創	
Q727			裂足	
C960			レッテラー・ジーベ病	
B700			裂頭条虫症	
F842			レット症候群	
Q716			裂手	
Q825			列序性母斑	
Q046			裂脳症	
T147			裂離	
T1420			裂離骨折	
B333			レトロウイルス感染症	
G404			レノックス・ガストー症候群	
G318			レビー小体型認知症	
G601			レフサム病	
J82			レフレル症候群	
I423			レフレル心筋炎	
I423			レフレル心内膜炎	
A279			レプトスピラ症	
A279			レプトスピラ性髄膜炎	
I808			レミエール症候群	
G478			レム睡眠行動障害	
Q778			レリー・ワイル症候群	
H813			レルモワイエ症候群	
T888			連結冠過高	
T888			連結冠粗造	
T888			連結冠脱離	
T888			連結冠低位	
T888			連結冠破損	
T888			連結冠不適合	
I089			連合弁膜症	
A491			連鎖球菌感染症	
J041			連鎖球菌気管炎	
J202			連鎖球菌気管支炎	
I740			連鎖球菌症候群	
A058			連鎖球菌食中毒	
J020			連鎖球菌性アンギナ	
J020			連鎖球菌性咽頭炎	
M0029			連鎖球菌性関節炎	
J90			連鎖球菌性胸膜炎	
J040			連鎖球菌性喉頭炎	
J042			連鎖球菌性喉頭気管炎	
I330			連鎖球菌性心内膜炎	
I301			連鎖球菌性心膜炎	
J069			連鎖球菌性上気道感染	
G002			連鎖球菌性髄膜炎	
L010			連鎖球菌性膿痂疹	
L100			連鎖球菌性膿瘍疹	
A409			連鎖球菌性敗血症	
J030			連鎖球菌性扁桃炎	
J154			連鎖球菌肺炎	
Q841			連珠毛	
E830			レンズ核変性	
R011			連続性雑音	
C844			レンネルトリンパ腫	
K571			レンメル症候群	
D681			ローゼンタール病	
E806			ローター症候群	
B561			ローデシアトリパノソーマ症	
E230			ローラン症候群	
Q878			ローレンス・ムーン症候群	
B743			ロア糸状虫症	
E711			ロイシン過敏性低血糖症	
Q875			ロイス・ディーツ症候群	
H919			聾	
H913			聾唖	
R54			老化	
I208			労作時兼安静時狭心症	
R060			労作時呼吸困難	
I208			労作性狭心症	
R55			労作性失神	
H524			老視	
J90			漏出性胸水	
E720			ロウ症候群	
E720			ロウ症候群緑内障	
F988			弄唇癖	
H184			老人環	
Z000			老人健診	
E858			老人性ＴＴＲアミロイドーシス	
E858			老人性アミロイドーシス	
R54			老人性萎縮	
J690			老人性嚥下性肺炎	
M4029			老人性円背	
M4380			老人性角状後弯	
M1999			老人性関節炎	
L853			老人性乾皮症	
N762			老人性外陰炎	
H021			老人性眼瞼外反症	
H020			老人性眼瞼内反症	
J42			老人性気管支炎	
I781			老人性血管腫	
H118			老人性結膜萎縮	
M8989			老人性骨萎縮症	
M8319			老人性骨軟化症	
L574			老人性弛緩性皮膚	
L811			老人性色素斑	
D239			老人性脂腺増殖症	
D692			老人性紫斑	
H250			老人性初発白内障	
F488			老人性神経症	
R54			老人性弱質	
L659			老人性脱毛症	
L574			老人性弾力線維症	
G311			老人性脳変性	
J189			老人性肺炎	
J439			老人性肺気腫	
L80			老人性白斑	
L908			老人性皮膚萎縮症	
D649			老人性貧血	
G255			老人性舞踏病	
R54			老人性無力症	
F059			老人性夜間せん妄	
R54			老衰	
F988			弄舌癖	
Q676			漏斗胸	
F03			老年期うつ病	
F432			老年期適応障害	
F03			老年期認知症	
F03			老年期認知症妄想型	
F03			老年期認知症抑うつ型	
F03			老年期妄想状態	
M169			老年性股関節症	
M8189			老年性骨粗鬆症	
M8085			老年性骨粗鬆症・骨盤部病的骨折あり	
M8088			老年性骨粗鬆症・脊椎病的骨折あり	
M8083			老年性骨粗鬆症・前腕病的骨折あり	
M8080			老年性骨粗鬆症・多発病的骨折あり	
M8085			老年性骨粗鬆症・大腿部病的骨折あり	
M808			老年性骨粗鬆症・病的骨折あり	
D699			老年性出血	
R54			老年性振戦	
F03			老年精神病	
L298			老年性そう痒症	
H911			老年性難聴	
L814			老年性黒子	
R54			老令	
K225			ロキタンスキー憩室	
C413			肋軟骨悪性腫瘍	
M9408			肋軟骨炎	
S2231			肋軟骨開放骨折	
S2230			肋軟骨骨折	
D480			肋軟骨腫瘍	
S299			肋軟骨損傷	
S202			肋軟骨部挫傷	
S202			肋軟骨部打撲	
S202			肋軟骨部打撲挫傷	
R073			肋軟骨部痛	
T058			肋軟骨離断	
D167			肋軟骨良性腫瘍	
M9488			肋軟骨肋骨移行部痛	
A985			ロシア出血熱	
A840			ロシア春夏脳炎	
A836			ロシオウイルス病	
F652			露出症	
R18			濾出性腹水	
D816			露出リンパ球症候群	
Q210			ロジェー病	
Q828			ロスムンド・トムソン症候群	
A080			ロタウイルス感染症	
A080			ロタウイルス性胃腸炎	
A080			ロタウイルス性胃腸炎に伴う痙攣	
A080			ロタウイルス性腸炎	
A080			ロタウイルス脳症	
S290			肋間筋挫傷	
S290			肋間筋損傷	
S290			肋間筋断裂	
M7918			肋間筋肉痛	
S290			肋間筋不全断裂	
S255			肋間血管損傷	
M5414			肋間神経根炎	
G580			肋間神経痛	
G580			肋間神経麻痺	
S255			肋間静脈損傷	
R073			肋間痛	
S255			肋間動静脈損傷	
S255			肋間動脈損傷	
I728			肋間動脈瘤	
A770			ロッキー山紅斑熱	
C413			肋骨悪性腫瘍	
Q675			肋骨異常を伴う先天性側弯症	
S2231			肋骨開放骨折	
A180			肋骨カリエス	
S298			肋骨外傷	
Q766			肋骨奇形	
S202			肋骨弓部挫傷	
S202			肋骨弓部打撲	
S202			肋骨弓部打撲挫傷	
M954			肋骨弓変形	
S2240			肋骨亀裂骨折	
S2230			肋骨骨折	
M8698			肋骨骨髄炎	
C413			肋骨骨肉腫	
M8698			肋骨周囲炎	
L022			肋骨周囲膿瘍	
D480			肋骨腫瘍	
S234			肋骨ストレイン	
M8508			肋骨線維性骨異形成症	
S298			肋骨損傷	
S2241			肋骨多発開放骨折	
S2240			肋骨多発骨折	
R073			肋骨痛	
C795			肋骨転移	
C413			肋骨軟骨肉腫	
S234			肋骨捻挫	
M8438			肋骨疲労骨折	
S2230			肋骨不顕性骨折	
S2230			肋骨不全骨折	
S298			肋骨不全損傷	
S202			肋骨部挫傷	
S202			肋骨部打撲	
S202			肋骨部打撲挫傷	
M954			肋骨変形	
C413			肋骨ユーイング肉腫	
T058			肋骨離断	
D167			肋骨良性腫瘍	
Q871			ロビノウ・シルバーマン・スミス症候群	
C964			濾胞樹状細胞腫瘍	
J312			濾胞性咽頭炎	
L400			濾胞性乾癬	
D34			濾胞性甲状腺腺腫	
C829			濾胞性リンパ腫	
C820			濾胞性リンパ腫・グレード１	
C821			濾胞性リンパ腫・グレード２	
C823			濾胞性リンパ腫・グレード３ａ	
C824			濾胞性リンパ腫・グレード３ｂ	
F070			ロボトミー症候群	
B480			ロボミコーシス	
I458			ロマノワード症候群	
K002			矮小歯	
N279			矮小腎	
T1420			若木骨折	
B080			ワクチニア	
I958			ワゴトニーによる低血圧症	
R762			ワッセルマン反応偽陽性	
B668			ワトソニア症	
D890			ワルデンストレーム高ガンマグロブリン血症	
I663			ワレンベルグ症候群	
K002			弯曲歯	
Q778			弯曲肢骨異形成症	
Q668			弯曲足	
A691			ワンサンアンギナ	
A691			ワンサン気管支炎	
A691			ワンサン扁桃炎	
S531			腕尺関節脱臼	
S143			腕神経叢損傷	
S143			腕神経叢引き抜き損傷	
S530			腕橈関節脱臼	
S253			腕頭静脈損傷	
I771			腕頭動脈狭窄	
S251			腕頭動脈損傷	
I728			腕頭動脈瘤	
T110			腕部打撲傷	
G527			ヴィラレ症候群	